[2026-04-24T10:20:19.906+0000] {processor.py:161} INFO - Started process (PID=47) to work on /opt/airflow/dags/batch_pipeline_dag.py
[2026-04-24T10:20:19.908+0000] {processor.py:830} INFO - Processing file /opt/airflow/dags/batch_pipeline_dag.py for tasks to queue
[2026-04-24T10:20:19.911+0000] {logging_mixin.py:188} INFO - [2026-04-24T10:20:19.910+0000] {dagbag.py:538} INFO - Filling up the DagBag from /opt/airflow/dags/batch_pipeline_dag.py
[2026-04-24T10:20:19.939+0000] {processor.py:840} INFO - DAG(s) 'batch_pipeline' retrieved from /opt/airflow/dags/batch_pipeline_dag.py
[2026-04-24T10:20:20.654+0000] {logging_mixin.py:188} INFO - [2026-04-24T10:20:20.654+0000] {dag.py:3036} INFO - Sync 1 DAGs
[2026-04-24T10:20:20.693+0000] {logging_mixin.py:188} INFO - [2026-04-24T10:20:20.693+0000] {dag.py:3823} INFO - Setting next_dagrun for batch_pipeline to 2026-04-24 10:18:00+00:00, run_after=2026-04-24 10:20:00+00:00
[2026-04-24T10:20:20.739+0000] {processor.py:183} INFO - Processing /opt/airflow/dags/batch_pipeline_dag.py took 0.841 seconds
[2026-04-24T10:20:50.972+0000] {processor.py:161} INFO - Started process (PID=48) to work on /opt/airflow/dags/batch_pipeline_dag.py
[2026-04-24T10:20:50.973+0000] {processor.py:830} INFO - Processing file /opt/airflow/dags/batch_pipeline_dag.py for tasks to queue
[2026-04-24T10:20:50.977+0000] {logging_mixin.py:188} INFO - [2026-04-24T10:20:50.975+0000] {dagbag.py:538} INFO - Filling up the DagBag from /opt/airflow/dags/batch_pipeline_dag.py
[2026-04-24T10:20:51.009+0000] {processor.py:840} INFO - DAG(s) 'batch_pipeline' retrieved from /opt/airflow/dags/batch_pipeline_dag.py
[2026-04-24T10:20:51.057+0000] {logging_mixin.py:188} INFO - [2026-04-24T10:20:51.057+0000] {dag.py:3036} INFO - Sync 1 DAGs
[2026-04-24T10:20:51.108+0000] {logging_mixin.py:188} INFO - [2026-04-24T10:20:51.107+0000] {dag.py:3823} INFO - Setting next_dagrun for batch_pipeline to 2026-04-24 10:18:00+00:00, run_after=2026-04-24 10:20:00+00:00
[2026-04-24T10:20:51.142+0000] {processor.py:183} INFO - Processing /opt/airflow/dags/batch_pipeline_dag.py took 0.178 seconds
[2026-04-24T10:21:21.330+0000] {processor.py:161} INFO - Started process (PID=49) to work on /opt/airflow/dags/batch_pipeline_dag.py
[2026-04-24T10:21:21.332+0000] {processor.py:830} INFO - Processing file /opt/airflow/dags/batch_pipeline_dag.py for tasks to queue
[2026-04-24T10:21:21.334+0000] {logging_mixin.py:188} INFO - [2026-04-24T10:21:21.334+0000] {dagbag.py:538} INFO - Filling up the DagBag from /opt/airflow/dags/batch_pipeline_dag.py
[2026-04-24T10:21:21.364+0000] {processor.py:840} INFO - DAG(s) 'batch_pipeline' retrieved from /opt/airflow/dags/batch_pipeline_dag.py
[2026-04-24T10:21:21.426+0000] {logging_mixin.py:188} INFO - [2026-04-24T10:21:21.425+0000] {dag.py:3036} INFO - Sync 1 DAGs
[2026-04-24T10:21:21.476+0000] {logging_mixin.py:188} INFO - [2026-04-24T10:21:21.476+0000] {dag.py:3823} INFO - Setting next_dagrun for batch_pipeline to 2026-04-24 10:18:00+00:00, run_after=2026-04-24 10:20:00+00:00
[2026-04-24T10:21:21.510+0000] {processor.py:183} INFO - Processing /opt/airflow/dags/batch_pipeline_dag.py took 0.188 seconds
[2026-04-24T10:21:51.683+0000] {processor.py:161} INFO - Started process (PID=50) to work on /opt/airflow/dags/batch_pipeline_dag.py
[2026-04-24T10:21:51.684+0000] {processor.py:830} INFO - Processing file /opt/airflow/dags/batch_pipeline_dag.py for tasks to queue
[2026-04-24T10:21:51.687+0000] {logging_mixin.py:188} INFO - [2026-04-24T10:21:51.687+0000] {dagbag.py:538} INFO - Filling up the DagBag from /opt/airflow/dags/batch_pipeline_dag.py
[2026-04-24T10:21:51.716+0000] {processor.py:840} INFO - DAG(s) 'batch_pipeline' retrieved from /opt/airflow/dags/batch_pipeline_dag.py
[2026-04-24T10:21:51.764+0000] {logging_mixin.py:188} INFO - [2026-04-24T10:21:51.763+0000] {dag.py:3036} INFO - Sync 1 DAGs
[2026-04-24T10:21:51.811+0000] {logging_mixin.py:188} INFO - [2026-04-24T10:21:51.811+0000] {dag.py:3823} INFO - Setting next_dagrun for batch_pipeline to 2026-04-24 10:18:00+00:00, run_after=2026-04-24 10:20:00+00:00
[2026-04-24T10:21:51.848+0000] {processor.py:183} INFO - Processing /opt/airflow/dags/batch_pipeline_dag.py took 0.169 seconds
[2026-04-24T10:22:22.029+0000] {processor.py:161} INFO - Started process (PID=51) to work on /opt/airflow/dags/batch_pipeline_dag.py
[2026-04-24T10:22:22.030+0000] {processor.py:830} INFO - Processing file /opt/airflow/dags/batch_pipeline_dag.py for tasks to queue
[2026-04-24T10:22:22.032+0000] {logging_mixin.py:188} INFO - [2026-04-24T10:22:22.032+0000] {dagbag.py:538} INFO - Filling up the DagBag from /opt/airflow/dags/batch_pipeline_dag.py
[2026-04-24T10:22:22.053+0000] {processor.py:840} INFO - DAG(s) 'batch_pipeline' retrieved from /opt/airflow/dags/batch_pipeline_dag.py
[2026-04-24T10:22:22.089+0000] {logging_mixin.py:188} INFO - [2026-04-24T10:22:22.088+0000] {dag.py:3036} INFO - Sync 1 DAGs
[2026-04-24T10:22:22.124+0000] {logging_mixin.py:188} INFO - [2026-04-24T10:22:22.124+0000] {dag.py:3823} INFO - Setting next_dagrun for batch_pipeline to 2026-04-24 10:20:00+00:00, run_after=2026-04-24 10:22:00+00:00
[2026-04-24T10:22:22.155+0000] {processor.py:183} INFO - Processing /opt/airflow/dags/batch_pipeline_dag.py took 0.132 seconds
[2026-04-24T10:22:52.205+0000] {processor.py:161} INFO - Started process (PID=52) to work on /opt/airflow/dags/batch_pipeline_dag.py
[2026-04-24T10:22:52.208+0000] {processor.py:830} INFO - Processing file /opt/airflow/dags/batch_pipeline_dag.py for tasks to queue
[2026-04-24T10:22:52.210+0000] {logging_mixin.py:188} INFO - [2026-04-24T10:22:52.209+0000] {dagbag.py:538} INFO - Filling up the DagBag from /opt/airflow/dags/batch_pipeline_dag.py
[2026-04-24T10:22:52.228+0000] {processor.py:840} INFO - DAG(s) 'batch_pipeline' retrieved from /opt/airflow/dags/batch_pipeline_dag.py
[2026-04-24T10:22:52.266+0000] {logging_mixin.py:188} INFO - [2026-04-24T10:22:52.266+0000] {dag.py:3036} INFO - Sync 1 DAGs
[2026-04-24T10:22:52.311+0000] {logging_mixin.py:188} INFO - [2026-04-24T10:22:52.310+0000] {dag.py:3823} INFO - Setting next_dagrun for batch_pipeline to 2026-04-24 10:20:00+00:00, run_after=2026-04-24 10:22:00+00:00
[2026-04-24T10:22:52.344+0000] {processor.py:183} INFO - Processing /opt/airflow/dags/batch_pipeline_dag.py took 0.144 seconds
[2026-04-24T10:23:22.481+0000] {processor.py:161} INFO - Started process (PID=53) to work on /opt/airflow/dags/batch_pipeline_dag.py
[2026-04-24T10:23:22.483+0000] {processor.py:830} INFO - Processing file /opt/airflow/dags/batch_pipeline_dag.py for tasks to queue
[2026-04-24T10:23:22.485+0000] {logging_mixin.py:188} INFO - [2026-04-24T10:23:22.485+0000] {dagbag.py:538} INFO - Filling up the DagBag from /opt/airflow/dags/batch_pipeline_dag.py
[2026-04-24T10:23:22.502+0000] {processor.py:840} INFO - DAG(s) 'batch_pipeline' retrieved from /opt/airflow/dags/batch_pipeline_dag.py
[2026-04-24T10:23:22.540+0000] {logging_mixin.py:188} INFO - [2026-04-24T10:23:22.540+0000] {dag.py:3036} INFO - Sync 1 DAGs
[2026-04-24T10:23:22.574+0000] {logging_mixin.py:188} INFO - [2026-04-24T10:23:22.574+0000] {dag.py:3823} INFO - Setting next_dagrun for batch_pipeline to 2026-04-24 10:20:00+00:00, run_after=2026-04-24 10:22:00+00:00
[2026-04-24T10:23:22.603+0000] {processor.py:183} INFO - Processing /opt/airflow/dags/batch_pipeline_dag.py took 0.129 seconds
[2026-04-24T10:23:52.644+0000] {processor.py:161} INFO - Started process (PID=54) to work on /opt/airflow/dags/batch_pipeline_dag.py
[2026-04-24T10:23:52.646+0000] {processor.py:830} INFO - Processing file /opt/airflow/dags/batch_pipeline_dag.py for tasks to queue
[2026-04-24T10:23:52.648+0000] {logging_mixin.py:188} INFO - [2026-04-24T10:23:52.647+0000] {dagbag.py:538} INFO - Filling up the DagBag from /opt/airflow/dags/batch_pipeline_dag.py
[2026-04-24T10:23:52.667+0000] {processor.py:840} INFO - DAG(s) 'batch_pipeline' retrieved from /opt/airflow/dags/batch_pipeline_dag.py
[2026-04-24T10:23:52.704+0000] {logging_mixin.py:188} INFO - [2026-04-24T10:23:52.703+0000] {dag.py:3036} INFO - Sync 1 DAGs
[2026-04-24T10:23:52.740+0000] {logging_mixin.py:188} INFO - [2026-04-24T10:23:52.740+0000] {dag.py:3823} INFO - Setting next_dagrun for batch_pipeline to 2026-04-24 10:20:00+00:00, run_after=2026-04-24 10:22:00+00:00
[2026-04-24T10:23:52.772+0000] {processor.py:183} INFO - Processing /opt/airflow/dags/batch_pipeline_dag.py took 0.134 seconds
[2026-04-24T10:24:22.949+0000] {processor.py:161} INFO - Started process (PID=55) to work on /opt/airflow/dags/batch_pipeline_dag.py
[2026-04-24T10:24:22.952+0000] {processor.py:830} INFO - Processing file /opt/airflow/dags/batch_pipeline_dag.py for tasks to queue
[2026-04-24T10:24:22.954+0000] {logging_mixin.py:188} INFO - [2026-04-24T10:24:22.953+0000] {dagbag.py:538} INFO - Filling up the DagBag from /opt/airflow/dags/batch_pipeline_dag.py
[2026-04-24T10:24:22.976+0000] {processor.py:840} INFO - DAG(s) 'batch_pipeline' retrieved from /opt/airflow/dags/batch_pipeline_dag.py
[2026-04-24T10:24:23.010+0000] {logging_mixin.py:188} INFO - [2026-04-24T10:24:23.009+0000] {dag.py:3036} INFO - Sync 1 DAGs
[2026-04-24T10:24:23.047+0000] {logging_mixin.py:188} INFO - [2026-04-24T10:24:23.046+0000] {dag.py:3823} INFO - Setting next_dagrun for batch_pipeline to 2026-04-24 10:22:00+00:00, run_after=2026-04-24 10:24:00+00:00
[2026-04-24T10:24:23.078+0000] {processor.py:183} INFO - Processing /opt/airflow/dags/batch_pipeline_dag.py took 0.133 seconds
[2026-04-24T10:24:53.117+0000] {processor.py:161} INFO - Started process (PID=56) to work on /opt/airflow/dags/batch_pipeline_dag.py
[2026-04-24T10:24:53.118+0000] {processor.py:830} INFO - Processing file /opt/airflow/dags/batch_pipeline_dag.py for tasks to queue
[2026-04-24T10:24:53.119+0000] {logging_mixin.py:188} INFO - [2026-04-24T10:24:53.119+0000] {dagbag.py:538} INFO - Filling up the DagBag from /opt/airflow/dags/batch_pipeline_dag.py
[2026-04-24T10:24:53.138+0000] {processor.py:840} INFO - DAG(s) 'batch_pipeline' retrieved from /opt/airflow/dags/batch_pipeline_dag.py
[2026-04-24T10:24:53.184+0000] {logging_mixin.py:188} INFO - [2026-04-24T10:24:53.183+0000] {dag.py:3036} INFO - Sync 1 DAGs
[2026-04-24T10:24:53.230+0000] {logging_mixin.py:188} INFO - [2026-04-24T10:24:53.229+0000] {dag.py:3823} INFO - Setting next_dagrun for batch_pipeline to 2026-04-24 10:22:00+00:00, run_after=2026-04-24 10:24:00+00:00
[2026-04-24T10:24:53.262+0000] {processor.py:183} INFO - Processing /opt/airflow/dags/batch_pipeline_dag.py took 0.148 seconds
[2026-04-24T10:25:23.411+0000] {processor.py:161} INFO - Started process (PID=57) to work on /opt/airflow/dags/batch_pipeline_dag.py
[2026-04-24T10:25:23.414+0000] {processor.py:830} INFO - Processing file /opt/airflow/dags/batch_pipeline_dag.py for tasks to queue
[2026-04-24T10:25:23.416+0000] {logging_mixin.py:188} INFO - [2026-04-24T10:25:23.416+0000] {dagbag.py:538} INFO - Filling up the DagBag from /opt/airflow/dags/batch_pipeline_dag.py
[2026-04-24T10:25:23.431+0000] {processor.py:840} INFO - DAG(s) 'batch_pipeline' retrieved from /opt/airflow/dags/batch_pipeline_dag.py
[2026-04-24T10:25:23.464+0000] {logging_mixin.py:188} INFO - [2026-04-24T10:25:23.464+0000] {dag.py:3036} INFO - Sync 1 DAGs
[2026-04-24T10:25:23.499+0000] {logging_mixin.py:188} INFO - [2026-04-24T10:25:23.499+0000] {dag.py:3823} INFO - Setting next_dagrun for batch_pipeline to 2026-04-24 10:22:00+00:00, run_after=2026-04-24 10:24:00+00:00
[2026-04-24T10:25:23.529+0000] {processor.py:183} INFO - Processing /opt/airflow/dags/batch_pipeline_dag.py took 0.123 seconds
[2026-04-24T10:25:53.582+0000] {processor.py:161} INFO - Started process (PID=58) to work on /opt/airflow/dags/batch_pipeline_dag.py
[2026-04-24T10:25:53.585+0000] {processor.py:830} INFO - Processing file /opt/airflow/dags/batch_pipeline_dag.py for tasks to queue
[2026-04-24T10:25:53.587+0000] {logging_mixin.py:188} INFO - [2026-04-24T10:25:53.586+0000] {dagbag.py:538} INFO - Filling up the DagBag from /opt/airflow/dags/batch_pipeline_dag.py
[2026-04-24T10:25:53.602+0000] {processor.py:840} INFO - DAG(s) 'batch_pipeline' retrieved from /opt/airflow/dags/batch_pipeline_dag.py
[2026-04-24T10:25:53.635+0000] {logging_mixin.py:188} INFO - [2026-04-24T10:25:53.634+0000] {dag.py:3036} INFO - Sync 1 DAGs
[2026-04-24T10:25:53.667+0000] {logging_mixin.py:188} INFO - [2026-04-24T10:25:53.667+0000] {dag.py:3823} INFO - Setting next_dagrun for batch_pipeline to 2026-04-24 10:22:00+00:00, run_after=2026-04-24 10:24:00+00:00
[2026-04-24T10:25:53.696+0000] {processor.py:183} INFO - Processing /opt/airflow/dags/batch_pipeline_dag.py took 0.117 seconds
[2026-04-24T10:26:23.845+0000] {processor.py:161} INFO - Started process (PID=59) to work on /opt/airflow/dags/batch_pipeline_dag.py
[2026-04-24T10:26:23.848+0000] {processor.py:830} INFO - Processing file /opt/airflow/dags/batch_pipeline_dag.py for tasks to queue
[2026-04-24T10:26:23.852+0000] {logging_mixin.py:188} INFO - [2026-04-24T10:26:23.851+0000] {dagbag.py:538} INFO - Filling up the DagBag from /opt/airflow/dags/batch_pipeline_dag.py
[2026-04-24T10:26:23.888+0000] {processor.py:840} INFO - DAG(s) 'batch_pipeline' retrieved from /opt/airflow/dags/batch_pipeline_dag.py
[2026-04-24T10:26:23.951+0000] {logging_mixin.py:188} INFO - [2026-04-24T10:26:23.950+0000] {dag.py:3036} INFO - Sync 1 DAGs
[2026-04-24T10:26:24.008+0000] {logging_mixin.py:188} INFO - [2026-04-24T10:26:24.008+0000] {dag.py:3823} INFO - Setting next_dagrun for batch_pipeline to 2026-04-24 10:24:00+00:00, run_after=2026-04-24 10:26:00+00:00
[2026-04-24T10:26:24.039+0000] {processor.py:183} INFO - Processing /opt/airflow/dags/batch_pipeline_dag.py took 0.200 seconds
[2026-04-24T10:26:54.181+0000] {processor.py:161} INFO - Started process (PID=60) to work on /opt/airflow/dags/batch_pipeline_dag.py
[2026-04-24T10:26:54.184+0000] {processor.py:830} INFO - Processing file /opt/airflow/dags/batch_pipeline_dag.py for tasks to queue
[2026-04-24T10:26:54.186+0000] {logging_mixin.py:188} INFO - [2026-04-24T10:26:54.185+0000] {dagbag.py:538} INFO - Filling up the DagBag from /opt/airflow/dags/batch_pipeline_dag.py
[2026-04-24T10:26:54.208+0000] {processor.py:840} INFO - DAG(s) 'batch_pipeline' retrieved from /opt/airflow/dags/batch_pipeline_dag.py
[2026-04-24T10:26:54.243+0000] {logging_mixin.py:188} INFO - [2026-04-24T10:26:54.242+0000] {dag.py:3036} INFO - Sync 1 DAGs
[2026-04-24T10:26:54.276+0000] {logging_mixin.py:188} INFO - [2026-04-24T10:26:54.276+0000] {dag.py:3823} INFO - Setting next_dagrun for batch_pipeline to 2026-04-24 10:24:00+00:00, run_after=2026-04-24 10:26:00+00:00
[2026-04-24T10:26:54.309+0000] {processor.py:183} INFO - Processing /opt/airflow/dags/batch_pipeline_dag.py took 0.131 seconds
[2026-04-24T10:27:24.340+0000] {processor.py:161} INFO - Started process (PID=73) to work on /opt/airflow/dags/batch_pipeline_dag.py
[2026-04-24T10:27:24.341+0000] {processor.py:830} INFO - Processing file /opt/airflow/dags/batch_pipeline_dag.py for tasks to queue
[2026-04-24T10:27:24.344+0000] {logging_mixin.py:188} INFO - [2026-04-24T10:27:24.344+0000] {dagbag.py:538} INFO - Filling up the DagBag from /opt/airflow/dags/batch_pipeline_dag.py
[2026-04-24T10:27:24.366+0000] {processor.py:840} INFO - DAG(s) 'batch_pipeline' retrieved from /opt/airflow/dags/batch_pipeline_dag.py
[2026-04-24T10:27:24.410+0000] {logging_mixin.py:188} INFO - [2026-04-24T10:27:24.409+0000] {dag.py:3036} INFO - Sync 1 DAGs
[2026-04-24T10:27:24.466+0000] {logging_mixin.py:188} INFO - [2026-04-24T10:27:24.465+0000] {dag.py:3823} INFO - Setting next_dagrun for batch_pipeline to 2026-04-24 10:26:00+00:00, run_after=2026-04-24 10:28:00+00:00
[2026-04-24T10:27:24.506+0000] {processor.py:183} INFO - Processing /opt/airflow/dags/batch_pipeline_dag.py took 0.170 seconds
[2026-04-24T10:27:54.649+0000] {processor.py:161} INFO - Started process (PID=84) to work on /opt/airflow/dags/batch_pipeline_dag.py
[2026-04-24T10:27:54.653+0000] {processor.py:830} INFO - Processing file /opt/airflow/dags/batch_pipeline_dag.py for tasks to queue
[2026-04-24T10:27:54.657+0000] {logging_mixin.py:188} INFO - [2026-04-24T10:27:54.657+0000] {dagbag.py:538} INFO - Filling up the DagBag from /opt/airflow/dags/batch_pipeline_dag.py
[2026-04-24T10:27:54.689+0000] {processor.py:840} INFO - DAG(s) 'batch_pipeline' retrieved from /opt/airflow/dags/batch_pipeline_dag.py
[2026-04-24T10:27:54.729+0000] {logging_mixin.py:188} INFO - [2026-04-24T10:27:54.729+0000] {dag.py:3036} INFO - Sync 1 DAGs
[2026-04-24T10:27:54.782+0000] {logging_mixin.py:188} INFO - [2026-04-24T10:27:54.781+0000] {dag.py:3823} INFO - Setting next_dagrun for batch_pipeline to 2026-04-24 10:26:00+00:00, run_after=2026-04-24 10:28:00+00:00
[2026-04-24T10:27:54.818+0000] {processor.py:183} INFO - Processing /opt/airflow/dags/batch_pipeline_dag.py took 0.174 seconds
[2026-04-24T10:28:24.881+0000] {processor.py:161} INFO - Started process (PID=95) to work on /opt/airflow/dags/batch_pipeline_dag.py
[2026-04-24T10:28:24.882+0000] {processor.py:830} INFO - Processing file /opt/airflow/dags/batch_pipeline_dag.py for tasks to queue
[2026-04-24T10:28:24.884+0000] {logging_mixin.py:188} INFO - [2026-04-24T10:28:24.884+0000] {dagbag.py:538} INFO - Filling up the DagBag from /opt/airflow/dags/batch_pipeline_dag.py
[2026-04-24T10:28:24.900+0000] {processor.py:840} INFO - DAG(s) 'batch_pipeline' retrieved from /opt/airflow/dags/batch_pipeline_dag.py
[2026-04-24T10:28:24.935+0000] {logging_mixin.py:188} INFO - [2026-04-24T10:28:24.934+0000] {dag.py:3036} INFO - Sync 1 DAGs
[2026-04-24T10:28:24.978+0000] {logging_mixin.py:188} INFO - [2026-04-24T10:28:24.978+0000] {dag.py:3823} INFO - Setting next_dagrun for batch_pipeline to 2026-04-24 10:28:00+00:00, run_after=2026-04-24 10:30:00+00:00
[2026-04-24T10:28:25.013+0000] {processor.py:183} INFO - Processing /opt/airflow/dags/batch_pipeline_dag.py took 0.135 seconds
[2026-04-24T10:28:55.171+0000] {processor.py:161} INFO - Started process (PID=96) to work on /opt/airflow/dags/batch_pipeline_dag.py
[2026-04-24T10:28:55.173+0000] {processor.py:830} INFO - Processing file /opt/airflow/dags/batch_pipeline_dag.py for tasks to queue
[2026-04-24T10:28:55.177+0000] {logging_mixin.py:188} INFO - [2026-04-24T10:28:55.176+0000] {dagbag.py:538} INFO - Filling up the DagBag from /opt/airflow/dags/batch_pipeline_dag.py
[2026-04-24T10:28:55.205+0000] {processor.py:840} INFO - DAG(s) 'batch_pipeline' retrieved from /opt/airflow/dags/batch_pipeline_dag.py
[2026-04-24T10:28:55.262+0000] {logging_mixin.py:188} INFO - [2026-04-24T10:28:55.262+0000] {dag.py:3036} INFO - Sync 1 DAGs
[2026-04-24T10:28:55.328+0000] {logging_mixin.py:188} INFO - [2026-04-24T10:28:55.328+0000] {dag.py:3823} INFO - Setting next_dagrun for batch_pipeline to 2026-04-24 10:28:00+00:00, run_after=2026-04-24 10:30:00+00:00
[2026-04-24T10:28:55.376+0000] {processor.py:183} INFO - Processing /opt/airflow/dags/batch_pipeline_dag.py took 0.213 seconds
[2026-04-24T10:29:25.547+0000] {processor.py:161} INFO - Started process (PID=107) to work on /opt/airflow/dags/batch_pipeline_dag.py
[2026-04-24T10:29:25.549+0000] {processor.py:830} INFO - Processing file /opt/airflow/dags/batch_pipeline_dag.py for tasks to queue
[2026-04-24T10:29:25.551+0000] {logging_mixin.py:188} INFO - [2026-04-24T10:29:25.551+0000] {dagbag.py:538} INFO - Filling up the DagBag from /opt/airflow/dags/batch_pipeline_dag.py
[2026-04-24T10:29:25.567+0000] {processor.py:840} INFO - DAG(s) 'batch_pipeline' retrieved from /opt/airflow/dags/batch_pipeline_dag.py
[2026-04-24T10:29:25.597+0000] {logging_mixin.py:188} INFO - [2026-04-24T10:29:25.597+0000] {dag.py:3036} INFO - Sync 1 DAGs
[2026-04-24T10:29:25.630+0000] {logging_mixin.py:188} INFO - [2026-04-24T10:29:25.630+0000] {dag.py:3823} INFO - Setting next_dagrun for batch_pipeline to 2026-04-24 10:28:00+00:00, run_after=2026-04-24 10:30:00+00:00
[2026-04-24T10:29:25.660+0000] {processor.py:183} INFO - Processing /opt/airflow/dags/batch_pipeline_dag.py took 0.117 seconds
[2026-04-24T10:29:55.694+0000] {processor.py:161} INFO - Started process (PID=108) to work on /opt/airflow/dags/batch_pipeline_dag.py
[2026-04-24T10:29:55.697+0000] {processor.py:830} INFO - Processing file /opt/airflow/dags/batch_pipeline_dag.py for tasks to queue
[2026-04-24T10:29:55.703+0000] {logging_mixin.py:188} INFO - [2026-04-24T10:29:55.702+0000] {dagbag.py:538} INFO - Filling up the DagBag from /opt/airflow/dags/batch_pipeline_dag.py
[2026-04-24T10:29:55.724+0000] {processor.py:840} INFO - DAG(s) 'batch_pipeline' retrieved from /opt/airflow/dags/batch_pipeline_dag.py
[2026-04-24T10:29:55.759+0000] {logging_mixin.py:188} INFO - [2026-04-24T10:29:55.758+0000] {dag.py:3036} INFO - Sync 1 DAGs
[2026-04-24T10:29:55.797+0000] {logging_mixin.py:188} INFO - [2026-04-24T10:29:55.797+0000] {dag.py:3823} INFO - Setting next_dagrun for batch_pipeline to 2026-04-24 10:28:00+00:00, run_after=2026-04-24 10:30:00+00:00
[2026-04-24T10:29:55.825+0000] {processor.py:183} INFO - Processing /opt/airflow/dags/batch_pipeline_dag.py took 0.135 seconds
[2026-04-24T10:30:25.999+0000] {processor.py:161} INFO - Started process (PID=109) to work on /opt/airflow/dags/batch_pipeline_dag.py
[2026-04-24T10:30:26.000+0000] {processor.py:830} INFO - Processing file /opt/airflow/dags/batch_pipeline_dag.py for tasks to queue
[2026-04-24T10:30:26.002+0000] {logging_mixin.py:188} INFO - [2026-04-24T10:30:26.001+0000] {dagbag.py:538} INFO - Filling up the DagBag from /opt/airflow/dags/batch_pipeline_dag.py
[2026-04-24T10:30:26.017+0000] {processor.py:840} INFO - DAG(s) 'batch_pipeline' retrieved from /opt/airflow/dags/batch_pipeline_dag.py
[2026-04-24T10:30:26.048+0000] {logging_mixin.py:188} INFO - [2026-04-24T10:30:26.047+0000] {dag.py:3036} INFO - Sync 1 DAGs
[2026-04-24T10:30:26.086+0000] {logging_mixin.py:188} INFO - [2026-04-24T10:30:26.086+0000] {dag.py:3823} INFO - Setting next_dagrun for batch_pipeline to 2026-04-24 10:30:00+00:00, run_after=2026-04-24 10:32:00+00:00
[2026-04-24T10:30:26.115+0000] {processor.py:183} INFO - Processing /opt/airflow/dags/batch_pipeline_dag.py took 0.122 seconds
[2026-04-24T10:31:04.322+0000] {processor.py:161} INFO - Started process (PID=29) to work on /opt/airflow/dags/batch_pipeline_dag.py
[2026-04-24T10:31:04.329+0000] {processor.py:830} INFO - Processing file /opt/airflow/dags/batch_pipeline_dag.py for tasks to queue
[2026-04-24T10:31:04.335+0000] {logging_mixin.py:188} INFO - [2026-04-24T10:31:04.334+0000] {dagbag.py:538} INFO - Filling up the DagBag from /opt/airflow/dags/batch_pipeline_dag.py
[2026-04-24T10:31:04.374+0000] {processor.py:840} INFO - DAG(s) 'batch_pipeline' retrieved from /opt/airflow/dags/batch_pipeline_dag.py
[2026-04-24T10:31:04.465+0000] {logging_mixin.py:188} INFO - [2026-04-24T10:31:04.464+0000] {dag.py:3036} INFO - Sync 1 DAGs
[2026-04-24T10:31:04.531+0000] {logging_mixin.py:188} INFO - [2026-04-24T10:31:04.530+0000] {dag.py:3823} INFO - Setting next_dagrun for batch_pipeline to 2026-04-24 10:30:00+00:00, run_after=2026-04-24 10:32:00+00:00
[2026-04-24T10:31:04.582+0000] {processor.py:183} INFO - Processing /opt/airflow/dags/batch_pipeline_dag.py took 0.274 seconds
[2026-04-24T10:31:34.782+0000] {processor.py:161} INFO - Started process (PID=30) to work on /opt/airflow/dags/batch_pipeline_dag.py
[2026-04-24T10:31:34.784+0000] {processor.py:830} INFO - Processing file /opt/airflow/dags/batch_pipeline_dag.py for tasks to queue
[2026-04-24T10:31:34.787+0000] {logging_mixin.py:188} INFO - [2026-04-24T10:31:34.786+0000] {dagbag.py:538} INFO - Filling up the DagBag from /opt/airflow/dags/batch_pipeline_dag.py
[2026-04-24T10:31:34.825+0000] {processor.py:840} INFO - DAG(s) 'batch_pipeline' retrieved from /opt/airflow/dags/batch_pipeline_dag.py
[2026-04-24T10:31:34.888+0000] {logging_mixin.py:188} INFO - [2026-04-24T10:31:34.888+0000] {dag.py:3036} INFO - Sync 1 DAGs
[2026-04-24T10:31:34.928+0000] {logging_mixin.py:188} INFO - [2026-04-24T10:31:34.928+0000] {dag.py:3823} INFO - Setting next_dagrun for batch_pipeline to 2026-04-24 10:30:00+00:00, run_after=2026-04-24 10:32:00+00:00
[2026-04-24T10:31:34.956+0000] {processor.py:183} INFO - Processing /opt/airflow/dags/batch_pipeline_dag.py took 0.183 seconds
[2026-04-24T10:32:05.117+0000] {processor.py:161} INFO - Started process (PID=41) to work on /opt/airflow/dags/batch_pipeline_dag.py
[2026-04-24T10:32:05.119+0000] {processor.py:830} INFO - Processing file /opt/airflow/dags/batch_pipeline_dag.py for tasks to queue
[2026-04-24T10:32:05.123+0000] {logging_mixin.py:188} INFO - [2026-04-24T10:32:05.122+0000] {dagbag.py:538} INFO - Filling up the DagBag from /opt/airflow/dags/batch_pipeline_dag.py
[2026-04-24T10:32:05.140+0000] {processor.py:840} INFO - DAG(s) 'batch_pipeline' retrieved from /opt/airflow/dags/batch_pipeline_dag.py
[2026-04-24T10:32:05.175+0000] {logging_mixin.py:188} INFO - [2026-04-24T10:32:05.174+0000] {dag.py:3036} INFO - Sync 1 DAGs
[2026-04-24T10:32:05.210+0000] {logging_mixin.py:188} INFO - [2026-04-24T10:32:05.210+0000] {dag.py:3823} INFO - Setting next_dagrun for batch_pipeline to 2026-04-24 10:32:00+00:00, run_after=2026-04-24 10:34:00+00:00
[2026-04-24T10:32:05.240+0000] {processor.py:183} INFO - Processing /opt/airflow/dags/batch_pipeline_dag.py took 0.127 seconds
[2026-04-24T10:32:35.286+0000] {processor.py:161} INFO - Started process (PID=42) to work on /opt/airflow/dags/batch_pipeline_dag.py
[2026-04-24T10:32:35.287+0000] {processor.py:830} INFO - Processing file /opt/airflow/dags/batch_pipeline_dag.py for tasks to queue
[2026-04-24T10:32:35.293+0000] {logging_mixin.py:188} INFO - [2026-04-24T10:32:35.292+0000] {dagbag.py:538} INFO - Filling up the DagBag from /opt/airflow/dags/batch_pipeline_dag.py
[2026-04-24T10:32:35.312+0000] {processor.py:840} INFO - DAG(s) 'batch_pipeline' retrieved from /opt/airflow/dags/batch_pipeline_dag.py
[2026-04-24T10:32:35.352+0000] {logging_mixin.py:188} INFO - [2026-04-24T10:32:35.352+0000] {dag.py:3036} INFO - Sync 1 DAGs
[2026-04-24T10:32:35.401+0000] {logging_mixin.py:188} INFO - [2026-04-24T10:32:35.401+0000] {dag.py:3823} INFO - Setting next_dagrun for batch_pipeline to 2026-04-24 10:32:00+00:00, run_after=2026-04-24 10:34:00+00:00
[2026-04-24T10:32:35.435+0000] {processor.py:183} INFO - Processing /opt/airflow/dags/batch_pipeline_dag.py took 0.152 seconds
[2026-04-24T10:33:05.573+0000] {processor.py:161} INFO - Started process (PID=43) to work on /opt/airflow/dags/batch_pipeline_dag.py
[2026-04-24T10:33:05.575+0000] {processor.py:830} INFO - Processing file /opt/airflow/dags/batch_pipeline_dag.py for tasks to queue
[2026-04-24T10:33:05.579+0000] {logging_mixin.py:188} INFO - [2026-04-24T10:33:05.578+0000] {dagbag.py:538} INFO - Filling up the DagBag from /opt/airflow/dags/batch_pipeline_dag.py
[2026-04-24T10:33:05.601+0000] {processor.py:840} INFO - DAG(s) 'batch_pipeline' retrieved from /opt/airflow/dags/batch_pipeline_dag.py
[2026-04-24T10:33:05.638+0000] {logging_mixin.py:188} INFO - [2026-04-24T10:33:05.637+0000] {dag.py:3036} INFO - Sync 1 DAGs
[2026-04-24T10:33:05.687+0000] {logging_mixin.py:188} INFO - [2026-04-24T10:33:05.686+0000] {dag.py:3823} INFO - Setting next_dagrun for batch_pipeline to 2026-04-24 10:32:00+00:00, run_after=2026-04-24 10:34:00+00:00
[2026-04-24T10:33:05.725+0000] {processor.py:183} INFO - Processing /opt/airflow/dags/batch_pipeline_dag.py took 0.156 seconds
[2026-04-24T10:33:35.762+0000] {processor.py:161} INFO - Started process (PID=44) to work on /opt/airflow/dags/batch_pipeline_dag.py
[2026-04-24T10:33:35.763+0000] {processor.py:830} INFO - Processing file /opt/airflow/dags/batch_pipeline_dag.py for tasks to queue
[2026-04-24T10:33:35.765+0000] {logging_mixin.py:188} INFO - [2026-04-24T10:33:35.765+0000] {dagbag.py:538} INFO - Filling up the DagBag from /opt/airflow/dags/batch_pipeline_dag.py
[2026-04-24T10:33:35.783+0000] {processor.py:840} INFO - DAG(s) 'batch_pipeline' retrieved from /opt/airflow/dags/batch_pipeline_dag.py
[2026-04-24T10:33:35.826+0000] {logging_mixin.py:188} INFO - [2026-04-24T10:33:35.826+0000] {dag.py:3036} INFO - Sync 1 DAGs
[2026-04-24T10:33:35.879+0000] {logging_mixin.py:188} INFO - [2026-04-24T10:33:35.878+0000] {dag.py:3823} INFO - Setting next_dagrun for batch_pipeline to 2026-04-24 10:32:00+00:00, run_after=2026-04-24 10:34:00+00:00
[2026-04-24T10:33:35.924+0000] {processor.py:183} INFO - Processing /opt/airflow/dags/batch_pipeline_dag.py took 0.167 seconds
[2026-04-24T10:34:06.018+0000] {processor.py:161} INFO - Started process (PID=45) to work on /opt/airflow/dags/batch_pipeline_dag.py
[2026-04-24T10:34:06.020+0000] {processor.py:830} INFO - Processing file /opt/airflow/dags/batch_pipeline_dag.py for tasks to queue
[2026-04-24T10:34:06.023+0000] {logging_mixin.py:188} INFO - [2026-04-24T10:34:06.022+0000] {dagbag.py:538} INFO - Filling up the DagBag from /opt/airflow/dags/batch_pipeline_dag.py
[2026-04-24T10:34:06.043+0000] {processor.py:840} INFO - DAG(s) 'batch_pipeline' retrieved from /opt/airflow/dags/batch_pipeline_dag.py
[2026-04-24T10:34:06.083+0000] {logging_mixin.py:188} INFO - [2026-04-24T10:34:06.083+0000] {dag.py:3036} INFO - Sync 1 DAGs
[2026-04-24T10:34:06.122+0000] {logging_mixin.py:188} INFO - [2026-04-24T10:34:06.121+0000] {dag.py:3823} INFO - Setting next_dagrun for batch_pipeline to 2026-04-24 10:34:00+00:00, run_after=2026-04-24 10:36:00+00:00
[2026-04-24T10:34:06.153+0000] {processor.py:183} INFO - Processing /opt/airflow/dags/batch_pipeline_dag.py took 0.140 seconds
[2026-04-24T10:34:36.258+0000] {processor.py:161} INFO - Started process (PID=46) to work on /opt/airflow/dags/batch_pipeline_dag.py
[2026-04-24T10:34:36.259+0000] {processor.py:830} INFO - Processing file /opt/airflow/dags/batch_pipeline_dag.py for tasks to queue
[2026-04-24T10:34:36.262+0000] {logging_mixin.py:188} INFO - [2026-04-24T10:34:36.261+0000] {dagbag.py:538} INFO - Filling up the DagBag from /opt/airflow/dags/batch_pipeline_dag.py
[2026-04-24T10:34:36.292+0000] {processor.py:840} INFO - DAG(s) 'batch_pipeline' retrieved from /opt/airflow/dags/batch_pipeline_dag.py
[2026-04-24T10:34:36.350+0000] {logging_mixin.py:188} INFO - [2026-04-24T10:34:36.350+0000] {dag.py:3036} INFO - Sync 1 DAGs
[2026-04-24T10:34:36.415+0000] {logging_mixin.py:188} INFO - [2026-04-24T10:34:36.415+0000] {dag.py:3823} INFO - Setting next_dagrun for batch_pipeline to 2026-04-24 10:34:00+00:00, run_after=2026-04-24 10:36:00+00:00
[2026-04-24T10:34:36.462+0000] {processor.py:183} INFO - Processing /opt/airflow/dags/batch_pipeline_dag.py took 0.211 seconds
[2026-04-24T10:35:06.623+0000] {processor.py:161} INFO - Started process (PID=47) to work on /opt/airflow/dags/batch_pipeline_dag.py
[2026-04-24T10:35:06.626+0000] {processor.py:830} INFO - Processing file /opt/airflow/dags/batch_pipeline_dag.py for tasks to queue
[2026-04-24T10:35:06.628+0000] {logging_mixin.py:188} INFO - [2026-04-24T10:35:06.627+0000] {dagbag.py:538} INFO - Filling up the DagBag from /opt/airflow/dags/batch_pipeline_dag.py
[2026-04-24T10:35:06.643+0000] {processor.py:840} INFO - DAG(s) 'batch_pipeline' retrieved from /opt/airflow/dags/batch_pipeline_dag.py
[2026-04-24T10:35:06.674+0000] {logging_mixin.py:188} INFO - [2026-04-24T10:35:06.674+0000] {dag.py:3036} INFO - Sync 1 DAGs
[2026-04-24T10:35:06.715+0000] {logging_mixin.py:188} INFO - [2026-04-24T10:35:06.714+0000] {dag.py:3823} INFO - Setting next_dagrun for batch_pipeline to 2026-04-24 10:34:00+00:00, run_after=2026-04-24 10:36:00+00:00
[2026-04-24T10:35:06.747+0000] {processor.py:183} INFO - Processing /opt/airflow/dags/batch_pipeline_dag.py took 0.129 seconds
[2026-04-24T10:35:36.780+0000] {processor.py:161} INFO - Started process (PID=82) to work on /opt/airflow/dags/batch_pipeline_dag.py
[2026-04-24T10:35:36.780+0000] {processor.py:830} INFO - Processing file /opt/airflow/dags/batch_pipeline_dag.py for tasks to queue
[2026-04-24T10:35:36.782+0000] {logging_mixin.py:188} INFO - [2026-04-24T10:35:36.782+0000] {dagbag.py:538} INFO - Filling up the DagBag from /opt/airflow/dags/batch_pipeline_dag.py
[2026-04-24T10:35:36.800+0000] {processor.py:840} INFO - DAG(s) 'batch_pipeline' retrieved from /opt/airflow/dags/batch_pipeline_dag.py
[2026-04-24T10:35:36.840+0000] {logging_mixin.py:188} INFO - [2026-04-24T10:35:36.839+0000] {dag.py:3036} INFO - Sync 1 DAGs
[2026-04-24T10:35:36.896+0000] {logging_mixin.py:188} INFO - [2026-04-24T10:35:36.895+0000] {dag.py:3823} INFO - Setting next_dagrun for batch_pipeline to 2026-04-24 10:34:00+00:00, run_after=2026-04-24 10:36:00+00:00
[2026-04-24T10:35:36.932+0000] {processor.py:183} INFO - Processing /opt/airflow/dags/batch_pipeline_dag.py took 0.157 seconds
[2026-04-24T10:36:07.086+0000] {processor.py:161} INFO - Started process (PID=83) to work on /opt/airflow/dags/batch_pipeline_dag.py
[2026-04-24T10:36:07.087+0000] {processor.py:830} INFO - Processing file /opt/airflow/dags/batch_pipeline_dag.py for tasks to queue
[2026-04-24T10:36:07.092+0000] {logging_mixin.py:188} INFO - [2026-04-24T10:36:07.090+0000] {dagbag.py:538} INFO - Filling up the DagBag from /opt/airflow/dags/batch_pipeline_dag.py
[2026-04-24T10:36:07.118+0000] {processor.py:840} INFO - DAG(s) 'batch_pipeline' retrieved from /opt/airflow/dags/batch_pipeline_dag.py
[2026-04-24T10:36:07.168+0000] {logging_mixin.py:188} INFO - [2026-04-24T10:36:07.167+0000] {dag.py:3036} INFO - Sync 1 DAGs
[2026-04-24T10:36:07.214+0000] {logging_mixin.py:188} INFO - [2026-04-24T10:36:07.214+0000] {dag.py:3823} INFO - Setting next_dagrun for batch_pipeline to 2026-04-24 10:36:00+00:00, run_after=2026-04-24 10:38:00+00:00
[2026-04-24T10:36:07.245+0000] {processor.py:183} INFO - Processing /opt/airflow/dags/batch_pipeline_dag.py took 0.164 seconds
[2026-04-24T10:38:21.963+0000] {processor.py:161} INFO - Started process (PID=43) to work on /opt/airflow/dags/batch_pipeline_dag.py
[2026-04-24T10:38:21.967+0000] {processor.py:830} INFO - Processing file /opt/airflow/dags/batch_pipeline_dag.py for tasks to queue
[2026-04-24T10:38:21.971+0000] {logging_mixin.py:188} INFO - [2026-04-24T10:38:21.970+0000] {dagbag.py:538} INFO - Filling up the DagBag from /opt/airflow/dags/batch_pipeline_dag.py
[2026-04-24T10:38:22.009+0000] {processor.py:840} INFO - DAG(s) 'batch_pipeline' retrieved from /opt/airflow/dags/batch_pipeline_dag.py
[2026-04-24T10:38:22.159+0000] {logging_mixin.py:188} INFO - [2026-04-24T10:38:22.158+0000] {dag.py:3036} INFO - Sync 1 DAGs
[2026-04-24T10:38:22.299+0000] {logging_mixin.py:188} INFO - [2026-04-24T10:38:22.298+0000] {dag.py:3823} INFO - Setting next_dagrun for batch_pipeline to 2026-04-24 10:38:00+00:00, run_after=2026-04-24 10:40:00+00:00
[2026-04-24T10:38:22.419+0000] {processor.py:183} INFO - Processing /opt/airflow/dags/batch_pipeline_dag.py took 0.462 seconds
[2026-04-24T10:38:52.559+0000] {processor.py:161} INFO - Started process (PID=54) to work on /opt/airflow/dags/batch_pipeline_dag.py
[2026-04-24T10:38:52.559+0000] {processor.py:830} INFO - Processing file /opt/airflow/dags/batch_pipeline_dag.py for tasks to queue
[2026-04-24T10:38:52.561+0000] {logging_mixin.py:188} INFO - [2026-04-24T10:38:52.561+0000] {dagbag.py:538} INFO - Filling up the DagBag from /opt/airflow/dags/batch_pipeline_dag.py
[2026-04-24T10:38:52.575+0000] {processor.py:840} INFO - DAG(s) 'batch_pipeline' retrieved from /opt/airflow/dags/batch_pipeline_dag.py
[2026-04-24T10:38:53.035+0000] {logging_mixin.py:188} INFO - [2026-04-24T10:38:53.035+0000] {dag.py:3036} INFO - Sync 1 DAGs
[2026-04-24T10:38:53.071+0000] {logging_mixin.py:188} INFO - [2026-04-24T10:38:53.071+0000] {dag.py:3823} INFO - Setting next_dagrun for batch_pipeline to 2026-04-24 10:38:00+00:00, run_after=2026-04-24 10:40:00+00:00
[2026-04-24T10:38:53.103+0000] {processor.py:183} INFO - Processing /opt/airflow/dags/batch_pipeline_dag.py took 0.548 seconds
[2026-04-24T10:39:23.310+0000] {processor.py:161} INFO - Started process (PID=62) to work on /opt/airflow/dags/batch_pipeline_dag.py
[2026-04-24T10:39:23.311+0000] {processor.py:830} INFO - Processing file /opt/airflow/dags/batch_pipeline_dag.py for tasks to queue
[2026-04-24T10:39:23.313+0000] {logging_mixin.py:188} INFO - [2026-04-24T10:39:23.313+0000] {dagbag.py:538} INFO - Filling up the DagBag from /opt/airflow/dags/batch_pipeline_dag.py
[2026-04-24T10:39:23.333+0000] {processor.py:840} INFO - DAG(s) 'batch_pipeline' retrieved from /opt/airflow/dags/batch_pipeline_dag.py
[2026-04-24T10:39:23.369+0000] {logging_mixin.py:188} INFO - [2026-04-24T10:39:23.369+0000] {dag.py:3036} INFO - Sync 1 DAGs
[2026-04-24T10:39:23.410+0000] {logging_mixin.py:188} INFO - [2026-04-24T10:39:23.410+0000] {dag.py:3823} INFO - Setting next_dagrun for batch_pipeline to 2026-04-24 10:38:00+00:00, run_after=2026-04-24 10:40:00+00:00
[2026-04-24T10:39:23.443+0000] {processor.py:183} INFO - Processing /opt/airflow/dags/batch_pipeline_dag.py took 0.137 seconds
[2026-04-24T10:39:53.519+0000] {processor.py:161} INFO - Started process (PID=63) to work on /opt/airflow/dags/batch_pipeline_dag.py
[2026-04-24T10:39:53.521+0000] {processor.py:830} INFO - Processing file /opt/airflow/dags/batch_pipeline_dag.py for tasks to queue
[2026-04-24T10:39:53.523+0000] {logging_mixin.py:188} INFO - [2026-04-24T10:39:53.523+0000] {dagbag.py:538} INFO - Filling up the DagBag from /opt/airflow/dags/batch_pipeline_dag.py
[2026-04-24T10:39:53.539+0000] {processor.py:840} INFO - DAG(s) 'batch_pipeline' retrieved from /opt/airflow/dags/batch_pipeline_dag.py
[2026-04-24T10:39:53.572+0000] {logging_mixin.py:188} INFO - [2026-04-24T10:39:53.572+0000] {dag.py:3036} INFO - Sync 1 DAGs
[2026-04-24T10:39:53.613+0000] {logging_mixin.py:188} INFO - [2026-04-24T10:39:53.612+0000] {dag.py:3823} INFO - Setting next_dagrun for batch_pipeline to 2026-04-24 10:38:00+00:00, run_after=2026-04-24 10:40:00+00:00
[2026-04-24T10:39:53.643+0000] {processor.py:183} INFO - Processing /opt/airflow/dags/batch_pipeline_dag.py took 0.128 seconds
[2026-04-24T10:40:23.858+0000] {processor.py:161} INFO - Started process (PID=74) to work on /opt/airflow/dags/batch_pipeline_dag.py
[2026-04-24T10:40:23.858+0000] {processor.py:830} INFO - Processing file /opt/airflow/dags/batch_pipeline_dag.py for tasks to queue
[2026-04-24T10:40:23.861+0000] {logging_mixin.py:188} INFO - [2026-04-24T10:40:23.861+0000] {dagbag.py:538} INFO - Filling up the DagBag from /opt/airflow/dags/batch_pipeline_dag.py
[2026-04-24T10:40:23.881+0000] {processor.py:840} INFO - DAG(s) 'batch_pipeline' retrieved from /opt/airflow/dags/batch_pipeline_dag.py
[2026-04-24T10:40:23.924+0000] {logging_mixin.py:188} INFO - [2026-04-24T10:40:23.923+0000] {dag.py:3036} INFO - Sync 1 DAGs
[2026-04-24T10:40:23.966+0000] {logging_mixin.py:188} INFO - [2026-04-24T10:40:23.966+0000] {dag.py:3823} INFO - Setting next_dagrun for batch_pipeline to 2026-04-24 10:40:00+00:00, run_after=2026-04-24 10:42:00+00:00
[2026-04-24T10:40:23.999+0000] {processor.py:183} INFO - Processing /opt/airflow/dags/batch_pipeline_dag.py took 0.145 seconds
[2026-04-24T10:40:54.114+0000] {processor.py:161} INFO - Started process (PID=75) to work on /opt/airflow/dags/batch_pipeline_dag.py
[2026-04-24T10:40:54.117+0000] {processor.py:830} INFO - Processing file /opt/airflow/dags/batch_pipeline_dag.py for tasks to queue
[2026-04-24T10:40:54.121+0000] {logging_mixin.py:188} INFO - [2026-04-24T10:40:54.121+0000] {dagbag.py:538} INFO - Filling up the DagBag from /opt/airflow/dags/batch_pipeline_dag.py
[2026-04-24T10:40:54.145+0000] {processor.py:840} INFO - DAG(s) 'batch_pipeline' retrieved from /opt/airflow/dags/batch_pipeline_dag.py
[2026-04-24T10:40:54.181+0000] {logging_mixin.py:188} INFO - [2026-04-24T10:40:54.180+0000] {dag.py:3036} INFO - Sync 1 DAGs
[2026-04-24T10:40:54.221+0000] {logging_mixin.py:188} INFO - [2026-04-24T10:40:54.220+0000] {dag.py:3823} INFO - Setting next_dagrun for batch_pipeline to 2026-04-24 10:40:00+00:00, run_after=2026-04-24 10:42:00+00:00
[2026-04-24T10:40:54.247+0000] {processor.py:183} INFO - Processing /opt/airflow/dags/batch_pipeline_dag.py took 0.137 seconds
[2026-04-24T10:41:24.650+0000] {processor.py:161} INFO - Started process (PID=76) to work on /opt/airflow/dags/batch_pipeline_dag.py
[2026-04-24T10:41:24.652+0000] {processor.py:830} INFO - Processing file /opt/airflow/dags/batch_pipeline_dag.py for tasks to queue
[2026-04-24T10:41:24.666+0000] {logging_mixin.py:188} INFO - [2026-04-24T10:41:24.665+0000] {dagbag.py:538} INFO - Filling up the DagBag from /opt/airflow/dags/batch_pipeline_dag.py
[2026-04-24T10:41:24.705+0000] {processor.py:840} INFO - DAG(s) 'batch_pipeline' retrieved from /opt/airflow/dags/batch_pipeline_dag.py
[2026-04-24T10:41:24.796+0000] {logging_mixin.py:188} INFO - [2026-04-24T10:41:24.796+0000] {dag.py:3036} INFO - Sync 1 DAGs
[2026-04-24T10:41:24.840+0000] {logging_mixin.py:188} INFO - [2026-04-24T10:41:24.839+0000] {dag.py:3823} INFO - Setting next_dagrun for batch_pipeline to 2026-04-24 10:40:00+00:00, run_after=2026-04-24 10:42:00+00:00
[2026-04-24T10:41:24.907+0000] {processor.py:183} INFO - Processing /opt/airflow/dags/batch_pipeline_dag.py took 0.303 seconds
[2026-04-24T10:41:55.149+0000] {processor.py:161} INFO - Started process (PID=77) to work on /opt/airflow/dags/batch_pipeline_dag.py
[2026-04-24T10:41:55.150+0000] {processor.py:830} INFO - Processing file /opt/airflow/dags/batch_pipeline_dag.py for tasks to queue
[2026-04-24T10:41:55.157+0000] {logging_mixin.py:188} INFO - [2026-04-24T10:41:55.155+0000] {dagbag.py:538} INFO - Filling up the DagBag from /opt/airflow/dags/batch_pipeline_dag.py
[2026-04-24T10:41:55.191+0000] {processor.py:840} INFO - DAG(s) 'batch_pipeline' retrieved from /opt/airflow/dags/batch_pipeline_dag.py
[2026-04-24T10:41:55.233+0000] {logging_mixin.py:188} INFO - [2026-04-24T10:41:55.232+0000] {dag.py:3036} INFO - Sync 1 DAGs
[2026-04-24T10:41:55.277+0000] {logging_mixin.py:188} INFO - [2026-04-24T10:41:55.277+0000] {dag.py:3823} INFO - Setting next_dagrun for batch_pipeline to 2026-04-24 10:40:00+00:00, run_after=2026-04-24 10:42:00+00:00
[2026-04-24T10:41:55.305+0000] {processor.py:183} INFO - Processing /opt/airflow/dags/batch_pipeline_dag.py took 0.163 seconds
[2026-04-24T10:42:25.356+0000] {processor.py:161} INFO - Started process (PID=78) to work on /opt/airflow/dags/batch_pipeline_dag.py
[2026-04-24T10:42:25.356+0000] {processor.py:830} INFO - Processing file /opt/airflow/dags/batch_pipeline_dag.py for tasks to queue
[2026-04-24T10:42:25.360+0000] {logging_mixin.py:188} INFO - [2026-04-24T10:42:25.359+0000] {dagbag.py:538} INFO - Filling up the DagBag from /opt/airflow/dags/batch_pipeline_dag.py
[2026-04-24T10:42:25.374+0000] {processor.py:840} INFO - DAG(s) 'batch_pipeline' retrieved from /opt/airflow/dags/batch_pipeline_dag.py
[2026-04-24T10:42:25.406+0000] {logging_mixin.py:188} INFO - [2026-04-24T10:42:25.405+0000] {dag.py:3036} INFO - Sync 1 DAGs
[2026-04-24T10:42:25.445+0000] {logging_mixin.py:188} INFO - [2026-04-24T10:42:25.445+0000] {dag.py:3823} INFO - Setting next_dagrun for batch_pipeline to 2026-04-24 10:42:00+00:00, run_after=2026-04-24 10:44:00+00:00
[2026-04-24T10:42:25.470+0000] {processor.py:183} INFO - Processing /opt/airflow/dags/batch_pipeline_dag.py took 0.119 seconds
[2026-04-24T10:42:55.566+0000] {processor.py:161} INFO - Started process (PID=79) to work on /opt/airflow/dags/batch_pipeline_dag.py
[2026-04-24T10:42:55.569+0000] {processor.py:830} INFO - Processing file /opt/airflow/dags/batch_pipeline_dag.py for tasks to queue
[2026-04-24T10:42:55.571+0000] {logging_mixin.py:188} INFO - [2026-04-24T10:42:55.570+0000] {dagbag.py:538} INFO - Filling up the DagBag from /opt/airflow/dags/batch_pipeline_dag.py
[2026-04-24T10:42:55.586+0000] {processor.py:840} INFO - DAG(s) 'batch_pipeline' retrieved from /opt/airflow/dags/batch_pipeline_dag.py
[2026-04-24T10:42:55.619+0000] {logging_mixin.py:188} INFO - [2026-04-24T10:42:55.619+0000] {dag.py:3036} INFO - Sync 1 DAGs
[2026-04-24T10:42:55.684+0000] {logging_mixin.py:188} INFO - [2026-04-24T10:42:55.684+0000] {dag.py:3823} INFO - Setting next_dagrun for batch_pipeline to 2026-04-24 10:42:00+00:00, run_after=2026-04-24 10:44:00+00:00
[2026-04-24T10:42:55.713+0000] {processor.py:183} INFO - Processing /opt/airflow/dags/batch_pipeline_dag.py took 0.151 seconds
[2026-04-24T10:43:25.925+0000] {processor.py:161} INFO - Started process (PID=80) to work on /opt/airflow/dags/batch_pipeline_dag.py
[2026-04-24T10:43:25.926+0000] {processor.py:830} INFO - Processing file /opt/airflow/dags/batch_pipeline_dag.py for tasks to queue
[2026-04-24T10:43:25.929+0000] {logging_mixin.py:188} INFO - [2026-04-24T10:43:25.929+0000] {dagbag.py:538} INFO - Filling up the DagBag from /opt/airflow/dags/batch_pipeline_dag.py
[2026-04-24T10:43:25.945+0000] {processor.py:840} INFO - DAG(s) 'batch_pipeline' retrieved from /opt/airflow/dags/batch_pipeline_dag.py
[2026-04-24T10:43:25.985+0000] {logging_mixin.py:188} INFO - [2026-04-24T10:43:25.985+0000] {dag.py:3036} INFO - Sync 1 DAGs
[2026-04-24T10:43:26.032+0000] {logging_mixin.py:188} INFO - [2026-04-24T10:43:26.031+0000] {dag.py:3823} INFO - Setting next_dagrun for batch_pipeline to 2026-04-24 10:42:00+00:00, run_after=2026-04-24 10:44:00+00:00
[2026-04-24T10:43:26.064+0000] {processor.py:183} INFO - Processing /opt/airflow/dags/batch_pipeline_dag.py took 0.145 seconds
[2026-04-24T10:43:56.161+0000] {processor.py:161} INFO - Started process (PID=81) to work on /opt/airflow/dags/batch_pipeline_dag.py
[2026-04-24T10:43:56.163+0000] {processor.py:830} INFO - Processing file /opt/airflow/dags/batch_pipeline_dag.py for tasks to queue
[2026-04-24T10:43:56.165+0000] {logging_mixin.py:188} INFO - [2026-04-24T10:43:56.165+0000] {dagbag.py:538} INFO - Filling up the DagBag from /opt/airflow/dags/batch_pipeline_dag.py
[2026-04-24T10:43:56.180+0000] {processor.py:840} INFO - DAG(s) 'batch_pipeline' retrieved from /opt/airflow/dags/batch_pipeline_dag.py
[2026-04-24T10:43:56.214+0000] {logging_mixin.py:188} INFO - [2026-04-24T10:43:56.214+0000] {dag.py:3036} INFO - Sync 1 DAGs
[2026-04-24T10:43:56.264+0000] {logging_mixin.py:188} INFO - [2026-04-24T10:43:56.264+0000] {dag.py:3823} INFO - Setting next_dagrun for batch_pipeline to 2026-04-24 10:42:00+00:00, run_after=2026-04-24 10:44:00+00:00
[2026-04-24T10:43:56.316+0000] {processor.py:183} INFO - Processing /opt/airflow/dags/batch_pipeline_dag.py took 0.162 seconds
[2026-04-24T10:44:26.478+0000] {processor.py:161} INFO - Started process (PID=82) to work on /opt/airflow/dags/batch_pipeline_dag.py
[2026-04-24T10:44:26.479+0000] {processor.py:830} INFO - Processing file /opt/airflow/dags/batch_pipeline_dag.py for tasks to queue
[2026-04-24T10:44:26.480+0000] {logging_mixin.py:188} INFO - [2026-04-24T10:44:26.480+0000] {dagbag.py:538} INFO - Filling up the DagBag from /opt/airflow/dags/batch_pipeline_dag.py
[2026-04-24T10:44:26.496+0000] {processor.py:840} INFO - DAG(s) 'batch_pipeline' retrieved from /opt/airflow/dags/batch_pipeline_dag.py
[2026-04-24T10:44:26.535+0000] {logging_mixin.py:188} INFO - [2026-04-24T10:44:26.535+0000] {dag.py:3036} INFO - Sync 1 DAGs
[2026-04-24T10:44:26.573+0000] {logging_mixin.py:188} INFO - [2026-04-24T10:44:26.573+0000] {dag.py:3823} INFO - Setting next_dagrun for batch_pipeline to 2026-04-24 10:44:00+00:00, run_after=2026-04-24 10:46:00+00:00
[2026-04-24T10:44:26.598+0000] {processor.py:183} INFO - Processing /opt/airflow/dags/batch_pipeline_dag.py took 0.125 seconds
[2026-04-24T10:44:56.761+0000] {processor.py:161} INFO - Started process (PID=83) to work on /opt/airflow/dags/batch_pipeline_dag.py
[2026-04-24T10:44:56.763+0000] {processor.py:830} INFO - Processing file /opt/airflow/dags/batch_pipeline_dag.py for tasks to queue
[2026-04-24T10:44:56.766+0000] {logging_mixin.py:188} INFO - [2026-04-24T10:44:56.766+0000] {dagbag.py:538} INFO - Filling up the DagBag from /opt/airflow/dags/batch_pipeline_dag.py
[2026-04-24T10:44:56.808+0000] {processor.py:840} INFO - DAG(s) 'batch_pipeline' retrieved from /opt/airflow/dags/batch_pipeline_dag.py
[2026-04-24T10:44:56.889+0000] {logging_mixin.py:188} INFO - [2026-04-24T10:44:56.886+0000] {dag.py:3036} INFO - Sync 1 DAGs
[2026-04-24T10:44:56.969+0000] {logging_mixin.py:188} INFO - [2026-04-24T10:44:56.968+0000] {dag.py:3823} INFO - Setting next_dagrun for batch_pipeline to 2026-04-24 10:44:00+00:00, run_after=2026-04-24 10:46:00+00:00
[2026-04-24T10:44:57.029+0000] {processor.py:183} INFO - Processing /opt/airflow/dags/batch_pipeline_dag.py took 0.276 seconds
[2026-04-24T10:45:27.268+0000] {processor.py:161} INFO - Started process (PID=84) to work on /opt/airflow/dags/batch_pipeline_dag.py
[2026-04-24T10:45:27.269+0000] {processor.py:830} INFO - Processing file /opt/airflow/dags/batch_pipeline_dag.py for tasks to queue
[2026-04-24T10:45:27.273+0000] {logging_mixin.py:188} INFO - [2026-04-24T10:45:27.272+0000] {dagbag.py:538} INFO - Filling up the DagBag from /opt/airflow/dags/batch_pipeline_dag.py
[2026-04-24T10:45:27.301+0000] {processor.py:840} INFO - DAG(s) 'batch_pipeline' retrieved from /opt/airflow/dags/batch_pipeline_dag.py
[2026-04-24T10:45:27.351+0000] {logging_mixin.py:188} INFO - [2026-04-24T10:45:27.351+0000] {dag.py:3036} INFO - Sync 1 DAGs
[2026-04-24T10:45:27.409+0000] {logging_mixin.py:188} INFO - [2026-04-24T10:45:27.408+0000] {dag.py:3823} INFO - Setting next_dagrun for batch_pipeline to 2026-04-24 10:44:00+00:00, run_after=2026-04-24 10:46:00+00:00
[2026-04-24T10:45:27.472+0000] {processor.py:183} INFO - Processing /opt/airflow/dags/batch_pipeline_dag.py took 0.210 seconds
[2026-04-24T10:45:57.680+0000] {processor.py:161} INFO - Started process (PID=85) to work on /opt/airflow/dags/batch_pipeline_dag.py
[2026-04-24T10:45:57.680+0000] {processor.py:830} INFO - Processing file /opt/airflow/dags/batch_pipeline_dag.py for tasks to queue
[2026-04-24T10:45:57.684+0000] {logging_mixin.py:188} INFO - [2026-04-24T10:45:57.683+0000] {dagbag.py:538} INFO - Filling up the DagBag from /opt/airflow/dags/batch_pipeline_dag.py
[2026-04-24T10:45:57.709+0000] {processor.py:840} INFO - DAG(s) 'batch_pipeline' retrieved from /opt/airflow/dags/batch_pipeline_dag.py
[2026-04-24T10:45:57.747+0000] {logging_mixin.py:188} INFO - [2026-04-24T10:45:57.746+0000] {dag.py:3036} INFO - Sync 1 DAGs
[2026-04-24T10:45:57.785+0000] {logging_mixin.py:188} INFO - [2026-04-24T10:45:57.784+0000] {dag.py:3823} INFO - Setting next_dagrun for batch_pipeline to 2026-04-24 10:44:00+00:00, run_after=2026-04-24 10:46:00+00:00
[2026-04-24T10:45:57.812+0000] {processor.py:183} INFO - Processing /opt/airflow/dags/batch_pipeline_dag.py took 0.136 seconds
[2026-04-24T10:46:27.884+0000] {processor.py:161} INFO - Started process (PID=86) to work on /opt/airflow/dags/batch_pipeline_dag.py
[2026-04-24T10:46:27.887+0000] {processor.py:830} INFO - Processing file /opt/airflow/dags/batch_pipeline_dag.py for tasks to queue
[2026-04-24T10:46:27.890+0000] {logging_mixin.py:188} INFO - [2026-04-24T10:46:27.889+0000] {dagbag.py:538} INFO - Filling up the DagBag from /opt/airflow/dags/batch_pipeline_dag.py
[2026-04-24T10:46:27.921+0000] {processor.py:840} INFO - DAG(s) 'batch_pipeline' retrieved from /opt/airflow/dags/batch_pipeline_dag.py
[2026-04-24T10:46:27.996+0000] {logging_mixin.py:188} INFO - [2026-04-24T10:46:27.995+0000] {dag.py:3036} INFO - Sync 1 DAGs
[2026-04-24T10:46:28.041+0000] {logging_mixin.py:188} INFO - [2026-04-24T10:46:28.040+0000] {dag.py:3823} INFO - Setting next_dagrun for batch_pipeline to 2026-04-24 10:46:00+00:00, run_after=2026-04-24 10:48:00+00:00
[2026-04-24T10:46:28.073+0000] {processor.py:183} INFO - Processing /opt/airflow/dags/batch_pipeline_dag.py took 0.196 seconds
[2026-04-24T10:46:58.236+0000] {processor.py:161} INFO - Started process (PID=87) to work on /opt/airflow/dags/batch_pipeline_dag.py
[2026-04-24T10:46:58.237+0000] {processor.py:830} INFO - Processing file /opt/airflow/dags/batch_pipeline_dag.py for tasks to queue
[2026-04-24T10:46:58.240+0000] {logging_mixin.py:188} INFO - [2026-04-24T10:46:58.239+0000] {dagbag.py:538} INFO - Filling up the DagBag from /opt/airflow/dags/batch_pipeline_dag.py
[2026-04-24T10:46:58.267+0000] {processor.py:840} INFO - DAG(s) 'batch_pipeline' retrieved from /opt/airflow/dags/batch_pipeline_dag.py
[2026-04-24T10:46:58.326+0000] {logging_mixin.py:188} INFO - [2026-04-24T10:46:58.325+0000] {dag.py:3036} INFO - Sync 1 DAGs
[2026-04-24T10:46:58.368+0000] {logging_mixin.py:188} INFO - [2026-04-24T10:46:58.368+0000] {dag.py:3823} INFO - Setting next_dagrun for batch_pipeline to 2026-04-24 10:46:00+00:00, run_after=2026-04-24 10:48:00+00:00
[2026-04-24T10:46:58.404+0000] {processor.py:183} INFO - Processing /opt/airflow/dags/batch_pipeline_dag.py took 0.177 seconds
[2026-04-24T10:47:28.508+0000] {processor.py:161} INFO - Started process (PID=88) to work on /opt/airflow/dags/batch_pipeline_dag.py
[2026-04-24T10:47:28.511+0000] {processor.py:830} INFO - Processing file /opt/airflow/dags/batch_pipeline_dag.py for tasks to queue
[2026-04-24T10:47:28.514+0000] {logging_mixin.py:188} INFO - [2026-04-24T10:47:28.513+0000] {dagbag.py:538} INFO - Filling up the DagBag from /opt/airflow/dags/batch_pipeline_dag.py
[2026-04-24T10:47:28.537+0000] {processor.py:840} INFO - DAG(s) 'batch_pipeline' retrieved from /opt/airflow/dags/batch_pipeline_dag.py
[2026-04-24T10:47:28.578+0000] {logging_mixin.py:188} INFO - [2026-04-24T10:47:28.578+0000] {dag.py:3036} INFO - Sync 1 DAGs
[2026-04-24T10:47:28.634+0000] {logging_mixin.py:188} INFO - [2026-04-24T10:47:28.634+0000] {dag.py:3823} INFO - Setting next_dagrun for batch_pipeline to 2026-04-24 10:46:00+00:00, run_after=2026-04-24 10:48:00+00:00
[2026-04-24T10:47:28.677+0000] {processor.py:183} INFO - Processing /opt/airflow/dags/batch_pipeline_dag.py took 0.172 seconds
[2026-04-24T10:47:58.821+0000] {processor.py:161} INFO - Started process (PID=89) to work on /opt/airflow/dags/batch_pipeline_dag.py
[2026-04-24T10:47:58.822+0000] {processor.py:830} INFO - Processing file /opt/airflow/dags/batch_pipeline_dag.py for tasks to queue
[2026-04-24T10:47:58.823+0000] {logging_mixin.py:188} INFO - [2026-04-24T10:47:58.823+0000] {dagbag.py:538} INFO - Filling up the DagBag from /opt/airflow/dags/batch_pipeline_dag.py
[2026-04-24T10:47:58.841+0000] {processor.py:840} INFO - DAG(s) 'batch_pipeline' retrieved from /opt/airflow/dags/batch_pipeline_dag.py
[2026-04-24T10:47:58.873+0000] {logging_mixin.py:188} INFO - [2026-04-24T10:47:58.873+0000] {dag.py:3036} INFO - Sync 1 DAGs
[2026-04-24T10:47:58.911+0000] {logging_mixin.py:188} INFO - [2026-04-24T10:47:58.911+0000] {dag.py:3823} INFO - Setting next_dagrun for batch_pipeline to 2026-04-24 10:46:00+00:00, run_after=2026-04-24 10:48:00+00:00
[2026-04-24T10:47:58.941+0000] {processor.py:183} INFO - Processing /opt/airflow/dags/batch_pipeline_dag.py took 0.124 seconds
[2026-04-24T10:48:29.141+0000] {processor.py:161} INFO - Started process (PID=90) to work on /opt/airflow/dags/batch_pipeline_dag.py
[2026-04-24T10:48:29.144+0000] {processor.py:830} INFO - Processing file /opt/airflow/dags/batch_pipeline_dag.py for tasks to queue
[2026-04-24T10:48:29.148+0000] {logging_mixin.py:188} INFO - [2026-04-24T10:48:29.147+0000] {dagbag.py:538} INFO - Filling up the DagBag from /opt/airflow/dags/batch_pipeline_dag.py
[2026-04-24T10:48:29.165+0000] {processor.py:840} INFO - DAG(s) 'batch_pipeline' retrieved from /opt/airflow/dags/batch_pipeline_dag.py
[2026-04-24T10:48:29.197+0000] {logging_mixin.py:188} INFO - [2026-04-24T10:48:29.196+0000] {dag.py:3036} INFO - Sync 1 DAGs
[2026-04-24T10:48:29.234+0000] {logging_mixin.py:188} INFO - [2026-04-24T10:48:29.234+0000] {dag.py:3823} INFO - Setting next_dagrun for batch_pipeline to 2026-04-24 10:48:00+00:00, run_after=2026-04-24 10:50:00+00:00
[2026-04-24T10:48:29.259+0000] {processor.py:183} INFO - Processing /opt/airflow/dags/batch_pipeline_dag.py took 0.122 seconds
[2026-04-24T10:48:59.379+0000] {processor.py:161} INFO - Started process (PID=91) to work on /opt/airflow/dags/batch_pipeline_dag.py
[2026-04-24T10:48:59.380+0000] {processor.py:830} INFO - Processing file /opt/airflow/dags/batch_pipeline_dag.py for tasks to queue
[2026-04-24T10:48:59.383+0000] {logging_mixin.py:188} INFO - [2026-04-24T10:48:59.382+0000] {dagbag.py:538} INFO - Filling up the DagBag from /opt/airflow/dags/batch_pipeline_dag.py
[2026-04-24T10:48:59.399+0000] {processor.py:840} INFO - DAG(s) 'batch_pipeline' retrieved from /opt/airflow/dags/batch_pipeline_dag.py
[2026-04-24T10:48:59.434+0000] {logging_mixin.py:188} INFO - [2026-04-24T10:48:59.433+0000] {dag.py:3036} INFO - Sync 1 DAGs
[2026-04-24T10:48:59.476+0000] {logging_mixin.py:188} INFO - [2026-04-24T10:48:59.475+0000] {dag.py:3823} INFO - Setting next_dagrun for batch_pipeline to 2026-04-24 10:48:00+00:00, run_after=2026-04-24 10:50:00+00:00
[2026-04-24T10:48:59.501+0000] {processor.py:183} INFO - Processing /opt/airflow/dags/batch_pipeline_dag.py took 0.126 seconds
[2026-04-24T10:49:29.677+0000] {processor.py:161} INFO - Started process (PID=92) to work on /opt/airflow/dags/batch_pipeline_dag.py
[2026-04-24T10:49:29.678+0000] {processor.py:830} INFO - Processing file /opt/airflow/dags/batch_pipeline_dag.py for tasks to queue
[2026-04-24T10:49:29.680+0000] {logging_mixin.py:188} INFO - [2026-04-24T10:49:29.680+0000] {dagbag.py:538} INFO - Filling up the DagBag from /opt/airflow/dags/batch_pipeline_dag.py
[2026-04-24T10:49:29.697+0000] {processor.py:840} INFO - DAG(s) 'batch_pipeline' retrieved from /opt/airflow/dags/batch_pipeline_dag.py
[2026-04-24T10:49:29.731+0000] {logging_mixin.py:188} INFO - [2026-04-24T10:49:29.730+0000] {dag.py:3036} INFO - Sync 1 DAGs
[2026-04-24T10:49:29.768+0000] {logging_mixin.py:188} INFO - [2026-04-24T10:49:29.768+0000] {dag.py:3823} INFO - Setting next_dagrun for batch_pipeline to 2026-04-24 10:48:00+00:00, run_after=2026-04-24 10:50:00+00:00
[2026-04-24T10:49:29.800+0000] {processor.py:183} INFO - Processing /opt/airflow/dags/batch_pipeline_dag.py took 0.129 seconds
[2026-04-24T10:49:59.903+0000] {processor.py:161} INFO - Started process (PID=93) to work on /opt/airflow/dags/batch_pipeline_dag.py
[2026-04-24T10:49:59.904+0000] {processor.py:830} INFO - Processing file /opt/airflow/dags/batch_pipeline_dag.py for tasks to queue
[2026-04-24T10:49:59.906+0000] {logging_mixin.py:188} INFO - [2026-04-24T10:49:59.906+0000] {dagbag.py:538} INFO - Filling up the DagBag from /opt/airflow/dags/batch_pipeline_dag.py
[2026-04-24T10:49:59.922+0000] {processor.py:840} INFO - DAG(s) 'batch_pipeline' retrieved from /opt/airflow/dags/batch_pipeline_dag.py
[2026-04-24T10:49:59.980+0000] {logging_mixin.py:188} INFO - [2026-04-24T10:49:59.979+0000] {dag.py:3036} INFO - Sync 1 DAGs
[2026-04-24T10:50:00.040+0000] {logging_mixin.py:188} INFO - [2026-04-24T10:50:00.040+0000] {dag.py:3823} INFO - Setting next_dagrun for batch_pipeline to 2026-04-24 10:48:00+00:00, run_after=2026-04-24 10:50:00+00:00
[2026-04-24T10:50:00.072+0000] {processor.py:183} INFO - Processing /opt/airflow/dags/batch_pipeline_dag.py took 0.173 seconds
[2026-04-24T10:50:30.249+0000] {processor.py:161} INFO - Started process (PID=94) to work on /opt/airflow/dags/batch_pipeline_dag.py
[2026-04-24T10:50:30.252+0000] {processor.py:830} INFO - Processing file /opt/airflow/dags/batch_pipeline_dag.py for tasks to queue
[2026-04-24T10:50:30.254+0000] {logging_mixin.py:188} INFO - [2026-04-24T10:50:30.254+0000] {dagbag.py:538} INFO - Filling up the DagBag from /opt/airflow/dags/batch_pipeline_dag.py
[2026-04-24T10:50:30.272+0000] {processor.py:840} INFO - DAG(s) 'batch_pipeline' retrieved from /opt/airflow/dags/batch_pipeline_dag.py
[2026-04-24T10:50:30.304+0000] {logging_mixin.py:188} INFO - [2026-04-24T10:50:30.304+0000] {dag.py:3036} INFO - Sync 1 DAGs
[2026-04-24T10:50:30.344+0000] {logging_mixin.py:188} INFO - [2026-04-24T10:50:30.343+0000] {dag.py:3823} INFO - Setting next_dagrun for batch_pipeline to 2026-04-24 10:50:00+00:00, run_after=2026-04-24 10:52:00+00:00
[2026-04-24T10:50:30.371+0000] {processor.py:183} INFO - Processing /opt/airflow/dags/batch_pipeline_dag.py took 0.130 seconds
[2026-04-24T10:51:00.480+0000] {processor.py:161} INFO - Started process (PID=95) to work on /opt/airflow/dags/batch_pipeline_dag.py
[2026-04-24T10:51:00.481+0000] {processor.py:830} INFO - Processing file /opt/airflow/dags/batch_pipeline_dag.py for tasks to queue
[2026-04-24T10:51:00.483+0000] {logging_mixin.py:188} INFO - [2026-04-24T10:51:00.482+0000] {dagbag.py:538} INFO - Filling up the DagBag from /opt/airflow/dags/batch_pipeline_dag.py
[2026-04-24T10:51:00.501+0000] {processor.py:840} INFO - DAG(s) 'batch_pipeline' retrieved from /opt/airflow/dags/batch_pipeline_dag.py
[2026-04-24T10:51:00.532+0000] {logging_mixin.py:188} INFO - [2026-04-24T10:51:00.531+0000] {dag.py:3036} INFO - Sync 1 DAGs
[2026-04-24T10:51:00.569+0000] {logging_mixin.py:188} INFO - [2026-04-24T10:51:00.569+0000] {dag.py:3823} INFO - Setting next_dagrun for batch_pipeline to 2026-04-24 10:50:00+00:00, run_after=2026-04-24 10:52:00+00:00
[2026-04-24T10:51:00.598+0000] {processor.py:183} INFO - Processing /opt/airflow/dags/batch_pipeline_dag.py took 0.122 seconds
[2026-04-24T10:51:30.801+0000] {processor.py:161} INFO - Started process (PID=96) to work on /opt/airflow/dags/batch_pipeline_dag.py
[2026-04-24T10:51:30.803+0000] {processor.py:830} INFO - Processing file /opt/airflow/dags/batch_pipeline_dag.py for tasks to queue
[2026-04-24T10:51:30.806+0000] {logging_mixin.py:188} INFO - [2026-04-24T10:51:30.805+0000] {dagbag.py:538} INFO - Filling up the DagBag from /opt/airflow/dags/batch_pipeline_dag.py
[2026-04-24T10:51:30.821+0000] {processor.py:840} INFO - DAG(s) 'batch_pipeline' retrieved from /opt/airflow/dags/batch_pipeline_dag.py
[2026-04-24T10:51:30.853+0000] {logging_mixin.py:188} INFO - [2026-04-24T10:51:30.853+0000] {dag.py:3036} INFO - Sync 1 DAGs
[2026-04-24T10:51:30.891+0000] {logging_mixin.py:188} INFO - [2026-04-24T10:51:30.891+0000] {dag.py:3823} INFO - Setting next_dagrun for batch_pipeline to 2026-04-24 10:50:00+00:00, run_after=2026-04-24 10:52:00+00:00
[2026-04-24T10:51:30.919+0000] {processor.py:183} INFO - Processing /opt/airflow/dags/batch_pipeline_dag.py took 0.123 seconds
[2026-04-24T10:52:01.011+0000] {processor.py:161} INFO - Started process (PID=97) to work on /opt/airflow/dags/batch_pipeline_dag.py
[2026-04-24T10:52:01.012+0000] {processor.py:830} INFO - Processing file /opt/airflow/dags/batch_pipeline_dag.py for tasks to queue
[2026-04-24T10:52:01.015+0000] {logging_mixin.py:188} INFO - [2026-04-24T10:52:01.015+0000] {dagbag.py:538} INFO - Filling up the DagBag from /opt/airflow/dags/batch_pipeline_dag.py
[2026-04-24T10:52:01.047+0000] {processor.py:840} INFO - DAG(s) 'batch_pipeline' retrieved from /opt/airflow/dags/batch_pipeline_dag.py
[2026-04-24T10:52:01.104+0000] {logging_mixin.py:188} INFO - [2026-04-24T10:52:01.104+0000] {dag.py:3036} INFO - Sync 1 DAGs
[2026-04-24T10:52:01.153+0000] {logging_mixin.py:188} INFO - [2026-04-24T10:52:01.153+0000] {dag.py:3823} INFO - Setting next_dagrun for batch_pipeline to 2026-04-24 10:52:00+00:00, run_after=2026-04-24 10:54:00+00:00
[2026-04-24T10:52:01.198+0000] {processor.py:183} INFO - Processing /opt/airflow/dags/batch_pipeline_dag.py took 0.196 seconds
[2026-04-24T10:52:31.333+0000] {processor.py:161} INFO - Started process (PID=98) to work on /opt/airflow/dags/batch_pipeline_dag.py
[2026-04-24T10:52:31.336+0000] {processor.py:830} INFO - Processing file /opt/airflow/dags/batch_pipeline_dag.py for tasks to queue
[2026-04-24T10:52:31.341+0000] {logging_mixin.py:188} INFO - [2026-04-24T10:52:31.341+0000] {dagbag.py:538} INFO - Filling up the DagBag from /opt/airflow/dags/batch_pipeline_dag.py
[2026-04-24T10:52:31.360+0000] {processor.py:840} INFO - DAG(s) 'batch_pipeline' retrieved from /opt/airflow/dags/batch_pipeline_dag.py
[2026-04-24T10:52:31.394+0000] {logging_mixin.py:188} INFO - [2026-04-24T10:52:31.394+0000] {dag.py:3036} INFO - Sync 1 DAGs
[2026-04-24T10:52:31.436+0000] {logging_mixin.py:188} INFO - [2026-04-24T10:52:31.436+0000] {dag.py:3823} INFO - Setting next_dagrun for batch_pipeline to 2026-04-24 10:52:00+00:00, run_after=2026-04-24 10:54:00+00:00
[2026-04-24T10:52:31.464+0000] {processor.py:183} INFO - Processing /opt/airflow/dags/batch_pipeline_dag.py took 0.135 seconds
[2026-04-24T10:53:01.630+0000] {processor.py:161} INFO - Started process (PID=99) to work on /opt/airflow/dags/batch_pipeline_dag.py
[2026-04-24T10:53:01.631+0000] {processor.py:830} INFO - Processing file /opt/airflow/dags/batch_pipeline_dag.py for tasks to queue
[2026-04-24T10:53:01.634+0000] {logging_mixin.py:188} INFO - [2026-04-24T10:53:01.633+0000] {dagbag.py:538} INFO - Filling up the DagBag from /opt/airflow/dags/batch_pipeline_dag.py
[2026-04-24T10:53:01.682+0000] {processor.py:840} INFO - DAG(s) 'batch_pipeline' retrieved from /opt/airflow/dags/batch_pipeline_dag.py
[2026-04-24T10:53:01.733+0000] {logging_mixin.py:188} INFO - [2026-04-24T10:53:01.733+0000] {dag.py:3036} INFO - Sync 1 DAGs
[2026-04-24T10:53:01.781+0000] {logging_mixin.py:188} INFO - [2026-04-24T10:53:01.781+0000] {dag.py:3823} INFO - Setting next_dagrun for batch_pipeline to 2026-04-24 10:52:00+00:00, run_after=2026-04-24 10:54:00+00:00
[2026-04-24T10:53:01.811+0000] {processor.py:183} INFO - Processing /opt/airflow/dags/batch_pipeline_dag.py took 0.187 seconds
[2026-04-24T10:53:31.903+0000] {processor.py:161} INFO - Started process (PID=100) to work on /opt/airflow/dags/batch_pipeline_dag.py
[2026-04-24T10:53:31.906+0000] {processor.py:830} INFO - Processing file /opt/airflow/dags/batch_pipeline_dag.py for tasks to queue
[2026-04-24T10:53:31.908+0000] {logging_mixin.py:188} INFO - [2026-04-24T10:53:31.907+0000] {dagbag.py:538} INFO - Filling up the DagBag from /opt/airflow/dags/batch_pipeline_dag.py
[2026-04-24T10:53:31.923+0000] {processor.py:840} INFO - DAG(s) 'batch_pipeline' retrieved from /opt/airflow/dags/batch_pipeline_dag.py
[2026-04-24T10:53:31.955+0000] {logging_mixin.py:188} INFO - [2026-04-24T10:53:31.955+0000] {dag.py:3036} INFO - Sync 1 DAGs
[2026-04-24T10:53:31.991+0000] {logging_mixin.py:188} INFO - [2026-04-24T10:53:31.991+0000] {dag.py:3823} INFO - Setting next_dagrun for batch_pipeline to 2026-04-24 10:52:00+00:00, run_after=2026-04-24 10:54:00+00:00
[2026-04-24T10:53:32.027+0000] {processor.py:183} INFO - Processing /opt/airflow/dags/batch_pipeline_dag.py took 0.127 seconds
[2026-04-24T10:54:02.259+0000] {processor.py:161} INFO - Started process (PID=101) to work on /opt/airflow/dags/batch_pipeline_dag.py
[2026-04-24T10:54:02.260+0000] {processor.py:830} INFO - Processing file /opt/airflow/dags/batch_pipeline_dag.py for tasks to queue
[2026-04-24T10:54:02.263+0000] {logging_mixin.py:188} INFO - [2026-04-24T10:54:02.263+0000] {dagbag.py:538} INFO - Filling up the DagBag from /opt/airflow/dags/batch_pipeline_dag.py
[2026-04-24T10:54:02.292+0000] {processor.py:840} INFO - DAG(s) 'batch_pipeline' retrieved from /opt/airflow/dags/batch_pipeline_dag.py
[2026-04-24T10:54:02.362+0000] {logging_mixin.py:188} INFO - [2026-04-24T10:54:02.361+0000] {dag.py:3036} INFO - Sync 1 DAGs
[2026-04-24T10:54:02.471+0000] {logging_mixin.py:188} INFO - [2026-04-24T10:54:02.470+0000] {dag.py:3823} INFO - Setting next_dagrun for batch_pipeline to 2026-04-24 10:54:00+00:00, run_after=2026-04-24 10:56:00+00:00
[2026-04-24T10:54:02.529+0000] {processor.py:183} INFO - Processing /opt/airflow/dags/batch_pipeline_dag.py took 0.281 seconds
[2026-04-24T10:54:32.777+0000] {processor.py:161} INFO - Started process (PID=102) to work on /opt/airflow/dags/batch_pipeline_dag.py
[2026-04-24T10:54:32.780+0000] {processor.py:830} INFO - Processing file /opt/airflow/dags/batch_pipeline_dag.py for tasks to queue
[2026-04-24T10:54:32.784+0000] {logging_mixin.py:188} INFO - [2026-04-24T10:54:32.783+0000] {dagbag.py:538} INFO - Filling up the DagBag from /opt/airflow/dags/batch_pipeline_dag.py
[2026-04-24T10:54:32.806+0000] {processor.py:840} INFO - DAG(s) 'batch_pipeline' retrieved from /opt/airflow/dags/batch_pipeline_dag.py
[2026-04-24T10:54:32.849+0000] {logging_mixin.py:188} INFO - [2026-04-24T10:54:32.848+0000] {dag.py:3036} INFO - Sync 1 DAGs
[2026-04-24T10:54:32.892+0000] {logging_mixin.py:188} INFO - [2026-04-24T10:54:32.891+0000] {dag.py:3823} INFO - Setting next_dagrun for batch_pipeline to 2026-04-24 10:54:00+00:00, run_after=2026-04-24 10:56:00+00:00
[2026-04-24T10:54:32.922+0000] {processor.py:183} INFO - Processing /opt/airflow/dags/batch_pipeline_dag.py took 0.148 seconds
[2026-04-24T10:55:03.010+0000] {processor.py:161} INFO - Started process (PID=103) to work on /opt/airflow/dags/batch_pipeline_dag.py
[2026-04-24T10:55:03.013+0000] {processor.py:830} INFO - Processing file /opt/airflow/dags/batch_pipeline_dag.py for tasks to queue
[2026-04-24T10:55:03.017+0000] {logging_mixin.py:188} INFO - [2026-04-24T10:55:03.017+0000] {dagbag.py:538} INFO - Filling up the DagBag from /opt/airflow/dags/batch_pipeline_dag.py
[2026-04-24T10:55:03.053+0000] {processor.py:840} INFO - DAG(s) 'batch_pipeline' retrieved from /opt/airflow/dags/batch_pipeline_dag.py
[2026-04-24T10:55:03.114+0000] {logging_mixin.py:188} INFO - [2026-04-24T10:55:03.113+0000] {dag.py:3036} INFO - Sync 1 DAGs
[2026-04-24T10:55:03.185+0000] {logging_mixin.py:188} INFO - [2026-04-24T10:55:03.185+0000] {dag.py:3823} INFO - Setting next_dagrun for batch_pipeline to 2026-04-24 10:54:00+00:00, run_after=2026-04-24 10:56:00+00:00
[2026-04-24T10:55:03.307+0000] {processor.py:183} INFO - Processing /opt/airflow/dags/batch_pipeline_dag.py took 0.309 seconds
[2026-04-24T10:55:33.532+0000] {processor.py:161} INFO - Started process (PID=104) to work on /opt/airflow/dags/batch_pipeline_dag.py
[2026-04-24T10:55:33.537+0000] {processor.py:830} INFO - Processing file /opt/airflow/dags/batch_pipeline_dag.py for tasks to queue
[2026-04-24T10:55:33.539+0000] {logging_mixin.py:188} INFO - [2026-04-24T10:55:33.539+0000] {dagbag.py:538} INFO - Filling up the DagBag from /opt/airflow/dags/batch_pipeline_dag.py
[2026-04-24T10:55:33.556+0000] {processor.py:840} INFO - DAG(s) 'batch_pipeline' retrieved from /opt/airflow/dags/batch_pipeline_dag.py
[2026-04-24T10:55:33.591+0000] {logging_mixin.py:188} INFO - [2026-04-24T10:55:33.591+0000] {dag.py:3036} INFO - Sync 1 DAGs
[2026-04-24T10:55:33.644+0000] {logging_mixin.py:188} INFO - [2026-04-24T10:55:33.644+0000] {dag.py:3823} INFO - Setting next_dagrun for batch_pipeline to 2026-04-24 10:54:00+00:00, run_after=2026-04-24 10:56:00+00:00
[2026-04-24T10:55:33.678+0000] {processor.py:183} INFO - Processing /opt/airflow/dags/batch_pipeline_dag.py took 0.150 seconds
[2026-04-24T10:56:03.765+0000] {processor.py:161} INFO - Started process (PID=105) to work on /opt/airflow/dags/batch_pipeline_dag.py
[2026-04-24T10:56:03.766+0000] {processor.py:830} INFO - Processing file /opt/airflow/dags/batch_pipeline_dag.py for tasks to queue
[2026-04-24T10:56:03.769+0000] {logging_mixin.py:188} INFO - [2026-04-24T10:56:03.769+0000] {dagbag.py:538} INFO - Filling up the DagBag from /opt/airflow/dags/batch_pipeline_dag.py
[2026-04-24T10:56:03.788+0000] {processor.py:840} INFO - DAG(s) 'batch_pipeline' retrieved from /opt/airflow/dags/batch_pipeline_dag.py
[2026-04-24T10:56:04.075+0000] {logging_mixin.py:188} INFO - [2026-04-24T10:56:04.075+0000] {dag.py:3036} INFO - Sync 1 DAGs
[2026-04-24T10:56:04.155+0000] {logging_mixin.py:188} INFO - [2026-04-24T10:56:04.154+0000] {dag.py:3823} INFO - Setting next_dagrun for batch_pipeline to 2026-04-24 10:56:00+00:00, run_after=2026-04-24 10:58:00+00:00
[2026-04-24T10:56:04.205+0000] {processor.py:183} INFO - Processing /opt/airflow/dags/batch_pipeline_dag.py took 0.449 seconds
[2026-04-24T10:56:34.424+0000] {processor.py:161} INFO - Started process (PID=106) to work on /opt/airflow/dags/batch_pipeline_dag.py
[2026-04-24T10:56:34.427+0000] {processor.py:830} INFO - Processing file /opt/airflow/dags/batch_pipeline_dag.py for tasks to queue
[2026-04-24T10:56:34.436+0000] {logging_mixin.py:188} INFO - [2026-04-24T10:56:34.434+0000] {dagbag.py:538} INFO - Filling up the DagBag from /opt/airflow/dags/batch_pipeline_dag.py
[2026-04-24T10:56:34.544+0000] {processor.py:840} INFO - DAG(s) 'batch_pipeline' retrieved from /opt/airflow/dags/batch_pipeline_dag.py
[2026-04-24T10:56:35.280+0000] {logging_mixin.py:188} INFO - [2026-04-24T10:56:35.278+0000] {dag.py:3036} INFO - Sync 1 DAGs
[2026-04-24T10:56:35.368+0000] {logging_mixin.py:188} INFO - [2026-04-24T10:56:35.367+0000] {dag.py:3823} INFO - Setting next_dagrun for batch_pipeline to 2026-04-24 10:56:00+00:00, run_after=2026-04-24 10:58:00+00:00
[2026-04-24T10:56:35.425+0000] {processor.py:183} INFO - Processing /opt/airflow/dags/batch_pipeline_dag.py took 1.013 seconds
[2026-04-24T10:57:05.638+0000] {processor.py:161} INFO - Started process (PID=107) to work on /opt/airflow/dags/batch_pipeline_dag.py
[2026-04-24T10:57:05.639+0000] {processor.py:830} INFO - Processing file /opt/airflow/dags/batch_pipeline_dag.py for tasks to queue
[2026-04-24T10:57:05.643+0000] {logging_mixin.py:188} INFO - [2026-04-24T10:57:05.643+0000] {dagbag.py:538} INFO - Filling up the DagBag from /opt/airflow/dags/batch_pipeline_dag.py
[2026-04-24T10:57:05.689+0000] {processor.py:840} INFO - DAG(s) 'batch_pipeline' retrieved from /opt/airflow/dags/batch_pipeline_dag.py
[2026-04-24T10:57:05.736+0000] {logging_mixin.py:188} INFO - [2026-04-24T10:57:05.736+0000] {dag.py:3036} INFO - Sync 1 DAGs
[2026-04-24T10:57:05.802+0000] {logging_mixin.py:188} INFO - [2026-04-24T10:57:05.802+0000] {dag.py:3823} INFO - Setting next_dagrun for batch_pipeline to 2026-04-24 10:56:00+00:00, run_after=2026-04-24 10:58:00+00:00
[2026-04-24T10:57:05.833+0000] {processor.py:183} INFO - Processing /opt/airflow/dags/batch_pipeline_dag.py took 0.201 seconds
[2026-04-24T10:57:35.884+0000] {processor.py:161} INFO - Started process (PID=108) to work on /opt/airflow/dags/batch_pipeline_dag.py
[2026-04-24T10:57:35.885+0000] {processor.py:830} INFO - Processing file /opt/airflow/dags/batch_pipeline_dag.py for tasks to queue
[2026-04-24T10:57:35.887+0000] {logging_mixin.py:188} INFO - [2026-04-24T10:57:35.886+0000] {dagbag.py:538} INFO - Filling up the DagBag from /opt/airflow/dags/batch_pipeline_dag.py
[2026-04-24T10:57:35.904+0000] {processor.py:840} INFO - DAG(s) 'batch_pipeline' retrieved from /opt/airflow/dags/batch_pipeline_dag.py
[2026-04-24T10:57:35.939+0000] {logging_mixin.py:188} INFO - [2026-04-24T10:57:35.939+0000] {dag.py:3036} INFO - Sync 1 DAGs
[2026-04-24T10:57:35.977+0000] {logging_mixin.py:188} INFO - [2026-04-24T10:57:35.976+0000] {dag.py:3823} INFO - Setting next_dagrun for batch_pipeline to 2026-04-24 10:56:00+00:00, run_after=2026-04-24 10:58:00+00:00
[2026-04-24T10:57:36.008+0000] {processor.py:183} INFO - Processing /opt/airflow/dags/batch_pipeline_dag.py took 0.129 seconds
[2026-04-24T10:58:06.088+0000] {processor.py:161} INFO - Started process (PID=109) to work on /opt/airflow/dags/batch_pipeline_dag.py
[2026-04-24T10:58:06.089+0000] {processor.py:830} INFO - Processing file /opt/airflow/dags/batch_pipeline_dag.py for tasks to queue
[2026-04-24T10:58:06.091+0000] {logging_mixin.py:188} INFO - [2026-04-24T10:58:06.090+0000] {dagbag.py:538} INFO - Filling up the DagBag from /opt/airflow/dags/batch_pipeline_dag.py
[2026-04-24T10:58:06.107+0000] {processor.py:840} INFO - DAG(s) 'batch_pipeline' retrieved from /opt/airflow/dags/batch_pipeline_dag.py
[2026-04-24T10:58:06.142+0000] {logging_mixin.py:188} INFO - [2026-04-24T10:58:06.142+0000] {dag.py:3036} INFO - Sync 1 DAGs
[2026-04-24T10:58:06.176+0000] {logging_mixin.py:188} INFO - [2026-04-24T10:58:06.176+0000] {dag.py:3823} INFO - Setting next_dagrun for batch_pipeline to 2026-04-24 10:58:00+00:00, run_after=2026-04-24 11:00:00+00:00
[2026-04-24T10:58:06.206+0000] {processor.py:183} INFO - Processing /opt/airflow/dags/batch_pipeline_dag.py took 0.122 seconds
[2026-04-24T10:58:36.438+0000] {processor.py:161} INFO - Started process (PID=110) to work on /opt/airflow/dags/batch_pipeline_dag.py
[2026-04-24T10:58:36.440+0000] {processor.py:830} INFO - Processing file /opt/airflow/dags/batch_pipeline_dag.py for tasks to queue
[2026-04-24T10:58:36.443+0000] {logging_mixin.py:188} INFO - [2026-04-24T10:58:36.442+0000] {dagbag.py:538} INFO - Filling up the DagBag from /opt/airflow/dags/batch_pipeline_dag.py
[2026-04-24T10:58:36.460+0000] {processor.py:840} INFO - DAG(s) 'batch_pipeline' retrieved from /opt/airflow/dags/batch_pipeline_dag.py
[2026-04-24T10:58:36.492+0000] {logging_mixin.py:188} INFO - [2026-04-24T10:58:36.491+0000] {dag.py:3036} INFO - Sync 1 DAGs
[2026-04-24T10:58:36.526+0000] {logging_mixin.py:188} INFO - [2026-04-24T10:58:36.526+0000] {dag.py:3823} INFO - Setting next_dagrun for batch_pipeline to 2026-04-24 10:58:00+00:00, run_after=2026-04-24 11:00:00+00:00
[2026-04-24T10:58:36.554+0000] {processor.py:183} INFO - Processing /opt/airflow/dags/batch_pipeline_dag.py took 0.121 seconds
[2026-04-24T10:59:06.673+0000] {processor.py:161} INFO - Started process (PID=111) to work on /opt/airflow/dags/batch_pipeline_dag.py
[2026-04-24T10:59:06.674+0000] {processor.py:830} INFO - Processing file /opt/airflow/dags/batch_pipeline_dag.py for tasks to queue
[2026-04-24T10:59:06.678+0000] {logging_mixin.py:188} INFO - [2026-04-24T10:59:06.678+0000] {dagbag.py:538} INFO - Filling up the DagBag from /opt/airflow/dags/batch_pipeline_dag.py
[2026-04-24T10:59:06.702+0000] {processor.py:840} INFO - DAG(s) 'batch_pipeline' retrieved from /opt/airflow/dags/batch_pipeline_dag.py
[2026-04-24T10:59:06.756+0000] {logging_mixin.py:188} INFO - [2026-04-24T10:59:06.756+0000] {dag.py:3036} INFO - Sync 1 DAGs
[2026-04-24T10:59:06.821+0000] {logging_mixin.py:188} INFO - [2026-04-24T10:59:06.821+0000] {dag.py:3823} INFO - Setting next_dagrun for batch_pipeline to 2026-04-24 10:58:00+00:00, run_after=2026-04-24 11:00:00+00:00
[2026-04-24T10:59:06.868+0000] {processor.py:183} INFO - Processing /opt/airflow/dags/batch_pipeline_dag.py took 0.199 seconds
[2026-04-24T10:59:36.970+0000] {processor.py:161} INFO - Started process (PID=112) to work on /opt/airflow/dags/batch_pipeline_dag.py
[2026-04-24T10:59:36.973+0000] {processor.py:830} INFO - Processing file /opt/airflow/dags/batch_pipeline_dag.py for tasks to queue
[2026-04-24T10:59:36.977+0000] {logging_mixin.py:188} INFO - [2026-04-24T10:59:36.976+0000] {dagbag.py:538} INFO - Filling up the DagBag from /opt/airflow/dags/batch_pipeline_dag.py
[2026-04-24T10:59:36.994+0000] {processor.py:840} INFO - DAG(s) 'batch_pipeline' retrieved from /opt/airflow/dags/batch_pipeline_dag.py
[2026-04-24T10:59:37.026+0000] {logging_mixin.py:188} INFO - [2026-04-24T10:59:37.025+0000] {dag.py:3036} INFO - Sync 1 DAGs
[2026-04-24T10:59:37.066+0000] {logging_mixin.py:188} INFO - [2026-04-24T10:59:37.066+0000] {dag.py:3823} INFO - Setting next_dagrun for batch_pipeline to 2026-04-24 10:58:00+00:00, run_after=2026-04-24 11:00:00+00:00
[2026-04-24T10:59:37.096+0000] {processor.py:183} INFO - Processing /opt/airflow/dags/batch_pipeline_dag.py took 0.130 seconds
[2026-04-24T11:00:07.287+0000] {processor.py:161} INFO - Started process (PID=113) to work on /opt/airflow/dags/batch_pipeline_dag.py
[2026-04-24T11:00:07.288+0000] {processor.py:830} INFO - Processing file /opt/airflow/dags/batch_pipeline_dag.py for tasks to queue
[2026-04-24T11:00:07.292+0000] {logging_mixin.py:188} INFO - [2026-04-24T11:00:07.292+0000] {dagbag.py:538} INFO - Filling up the DagBag from /opt/airflow/dags/batch_pipeline_dag.py
[2026-04-24T11:00:07.308+0000] {processor.py:840} INFO - DAG(s) 'batch_pipeline' retrieved from /opt/airflow/dags/batch_pipeline_dag.py
[2026-04-24T11:00:07.346+0000] {logging_mixin.py:188} INFO - [2026-04-24T11:00:07.346+0000] {dag.py:3036} INFO - Sync 1 DAGs
[2026-04-24T11:00:07.384+0000] {logging_mixin.py:188} INFO - [2026-04-24T11:00:07.384+0000] {dag.py:3823} INFO - Setting next_dagrun for batch_pipeline to 2026-04-24 11:00:00+00:00, run_after=2026-04-24 11:02:00+00:00
[2026-04-24T11:00:07.415+0000] {processor.py:183} INFO - Processing /opt/airflow/dags/batch_pipeline_dag.py took 0.131 seconds
[2026-04-24T11:00:37.518+0000] {processor.py:161} INFO - Started process (PID=114) to work on /opt/airflow/dags/batch_pipeline_dag.py
[2026-04-24T11:00:37.521+0000] {processor.py:830} INFO - Processing file /opt/airflow/dags/batch_pipeline_dag.py for tasks to queue
[2026-04-24T11:00:37.525+0000] {logging_mixin.py:188} INFO - [2026-04-24T11:00:37.524+0000] {dagbag.py:538} INFO - Filling up the DagBag from /opt/airflow/dags/batch_pipeline_dag.py
[2026-04-24T11:00:37.542+0000] {processor.py:840} INFO - DAG(s) 'batch_pipeline' retrieved from /opt/airflow/dags/batch_pipeline_dag.py
[2026-04-24T11:00:37.580+0000] {logging_mixin.py:188} INFO - [2026-04-24T11:00:37.579+0000] {dag.py:3036} INFO - Sync 1 DAGs
[2026-04-24T11:00:37.616+0000] {logging_mixin.py:188} INFO - [2026-04-24T11:00:37.616+0000] {dag.py:3823} INFO - Setting next_dagrun for batch_pipeline to 2026-04-24 11:00:00+00:00, run_after=2026-04-24 11:02:00+00:00
[2026-04-24T11:00:37.646+0000] {processor.py:183} INFO - Processing /opt/airflow/dags/batch_pipeline_dag.py took 0.131 seconds
[2026-04-24T11:01:07.825+0000] {processor.py:161} INFO - Started process (PID=115) to work on /opt/airflow/dags/batch_pipeline_dag.py
[2026-04-24T11:01:07.826+0000] {processor.py:830} INFO - Processing file /opt/airflow/dags/batch_pipeline_dag.py for tasks to queue
[2026-04-24T11:01:07.828+0000] {logging_mixin.py:188} INFO - [2026-04-24T11:01:07.827+0000] {dagbag.py:538} INFO - Filling up the DagBag from /opt/airflow/dags/batch_pipeline_dag.py
[2026-04-24T11:01:07.844+0000] {processor.py:840} INFO - DAG(s) 'batch_pipeline' retrieved from /opt/airflow/dags/batch_pipeline_dag.py
[2026-04-24T11:01:07.880+0000] {logging_mixin.py:188} INFO - [2026-04-24T11:01:07.880+0000] {dag.py:3036} INFO - Sync 1 DAGs
[2026-04-24T11:01:07.914+0000] {logging_mixin.py:188} INFO - [2026-04-24T11:01:07.914+0000] {dag.py:3823} INFO - Setting next_dagrun for batch_pipeline to 2026-04-24 11:00:00+00:00, run_after=2026-04-24 11:02:00+00:00
[2026-04-24T11:01:07.943+0000] {processor.py:183} INFO - Processing /opt/airflow/dags/batch_pipeline_dag.py took 0.122 seconds
[2026-04-24T11:01:38.107+0000] {processor.py:161} INFO - Started process (PID=116) to work on /opt/airflow/dags/batch_pipeline_dag.py
[2026-04-24T11:01:38.110+0000] {processor.py:830} INFO - Processing file /opt/airflow/dags/batch_pipeline_dag.py for tasks to queue
[2026-04-24T11:01:38.112+0000] {logging_mixin.py:188} INFO - [2026-04-24T11:01:38.112+0000] {dagbag.py:538} INFO - Filling up the DagBag from /opt/airflow/dags/batch_pipeline_dag.py
[2026-04-24T11:01:38.131+0000] {processor.py:840} INFO - DAG(s) 'batch_pipeline' retrieved from /opt/airflow/dags/batch_pipeline_dag.py
[2026-04-24T11:01:38.164+0000] {logging_mixin.py:188} INFO - [2026-04-24T11:01:38.164+0000] {dag.py:3036} INFO - Sync 1 DAGs
[2026-04-24T11:01:38.199+0000] {logging_mixin.py:188} INFO - [2026-04-24T11:01:38.199+0000] {dag.py:3823} INFO - Setting next_dagrun for batch_pipeline to 2026-04-24 11:00:00+00:00, run_after=2026-04-24 11:02:00+00:00
[2026-04-24T11:01:38.230+0000] {processor.py:183} INFO - Processing /opt/airflow/dags/batch_pipeline_dag.py took 0.128 seconds
[2026-04-24T11:02:08.333+0000] {processor.py:161} INFO - Started process (PID=117) to work on /opt/airflow/dags/batch_pipeline_dag.py
[2026-04-24T11:02:08.334+0000] {processor.py:830} INFO - Processing file /opt/airflow/dags/batch_pipeline_dag.py for tasks to queue
[2026-04-24T11:02:08.338+0000] {logging_mixin.py:188} INFO - [2026-04-24T11:02:08.337+0000] {dagbag.py:538} INFO - Filling up the DagBag from /opt/airflow/dags/batch_pipeline_dag.py
[2026-04-24T11:02:08.353+0000] {processor.py:840} INFO - DAG(s) 'batch_pipeline' retrieved from /opt/airflow/dags/batch_pipeline_dag.py
[2026-04-24T11:02:08.390+0000] {logging_mixin.py:188} INFO - [2026-04-24T11:02:08.389+0000] {dag.py:3036} INFO - Sync 1 DAGs
[2026-04-24T11:02:08.436+0000] {logging_mixin.py:188} INFO - [2026-04-24T11:02:08.436+0000] {dag.py:3823} INFO - Setting next_dagrun for batch_pipeline to 2026-04-24 11:02:00+00:00, run_after=2026-04-24 11:04:00+00:00
[2026-04-24T11:02:08.471+0000] {processor.py:183} INFO - Processing /opt/airflow/dags/batch_pipeline_dag.py took 0.141 seconds
[2026-04-24T11:02:38.631+0000] {processor.py:161} INFO - Started process (PID=118) to work on /opt/airflow/dags/batch_pipeline_dag.py
[2026-04-24T11:02:38.633+0000] {processor.py:830} INFO - Processing file /opt/airflow/dags/batch_pipeline_dag.py for tasks to queue
[2026-04-24T11:02:38.640+0000] {logging_mixin.py:188} INFO - [2026-04-24T11:02:38.639+0000] {dagbag.py:538} INFO - Filling up the DagBag from /opt/airflow/dags/batch_pipeline_dag.py
[2026-04-24T11:02:38.659+0000] {processor.py:840} INFO - DAG(s) 'batch_pipeline' retrieved from /opt/airflow/dags/batch_pipeline_dag.py
[2026-04-24T11:02:38.709+0000] {logging_mixin.py:188} INFO - [2026-04-24T11:02:38.709+0000] {dag.py:3036} INFO - Sync 1 DAGs
[2026-04-24T11:02:38.755+0000] {logging_mixin.py:188} INFO - [2026-04-24T11:02:38.755+0000] {dag.py:3823} INFO - Setting next_dagrun for batch_pipeline to 2026-04-24 11:02:00+00:00, run_after=2026-04-24 11:04:00+00:00
[2026-04-24T11:02:38.783+0000] {processor.py:183} INFO - Processing /opt/airflow/dags/batch_pipeline_dag.py took 0.157 seconds
[2026-04-24T11:03:08.874+0000] {processor.py:161} INFO - Started process (PID=119) to work on /opt/airflow/dags/batch_pipeline_dag.py
[2026-04-24T11:03:08.876+0000] {processor.py:830} INFO - Processing file /opt/airflow/dags/batch_pipeline_dag.py for tasks to queue
[2026-04-24T11:03:08.879+0000] {logging_mixin.py:188} INFO - [2026-04-24T11:03:08.879+0000] {dagbag.py:538} INFO - Filling up the DagBag from /opt/airflow/dags/batch_pipeline_dag.py
[2026-04-24T11:03:08.908+0000] {processor.py:840} INFO - DAG(s) 'batch_pipeline' retrieved from /opt/airflow/dags/batch_pipeline_dag.py
[2026-04-24T11:03:08.948+0000] {logging_mixin.py:188} INFO - [2026-04-24T11:03:08.948+0000] {dag.py:3036} INFO - Sync 1 DAGs
[2026-04-24T11:03:08.998+0000] {logging_mixin.py:188} INFO - [2026-04-24T11:03:08.998+0000] {dag.py:3823} INFO - Setting next_dagrun for batch_pipeline to 2026-04-24 11:02:00+00:00, run_after=2026-04-24 11:04:00+00:00
[2026-04-24T11:03:09.033+0000] {processor.py:183} INFO - Processing /opt/airflow/dags/batch_pipeline_dag.py took 0.169 seconds
[2026-04-24T11:03:39.204+0000] {processor.py:161} INFO - Started process (PID=120) to work on /opt/airflow/dags/batch_pipeline_dag.py
[2026-04-24T11:03:39.207+0000] {processor.py:830} INFO - Processing file /opt/airflow/dags/batch_pipeline_dag.py for tasks to queue
[2026-04-24T11:03:39.209+0000] {logging_mixin.py:188} INFO - [2026-04-24T11:03:39.209+0000] {dagbag.py:538} INFO - Filling up the DagBag from /opt/airflow/dags/batch_pipeline_dag.py
[2026-04-24T11:03:39.229+0000] {processor.py:840} INFO - DAG(s) 'batch_pipeline' retrieved from /opt/airflow/dags/batch_pipeline_dag.py
[2026-04-24T11:03:39.272+0000] {logging_mixin.py:188} INFO - [2026-04-24T11:03:39.271+0000] {dag.py:3036} INFO - Sync 1 DAGs
[2026-04-24T11:03:39.329+0000] {logging_mixin.py:188} INFO - [2026-04-24T11:03:39.329+0000] {dag.py:3823} INFO - Setting next_dagrun for batch_pipeline to 2026-04-24 11:02:00+00:00, run_after=2026-04-24 11:04:00+00:00
[2026-04-24T11:03:39.376+0000] {processor.py:183} INFO - Processing /opt/airflow/dags/batch_pipeline_dag.py took 0.178 seconds
[2026-04-24T11:04:09.425+0000] {processor.py:161} INFO - Started process (PID=121) to work on /opt/airflow/dags/batch_pipeline_dag.py
[2026-04-24T11:04:09.426+0000] {processor.py:830} INFO - Processing file /opt/airflow/dags/batch_pipeline_dag.py for tasks to queue
[2026-04-24T11:04:09.428+0000] {logging_mixin.py:188} INFO - [2026-04-24T11:04:09.427+0000] {dagbag.py:538} INFO - Filling up the DagBag from /opt/airflow/dags/batch_pipeline_dag.py
[2026-04-24T11:04:09.445+0000] {processor.py:840} INFO - DAG(s) 'batch_pipeline' retrieved from /opt/airflow/dags/batch_pipeline_dag.py
[2026-04-24T11:04:09.485+0000] {logging_mixin.py:188} INFO - [2026-04-24T11:04:09.485+0000] {dag.py:3036} INFO - Sync 1 DAGs
[2026-04-24T11:04:09.535+0000] {logging_mixin.py:188} INFO - [2026-04-24T11:04:09.535+0000] {dag.py:3823} INFO - Setting next_dagrun for batch_pipeline to 2026-04-24 11:04:00+00:00, run_after=2026-04-24 11:06:00+00:00
[2026-04-24T11:04:09.563+0000] {processor.py:183} INFO - Processing /opt/airflow/dags/batch_pipeline_dag.py took 0.142 seconds
[2026-04-24T11:04:39.645+0000] {processor.py:161} INFO - Started process (PID=122) to work on /opt/airflow/dags/batch_pipeline_dag.py
[2026-04-24T11:04:39.648+0000] {processor.py:830} INFO - Processing file /opt/airflow/dags/batch_pipeline_dag.py for tasks to queue
[2026-04-24T11:04:39.653+0000] {logging_mixin.py:188} INFO - [2026-04-24T11:04:39.652+0000] {dagbag.py:538} INFO - Filling up the DagBag from /opt/airflow/dags/batch_pipeline_dag.py
[2026-04-24T11:04:39.677+0000] {processor.py:840} INFO - DAG(s) 'batch_pipeline' retrieved from /opt/airflow/dags/batch_pipeline_dag.py
[2026-04-24T11:04:39.729+0000] {logging_mixin.py:188} INFO - [2026-04-24T11:04:39.729+0000] {dag.py:3036} INFO - Sync 1 DAGs
[2026-04-24T11:04:39.802+0000] {logging_mixin.py:188} INFO - [2026-04-24T11:04:39.801+0000] {dag.py:3823} INFO - Setting next_dagrun for batch_pipeline to 2026-04-24 11:04:00+00:00, run_after=2026-04-24 11:06:00+00:00
[2026-04-24T11:04:39.857+0000] {processor.py:183} INFO - Processing /opt/airflow/dags/batch_pipeline_dag.py took 0.215 seconds
[2026-04-24T11:05:09.982+0000] {processor.py:161} INFO - Started process (PID=123) to work on /opt/airflow/dags/batch_pipeline_dag.py
[2026-04-24T11:05:09.983+0000] {processor.py:830} INFO - Processing file /opt/airflow/dags/batch_pipeline_dag.py for tasks to queue
[2026-04-24T11:05:09.987+0000] {logging_mixin.py:188} INFO - [2026-04-24T11:05:09.986+0000] {dagbag.py:538} INFO - Filling up the DagBag from /opt/airflow/dags/batch_pipeline_dag.py
[2026-04-24T11:05:10.003+0000] {processor.py:840} INFO - DAG(s) 'batch_pipeline' retrieved from /opt/airflow/dags/batch_pipeline_dag.py
[2026-04-24T11:05:10.041+0000] {logging_mixin.py:188} INFO - [2026-04-24T11:05:10.040+0000] {dag.py:3036} INFO - Sync 1 DAGs
[2026-04-24T11:05:10.097+0000] {logging_mixin.py:188} INFO - [2026-04-24T11:05:10.097+0000] {dag.py:3823} INFO - Setting next_dagrun for batch_pipeline to 2026-04-24 11:04:00+00:00, run_after=2026-04-24 11:06:00+00:00
[2026-04-24T11:05:10.143+0000] {processor.py:183} INFO - Processing /opt/airflow/dags/batch_pipeline_dag.py took 0.166 seconds
[2026-04-24T11:05:40.300+0000] {processor.py:161} INFO - Started process (PID=124) to work on /opt/airflow/dags/batch_pipeline_dag.py
[2026-04-24T11:05:40.303+0000] {processor.py:830} INFO - Processing file /opt/airflow/dags/batch_pipeline_dag.py for tasks to queue
[2026-04-24T11:05:40.305+0000] {logging_mixin.py:188} INFO - [2026-04-24T11:05:40.305+0000] {dagbag.py:538} INFO - Filling up the DagBag from /opt/airflow/dags/batch_pipeline_dag.py
[2026-04-24T11:05:40.325+0000] {processor.py:840} INFO - DAG(s) 'batch_pipeline' retrieved from /opt/airflow/dags/batch_pipeline_dag.py
[2026-04-24T11:05:40.374+0000] {logging_mixin.py:188} INFO - [2026-04-24T11:05:40.374+0000] {dag.py:3036} INFO - Sync 1 DAGs
[2026-04-24T11:05:40.423+0000] {logging_mixin.py:188} INFO - [2026-04-24T11:05:40.423+0000] {dag.py:3823} INFO - Setting next_dagrun for batch_pipeline to 2026-04-24 11:04:00+00:00, run_after=2026-04-24 11:06:00+00:00
[2026-04-24T11:05:40.469+0000] {processor.py:183} INFO - Processing /opt/airflow/dags/batch_pipeline_dag.py took 0.175 seconds
[2026-04-24T11:06:10.562+0000] {processor.py:161} INFO - Started process (PID=125) to work on /opt/airflow/dags/batch_pipeline_dag.py
[2026-04-24T11:06:10.563+0000] {processor.py:830} INFO - Processing file /opt/airflow/dags/batch_pipeline_dag.py for tasks to queue
[2026-04-24T11:06:10.565+0000] {logging_mixin.py:188} INFO - [2026-04-24T11:06:10.564+0000] {dagbag.py:538} INFO - Filling up the DagBag from /opt/airflow/dags/batch_pipeline_dag.py
[2026-04-24T11:06:10.582+0000] {processor.py:840} INFO - DAG(s) 'batch_pipeline' retrieved from /opt/airflow/dags/batch_pipeline_dag.py
[2026-04-24T11:06:10.618+0000] {logging_mixin.py:188} INFO - [2026-04-24T11:06:10.618+0000] {dag.py:3036} INFO - Sync 1 DAGs
[2026-04-24T11:06:10.656+0000] {logging_mixin.py:188} INFO - [2026-04-24T11:06:10.656+0000] {dag.py:3823} INFO - Setting next_dagrun for batch_pipeline to 2026-04-24 11:06:00+00:00, run_after=2026-04-24 11:08:00+00:00
[2026-04-24T11:06:10.688+0000] {processor.py:183} INFO - Processing /opt/airflow/dags/batch_pipeline_dag.py took 0.131 seconds
[2026-04-24T11:06:40.904+0000] {processor.py:161} INFO - Started process (PID=126) to work on /opt/airflow/dags/batch_pipeline_dag.py
[2026-04-24T11:06:40.907+0000] {processor.py:830} INFO - Processing file /opt/airflow/dags/batch_pipeline_dag.py for tasks to queue
[2026-04-24T11:06:40.910+0000] {logging_mixin.py:188} INFO - [2026-04-24T11:06:40.909+0000] {dagbag.py:538} INFO - Filling up the DagBag from /opt/airflow/dags/batch_pipeline_dag.py
[2026-04-24T11:06:40.932+0000] {processor.py:840} INFO - DAG(s) 'batch_pipeline' retrieved from /opt/airflow/dags/batch_pipeline_dag.py
[2026-04-24T11:06:40.965+0000] {logging_mixin.py:188} INFO - [2026-04-24T11:06:40.965+0000] {dag.py:3036} INFO - Sync 1 DAGs
[2026-04-24T11:06:41.001+0000] {logging_mixin.py:188} INFO - [2026-04-24T11:06:41.000+0000] {dag.py:3823} INFO - Setting next_dagrun for batch_pipeline to 2026-04-24 11:06:00+00:00, run_after=2026-04-24 11:08:00+00:00
[2026-04-24T11:06:41.035+0000] {processor.py:183} INFO - Processing /opt/airflow/dags/batch_pipeline_dag.py took 0.137 seconds
[2026-04-24T11:07:11.121+0000] {processor.py:161} INFO - Started process (PID=127) to work on /opt/airflow/dags/batch_pipeline_dag.py
[2026-04-24T11:07:11.121+0000] {processor.py:830} INFO - Processing file /opt/airflow/dags/batch_pipeline_dag.py for tasks to queue
[2026-04-24T11:07:11.123+0000] {logging_mixin.py:188} INFO - [2026-04-24T11:07:11.123+0000] {dagbag.py:538} INFO - Filling up the DagBag from /opt/airflow/dags/batch_pipeline_dag.py
[2026-04-24T11:07:11.140+0000] {processor.py:840} INFO - DAG(s) 'batch_pipeline' retrieved from /opt/airflow/dags/batch_pipeline_dag.py
[2026-04-24T11:07:11.174+0000] {logging_mixin.py:188} INFO - [2026-04-24T11:07:11.174+0000] {dag.py:3036} INFO - Sync 1 DAGs
[2026-04-24T11:07:11.213+0000] {logging_mixin.py:188} INFO - [2026-04-24T11:07:11.213+0000] {dag.py:3823} INFO - Setting next_dagrun for batch_pipeline to 2026-04-24 11:06:00+00:00, run_after=2026-04-24 11:08:00+00:00
[2026-04-24T11:07:11.240+0000] {processor.py:183} INFO - Processing /opt/airflow/dags/batch_pipeline_dag.py took 0.123 seconds
[2026-04-24T11:08:59.360+0000] {processor.py:161} INFO - Started process (PID=29) to work on /opt/airflow/dags/batch_pipeline_dag.py
[2026-04-24T11:08:59.363+0000] {processor.py:830} INFO - Processing file /opt/airflow/dags/batch_pipeline_dag.py for tasks to queue
[2026-04-24T11:08:59.408+0000] {logging_mixin.py:188} INFO - [2026-04-24T11:08:59.395+0000] {dagbag.py:538} INFO - Filling up the DagBag from /opt/airflow/dags/batch_pipeline_dag.py
[2026-04-24T11:08:59.490+0000] {processor.py:840} INFO - DAG(s) 'batch_pipeline' retrieved from /opt/airflow/dags/batch_pipeline_dag.py
[2026-04-24T11:09:00.196+0000] {logging_mixin.py:188} INFO - [2026-04-24T11:09:00.195+0000] {override.py:1769} INFO - Created Permission View: can delete on DAG:batch_pipeline
[2026-04-24T11:09:00.248+0000] {logging_mixin.py:188} INFO - [2026-04-24T11:09:00.247+0000] {override.py:1769} INFO - Created Permission View: can read on DAG:batch_pipeline
[2026-04-24T11:09:00.276+0000] {logging_mixin.py:188} INFO - [2026-04-24T11:09:00.275+0000] {override.py:1769} INFO - Created Permission View: can edit on DAG:batch_pipeline
[2026-04-24T11:09:00.277+0000] {logging_mixin.py:188} INFO - [2026-04-24T11:09:00.277+0000] {dag.py:3036} INFO - Sync 1 DAGs
[2026-04-24T11:09:00.321+0000] {logging_mixin.py:188} INFO - [2026-04-24T11:09:00.320+0000] {dag.py:3058} INFO - Creating ORM DAG for batch_pipeline
[2026-04-24T11:09:00.425+0000] {logging_mixin.py:188} INFO - [2026-04-24T11:09:00.424+0000] {dag.py:3823} INFO - Setting next_dagrun for batch_pipeline to 2026-04-24 11:06:00+00:00, run_after=2026-04-24 11:08:00+00:00
[2026-04-24T11:09:00.673+0000] {processor.py:183} INFO - Processing /opt/airflow/dags/batch_pipeline_dag.py took 1.319 seconds
[2026-04-24T11:09:30.747+0000] {processor.py:161} INFO - Started process (PID=30) to work on /opt/airflow/dags/batch_pipeline_dag.py
[2026-04-24T11:09:30.751+0000] {processor.py:830} INFO - Processing file /opt/airflow/dags/batch_pipeline_dag.py for tasks to queue
[2026-04-24T11:09:30.754+0000] {logging_mixin.py:188} INFO - [2026-04-24T11:09:30.753+0000] {dagbag.py:538} INFO - Filling up the DagBag from /opt/airflow/dags/batch_pipeline_dag.py
[2026-04-24T11:09:30.777+0000] {processor.py:840} INFO - DAG(s) 'batch_pipeline' retrieved from /opt/airflow/dags/batch_pipeline_dag.py
[2026-04-24T11:09:30.815+0000] {logging_mixin.py:188} INFO - [2026-04-24T11:09:30.814+0000] {dag.py:3036} INFO - Sync 1 DAGs
[2026-04-24T11:09:30.853+0000] {logging_mixin.py:188} INFO - [2026-04-24T11:09:30.853+0000] {dag.py:3823} INFO - Setting next_dagrun for batch_pipeline to 2026-04-24 11:06:00+00:00, run_after=2026-04-24 11:08:00+00:00
[2026-04-24T11:09:30.878+0000] {processor.py:183} INFO - Processing /opt/airflow/dags/batch_pipeline_dag.py took 0.134 seconds
[2026-04-24T11:10:00.959+0000] {processor.py:161} INFO - Started process (PID=31) to work on /opt/airflow/dags/batch_pipeline_dag.py
[2026-04-24T11:10:00.960+0000] {processor.py:830} INFO - Processing file /opt/airflow/dags/batch_pipeline_dag.py for tasks to queue
[2026-04-24T11:10:00.964+0000] {logging_mixin.py:188} INFO - [2026-04-24T11:10:00.961+0000] {dagbag.py:538} INFO - Filling up the DagBag from /opt/airflow/dags/batch_pipeline_dag.py
[2026-04-24T11:10:00.994+0000] {processor.py:840} INFO - DAG(s) 'batch_pipeline' retrieved from /opt/airflow/dags/batch_pipeline_dag.py
[2026-04-24T11:10:01.050+0000] {logging_mixin.py:188} INFO - [2026-04-24T11:10:01.050+0000] {dag.py:3036} INFO - Sync 1 DAGs
[2026-04-24T11:10:01.108+0000] {logging_mixin.py:188} INFO - [2026-04-24T11:10:01.107+0000] {dag.py:3823} INFO - Setting next_dagrun for batch_pipeline to 2026-04-24 11:08:00+00:00, run_after=2026-04-24 11:10:00+00:00
[2026-04-24T11:10:01.147+0000] {processor.py:183} INFO - Processing /opt/airflow/dags/batch_pipeline_dag.py took 0.197 seconds
[2026-04-24T11:10:31.323+0000] {processor.py:161} INFO - Started process (PID=32) to work on /opt/airflow/dags/batch_pipeline_dag.py
[2026-04-24T11:10:31.326+0000] {processor.py:830} INFO - Processing file /opt/airflow/dags/batch_pipeline_dag.py for tasks to queue
[2026-04-24T11:10:31.330+0000] {logging_mixin.py:188} INFO - [2026-04-24T11:10:31.328+0000] {dagbag.py:538} INFO - Filling up the DagBag from /opt/airflow/dags/batch_pipeline_dag.py
[2026-04-24T11:10:31.345+0000] {processor.py:840} INFO - DAG(s) 'batch_pipeline' retrieved from /opt/airflow/dags/batch_pipeline_dag.py
[2026-04-24T11:10:31.377+0000] {logging_mixin.py:188} INFO - [2026-04-24T11:10:31.376+0000] {dag.py:3036} INFO - Sync 1 DAGs
[2026-04-24T11:10:31.411+0000] {logging_mixin.py:188} INFO - [2026-04-24T11:10:31.410+0000] {dag.py:3823} INFO - Setting next_dagrun for batch_pipeline to 2026-04-24 11:08:00+00:00, run_after=2026-04-24 11:10:00+00:00
[2026-04-24T11:10:31.439+0000] {processor.py:183} INFO - Processing /opt/airflow/dags/batch_pipeline_dag.py took 0.120 seconds
[2026-04-24T11:11:01.591+0000] {processor.py:161} INFO - Started process (PID=33) to work on /opt/airflow/dags/batch_pipeline_dag.py
[2026-04-24T11:11:01.593+0000] {processor.py:830} INFO - Processing file /opt/airflow/dags/batch_pipeline_dag.py for tasks to queue
[2026-04-24T11:11:01.595+0000] {logging_mixin.py:188} INFO - [2026-04-24T11:11:01.594+0000] {dagbag.py:538} INFO - Filling up the DagBag from /opt/airflow/dags/batch_pipeline_dag.py
[2026-04-24T11:11:01.615+0000] {processor.py:840} INFO - DAG(s) 'batch_pipeline' retrieved from /opt/airflow/dags/batch_pipeline_dag.py
[2026-04-24T11:11:01.651+0000] {logging_mixin.py:188} INFO - [2026-04-24T11:11:01.650+0000] {dag.py:3036} INFO - Sync 1 DAGs
[2026-04-24T11:11:01.688+0000] {logging_mixin.py:188} INFO - [2026-04-24T11:11:01.688+0000] {dag.py:3823} INFO - Setting next_dagrun for batch_pipeline to 2026-04-24 11:08:00+00:00, run_after=2026-04-24 11:10:00+00:00
[2026-04-24T11:11:01.713+0000] {processor.py:183} INFO - Processing /opt/airflow/dags/batch_pipeline_dag.py took 0.129 seconds
[2026-04-24T11:11:31.901+0000] {processor.py:161} INFO - Started process (PID=34) to work on /opt/airflow/dags/batch_pipeline_dag.py
[2026-04-24T11:11:31.906+0000] {processor.py:830} INFO - Processing file /opt/airflow/dags/batch_pipeline_dag.py for tasks to queue
[2026-04-24T11:11:31.910+0000] {logging_mixin.py:188} INFO - [2026-04-24T11:11:31.910+0000] {dagbag.py:538} INFO - Filling up the DagBag from /opt/airflow/dags/batch_pipeline_dag.py
[2026-04-24T11:11:31.946+0000] {processor.py:840} INFO - DAG(s) 'batch_pipeline' retrieved from /opt/airflow/dags/batch_pipeline_dag.py
[2026-04-24T11:11:32.028+0000] {logging_mixin.py:188} INFO - [2026-04-24T11:11:32.027+0000] {dag.py:3036} INFO - Sync 1 DAGs
[2026-04-24T11:11:32.090+0000] {logging_mixin.py:188} INFO - [2026-04-24T11:11:32.090+0000] {dag.py:3823} INFO - Setting next_dagrun for batch_pipeline to 2026-04-24 11:08:00+00:00, run_after=2026-04-24 11:10:00+00:00
[2026-04-24T11:11:32.143+0000] {processor.py:183} INFO - Processing /opt/airflow/dags/batch_pipeline_dag.py took 0.254 seconds
[2026-04-24T11:12:02.363+0000] {processor.py:161} INFO - Started process (PID=35) to work on /opt/airflow/dags/batch_pipeline_dag.py
[2026-04-24T11:12:02.364+0000] {processor.py:830} INFO - Processing file /opt/airflow/dags/batch_pipeline_dag.py for tasks to queue
[2026-04-24T11:12:02.366+0000] {logging_mixin.py:188} INFO - [2026-04-24T11:12:02.366+0000] {dagbag.py:538} INFO - Filling up the DagBag from /opt/airflow/dags/batch_pipeline_dag.py
[2026-04-24T11:12:02.385+0000] {processor.py:840} INFO - DAG(s) 'batch_pipeline' retrieved from /opt/airflow/dags/batch_pipeline_dag.py
[2026-04-24T11:12:02.427+0000] {logging_mixin.py:188} INFO - [2026-04-24T11:12:02.426+0000] {dag.py:3036} INFO - Sync 1 DAGs
[2026-04-24T11:12:02.468+0000] {logging_mixin.py:188} INFO - [2026-04-24T11:12:02.468+0000] {dag.py:3823} INFO - Setting next_dagrun for batch_pipeline to 2026-04-24 11:10:00+00:00, run_after=2026-04-24 11:12:00+00:00
[2026-04-24T11:12:02.509+0000] {processor.py:183} INFO - Processing /opt/airflow/dags/batch_pipeline_dag.py took 0.149 seconds
[2026-04-24T11:12:32.577+0000] {processor.py:161} INFO - Started process (PID=36) to work on /opt/airflow/dags/batch_pipeline_dag.py
[2026-04-24T11:12:32.580+0000] {processor.py:830} INFO - Processing file /opt/airflow/dags/batch_pipeline_dag.py for tasks to queue
[2026-04-24T11:12:32.582+0000] {logging_mixin.py:188} INFO - [2026-04-24T11:12:32.582+0000] {dagbag.py:538} INFO - Filling up the DagBag from /opt/airflow/dags/batch_pipeline_dag.py
[2026-04-24T11:12:32.609+0000] {processor.py:840} INFO - DAG(s) 'batch_pipeline' retrieved from /opt/airflow/dags/batch_pipeline_dag.py
[2026-04-24T11:12:32.654+0000] {logging_mixin.py:188} INFO - [2026-04-24T11:12:32.653+0000] {dag.py:3036} INFO - Sync 1 DAGs
[2026-04-24T11:12:32.707+0000] {logging_mixin.py:188} INFO - [2026-04-24T11:12:32.706+0000] {dag.py:3823} INFO - Setting next_dagrun for batch_pipeline to 2026-04-24 11:10:00+00:00, run_after=2026-04-24 11:12:00+00:00
[2026-04-24T11:12:32.763+0000] {processor.py:183} INFO - Processing /opt/airflow/dags/batch_pipeline_dag.py took 0.190 seconds
[2026-04-24T11:13:02.916+0000] {processor.py:161} INFO - Started process (PID=37) to work on /opt/airflow/dags/batch_pipeline_dag.py
[2026-04-24T11:13:02.918+0000] {processor.py:830} INFO - Processing file /opt/airflow/dags/batch_pipeline_dag.py for tasks to queue
[2026-04-24T11:13:02.920+0000] {logging_mixin.py:188} INFO - [2026-04-24T11:13:02.920+0000] {dagbag.py:538} INFO - Filling up the DagBag from /opt/airflow/dags/batch_pipeline_dag.py
[2026-04-24T11:13:02.944+0000] {processor.py:840} INFO - DAG(s) 'batch_pipeline' retrieved from /opt/airflow/dags/batch_pipeline_dag.py
[2026-04-24T11:13:02.985+0000] {logging_mixin.py:188} INFO - [2026-04-24T11:13:02.985+0000] {dag.py:3036} INFO - Sync 1 DAGs
[2026-04-24T11:13:03.026+0000] {logging_mixin.py:188} INFO - [2026-04-24T11:13:03.026+0000] {dag.py:3823} INFO - Setting next_dagrun for batch_pipeline to 2026-04-24 11:10:00+00:00, run_after=2026-04-24 11:12:00+00:00
[2026-04-24T11:13:03.060+0000] {processor.py:183} INFO - Processing /opt/airflow/dags/batch_pipeline_dag.py took 0.148 seconds
[2026-04-24T11:13:33.167+0000] {processor.py:161} INFO - Started process (PID=38) to work on /opt/airflow/dags/batch_pipeline_dag.py
[2026-04-24T11:13:33.170+0000] {processor.py:830} INFO - Processing file /opt/airflow/dags/batch_pipeline_dag.py for tasks to queue
[2026-04-24T11:13:33.172+0000] {logging_mixin.py:188} INFO - [2026-04-24T11:13:33.172+0000] {dagbag.py:538} INFO - Filling up the DagBag from /opt/airflow/dags/batch_pipeline_dag.py
[2026-04-24T11:13:33.189+0000] {processor.py:840} INFO - DAG(s) 'batch_pipeline' retrieved from /opt/airflow/dags/batch_pipeline_dag.py
[2026-04-24T11:13:33.222+0000] {logging_mixin.py:188} INFO - [2026-04-24T11:13:33.222+0000] {dag.py:3036} INFO - Sync 1 DAGs
[2026-04-24T11:13:33.256+0000] {logging_mixin.py:188} INFO - [2026-04-24T11:13:33.256+0000] {dag.py:3823} INFO - Setting next_dagrun for batch_pipeline to 2026-04-24 11:10:00+00:00, run_after=2026-04-24 11:12:00+00:00
[2026-04-24T11:13:33.285+0000] {processor.py:183} INFO - Processing /opt/airflow/dags/batch_pipeline_dag.py took 0.123 seconds
[2026-04-24T11:14:03.485+0000] {processor.py:161} INFO - Started process (PID=39) to work on /opt/airflow/dags/batch_pipeline_dag.py
[2026-04-24T11:14:03.486+0000] {processor.py:830} INFO - Processing file /opt/airflow/dags/batch_pipeline_dag.py for tasks to queue
[2026-04-24T11:14:03.489+0000] {logging_mixin.py:188} INFO - [2026-04-24T11:14:03.488+0000] {dagbag.py:538} INFO - Filling up the DagBag from /opt/airflow/dags/batch_pipeline_dag.py
[2026-04-24T11:14:03.506+0000] {processor.py:840} INFO - DAG(s) 'batch_pipeline' retrieved from /opt/airflow/dags/batch_pipeline_dag.py
[2026-04-24T11:14:03.542+0000] {logging_mixin.py:188} INFO - [2026-04-24T11:14:03.541+0000] {dag.py:3036} INFO - Sync 1 DAGs
[2026-04-24T11:14:03.575+0000] {logging_mixin.py:188} INFO - [2026-04-24T11:14:03.575+0000] {dag.py:3823} INFO - Setting next_dagrun for batch_pipeline to 2026-04-24 11:12:00+00:00, run_after=2026-04-24 11:14:00+00:00
[2026-04-24T11:14:03.604+0000] {processor.py:183} INFO - Processing /opt/airflow/dags/batch_pipeline_dag.py took 0.125 seconds
[2026-04-24T11:14:33.686+0000] {processor.py:161} INFO - Started process (PID=40) to work on /opt/airflow/dags/batch_pipeline_dag.py
[2026-04-24T11:14:33.689+0000] {processor.py:830} INFO - Processing file /opt/airflow/dags/batch_pipeline_dag.py for tasks to queue
[2026-04-24T11:14:33.691+0000] {logging_mixin.py:188} INFO - [2026-04-24T11:14:33.690+0000] {dagbag.py:538} INFO - Filling up the DagBag from /opt/airflow/dags/batch_pipeline_dag.py
[2026-04-24T11:14:33.707+0000] {processor.py:840} INFO - DAG(s) 'batch_pipeline' retrieved from /opt/airflow/dags/batch_pipeline_dag.py
[2026-04-24T11:14:33.742+0000] {logging_mixin.py:188} INFO - [2026-04-24T11:14:33.742+0000] {dag.py:3036} INFO - Sync 1 DAGs
[2026-04-24T11:14:33.775+0000] {logging_mixin.py:188} INFO - [2026-04-24T11:14:33.775+0000] {dag.py:3823} INFO - Setting next_dagrun for batch_pipeline to 2026-04-24 11:12:00+00:00, run_after=2026-04-24 11:14:00+00:00
[2026-04-24T11:14:33.805+0000] {processor.py:183} INFO - Processing /opt/airflow/dags/batch_pipeline_dag.py took 0.124 seconds
[2026-04-24T11:15:04.019+0000] {processor.py:161} INFO - Started process (PID=41) to work on /opt/airflow/dags/batch_pipeline_dag.py
[2026-04-24T11:15:04.020+0000] {processor.py:830} INFO - Processing file /opt/airflow/dags/batch_pipeline_dag.py for tasks to queue
[2026-04-24T11:15:04.022+0000] {logging_mixin.py:188} INFO - [2026-04-24T11:15:04.022+0000] {dagbag.py:538} INFO - Filling up the DagBag from /opt/airflow/dags/batch_pipeline_dag.py
[2026-04-24T11:15:04.041+0000] {processor.py:840} INFO - DAG(s) 'batch_pipeline' retrieved from /opt/airflow/dags/batch_pipeline_dag.py
[2026-04-24T11:15:04.078+0000] {logging_mixin.py:188} INFO - [2026-04-24T11:15:04.077+0000] {dag.py:3036} INFO - Sync 1 DAGs
[2026-04-24T11:15:04.111+0000] {logging_mixin.py:188} INFO - [2026-04-24T11:15:04.111+0000] {dag.py:3823} INFO - Setting next_dagrun for batch_pipeline to 2026-04-24 11:12:00+00:00, run_after=2026-04-24 11:14:00+00:00
[2026-04-24T11:15:04.137+0000] {processor.py:183} INFO - Processing /opt/airflow/dags/batch_pipeline_dag.py took 0.122 seconds
[2026-04-24T11:15:34.239+0000] {processor.py:161} INFO - Started process (PID=42) to work on /opt/airflow/dags/batch_pipeline_dag.py
[2026-04-24T11:15:34.242+0000] {processor.py:830} INFO - Processing file /opt/airflow/dags/batch_pipeline_dag.py for tasks to queue
[2026-04-24T11:15:34.244+0000] {logging_mixin.py:188} INFO - [2026-04-24T11:15:34.243+0000] {dagbag.py:538} INFO - Filling up the DagBag from /opt/airflow/dags/batch_pipeline_dag.py
[2026-04-24T11:15:34.259+0000] {processor.py:840} INFO - DAG(s) 'batch_pipeline' retrieved from /opt/airflow/dags/batch_pipeline_dag.py
[2026-04-24T11:15:34.292+0000] {logging_mixin.py:188} INFO - [2026-04-24T11:15:34.292+0000] {dag.py:3036} INFO - Sync 1 DAGs
[2026-04-24T11:15:34.325+0000] {logging_mixin.py:188} INFO - [2026-04-24T11:15:34.324+0000] {dag.py:3823} INFO - Setting next_dagrun for batch_pipeline to 2026-04-24 11:12:00+00:00, run_after=2026-04-24 11:14:00+00:00
[2026-04-24T11:15:34.355+0000] {processor.py:183} INFO - Processing /opt/airflow/dags/batch_pipeline_dag.py took 0.119 seconds
[2026-04-24T11:16:04.553+0000] {processor.py:161} INFO - Started process (PID=43) to work on /opt/airflow/dags/batch_pipeline_dag.py
[2026-04-24T11:16:04.554+0000] {processor.py:830} INFO - Processing file /opt/airflow/dags/batch_pipeline_dag.py for tasks to queue
[2026-04-24T11:16:04.556+0000] {logging_mixin.py:188} INFO - [2026-04-24T11:16:04.556+0000] {dagbag.py:538} INFO - Filling up the DagBag from /opt/airflow/dags/batch_pipeline_dag.py
[2026-04-24T11:16:04.572+0000] {processor.py:840} INFO - DAG(s) 'batch_pipeline' retrieved from /opt/airflow/dags/batch_pipeline_dag.py
[2026-04-24T11:16:04.616+0000] {logging_mixin.py:188} INFO - [2026-04-24T11:16:04.615+0000] {dag.py:3036} INFO - Sync 1 DAGs
[2026-04-24T11:16:04.663+0000] {logging_mixin.py:188} INFO - [2026-04-24T11:16:04.663+0000] {dag.py:3823} INFO - Setting next_dagrun for batch_pipeline to 2026-04-24 11:14:00+00:00, run_after=2026-04-24 11:16:00+00:00
[2026-04-24T11:16:04.700+0000] {processor.py:183} INFO - Processing /opt/airflow/dags/batch_pipeline_dag.py took 0.151 seconds
[2026-04-24T11:16:34.759+0000] {processor.py:161} INFO - Started process (PID=44) to work on /opt/airflow/dags/batch_pipeline_dag.py
[2026-04-24T11:16:34.762+0000] {processor.py:830} INFO - Processing file /opt/airflow/dags/batch_pipeline_dag.py for tasks to queue
[2026-04-24T11:16:34.765+0000] {logging_mixin.py:188} INFO - [2026-04-24T11:16:34.765+0000] {dagbag.py:538} INFO - Filling up the DagBag from /opt/airflow/dags/batch_pipeline_dag.py
[2026-04-24T11:16:34.786+0000] {processor.py:840} INFO - DAG(s) 'batch_pipeline' retrieved from /opt/airflow/dags/batch_pipeline_dag.py
[2026-04-24T11:16:34.829+0000] {logging_mixin.py:188} INFO - [2026-04-24T11:16:34.829+0000] {dag.py:3036} INFO - Sync 1 DAGs
[2026-04-24T11:16:34.874+0000] {logging_mixin.py:188} INFO - [2026-04-24T11:16:34.873+0000] {dag.py:3823} INFO - Setting next_dagrun for batch_pipeline to 2026-04-24 11:14:00+00:00, run_after=2026-04-24 11:16:00+00:00
[2026-04-24T11:16:34.912+0000] {processor.py:183} INFO - Processing /opt/airflow/dags/batch_pipeline_dag.py took 0.158 seconds
[2026-04-24T11:17:05.137+0000] {processor.py:161} INFO - Started process (PID=45) to work on /opt/airflow/dags/batch_pipeline_dag.py
[2026-04-24T11:17:05.138+0000] {processor.py:830} INFO - Processing file /opt/airflow/dags/batch_pipeline_dag.py for tasks to queue
[2026-04-24T11:17:05.140+0000] {logging_mixin.py:188} INFO - [2026-04-24T11:17:05.139+0000] {dagbag.py:538} INFO - Filling up the DagBag from /opt/airflow/dags/batch_pipeline_dag.py
[2026-04-24T11:17:05.159+0000] {processor.py:840} INFO - DAG(s) 'batch_pipeline' retrieved from /opt/airflow/dags/batch_pipeline_dag.py
[2026-04-24T11:17:05.199+0000] {logging_mixin.py:188} INFO - [2026-04-24T11:17:05.198+0000] {dag.py:3036} INFO - Sync 1 DAGs
[2026-04-24T11:17:05.239+0000] {logging_mixin.py:188} INFO - [2026-04-24T11:17:05.239+0000] {dag.py:3823} INFO - Setting next_dagrun for batch_pipeline to 2026-04-24 11:14:00+00:00, run_after=2026-04-24 11:16:00+00:00
[2026-04-24T11:17:05.274+0000] {processor.py:183} INFO - Processing /opt/airflow/dags/batch_pipeline_dag.py took 0.141 seconds
[2026-04-24T11:17:35.382+0000] {processor.py:161} INFO - Started process (PID=46) to work on /opt/airflow/dags/batch_pipeline_dag.py
[2026-04-24T11:17:35.384+0000] {processor.py:830} INFO - Processing file /opt/airflow/dags/batch_pipeline_dag.py for tasks to queue
[2026-04-24T11:17:35.386+0000] {logging_mixin.py:188} INFO - [2026-04-24T11:17:35.386+0000] {dagbag.py:538} INFO - Filling up the DagBag from /opt/airflow/dags/batch_pipeline_dag.py
[2026-04-24T11:17:35.405+0000] {processor.py:840} INFO - DAG(s) 'batch_pipeline' retrieved from /opt/airflow/dags/batch_pipeline_dag.py
[2026-04-24T11:17:35.444+0000] {logging_mixin.py:188} INFO - [2026-04-24T11:17:35.444+0000] {dag.py:3036} INFO - Sync 1 DAGs
[2026-04-24T11:17:35.496+0000] {logging_mixin.py:188} INFO - [2026-04-24T11:17:35.495+0000] {dag.py:3823} INFO - Setting next_dagrun for batch_pipeline to 2026-04-24 11:14:00+00:00, run_after=2026-04-24 11:16:00+00:00
[2026-04-24T11:17:35.530+0000] {processor.py:183} INFO - Processing /opt/airflow/dags/batch_pipeline_dag.py took 0.156 seconds
[2026-04-24T11:18:05.702+0000] {processor.py:161} INFO - Started process (PID=47) to work on /opt/airflow/dags/batch_pipeline_dag.py
[2026-04-24T11:18:05.702+0000] {processor.py:830} INFO - Processing file /opt/airflow/dags/batch_pipeline_dag.py for tasks to queue
[2026-04-24T11:18:05.704+0000] {logging_mixin.py:188} INFO - [2026-04-24T11:18:05.704+0000] {dagbag.py:538} INFO - Filling up the DagBag from /opt/airflow/dags/batch_pipeline_dag.py
[2026-04-24T11:18:05.723+0000] {processor.py:840} INFO - DAG(s) 'batch_pipeline' retrieved from /opt/airflow/dags/batch_pipeline_dag.py
[2026-04-24T11:18:05.774+0000] {logging_mixin.py:188} INFO - [2026-04-24T11:18:05.773+0000] {dag.py:3036} INFO - Sync 1 DAGs
[2026-04-24T11:18:05.829+0000] {logging_mixin.py:188} INFO - [2026-04-24T11:18:05.828+0000] {dag.py:3823} INFO - Setting next_dagrun for batch_pipeline to 2026-04-24 11:16:00+00:00, run_after=2026-04-24 11:18:00+00:00
[2026-04-24T11:18:05.867+0000] {processor.py:183} INFO - Processing /opt/airflow/dags/batch_pipeline_dag.py took 0.169 seconds
[2026-04-24T11:18:35.926+0000] {processor.py:161} INFO - Started process (PID=48) to work on /opt/airflow/dags/batch_pipeline_dag.py
[2026-04-24T11:18:35.928+0000] {processor.py:830} INFO - Processing file /opt/airflow/dags/batch_pipeline_dag.py for tasks to queue
[2026-04-24T11:18:35.930+0000] {logging_mixin.py:188} INFO - [2026-04-24T11:18:35.930+0000] {dagbag.py:538} INFO - Filling up the DagBag from /opt/airflow/dags/batch_pipeline_dag.py
[2026-04-24T11:18:35.950+0000] {processor.py:840} INFO - DAG(s) 'batch_pipeline' retrieved from /opt/airflow/dags/batch_pipeline_dag.py
[2026-04-24T11:18:35.965+0000] {logging_mixin.py:188} INFO - [2026-04-24T11:18:35.965+0000] {dag.py:3036} INFO - Sync 1 DAGs
[2026-04-24T11:18:36.001+0000] {logging_mixin.py:188} INFO - [2026-04-24T11:18:36.000+0000] {dag.py:3823} INFO - Setting next_dagrun for batch_pipeline to 2026-04-24 11:16:00+00:00, run_after=2026-04-24 11:18:00+00:00
[2026-04-24T11:18:36.032+0000] {processor.py:183} INFO - Processing /opt/airflow/dags/batch_pipeline_dag.py took 0.112 seconds
[2026-04-24T11:19:06.164+0000] {processor.py:161} INFO - Started process (PID=49) to work on /opt/airflow/dags/batch_pipeline_dag.py
[2026-04-24T11:19:06.165+0000] {processor.py:830} INFO - Processing file /opt/airflow/dags/batch_pipeline_dag.py for tasks to queue
[2026-04-24T11:19:06.168+0000] {logging_mixin.py:188} INFO - [2026-04-24T11:19:06.167+0000] {dagbag.py:538} INFO - Filling up the DagBag from /opt/airflow/dags/batch_pipeline_dag.py
[2026-04-24T11:19:06.194+0000] {processor.py:840} INFO - DAG(s) 'batch_pipeline' retrieved from /opt/airflow/dags/batch_pipeline_dag.py
[2026-04-24T11:19:06.403+0000] {logging_mixin.py:188} INFO - [2026-04-24T11:19:06.403+0000] {dag.py:3036} INFO - Sync 1 DAGs
[2026-04-24T11:19:06.437+0000] {logging_mixin.py:188} INFO - [2026-04-24T11:19:06.437+0000] {dag.py:3823} INFO - Setting next_dagrun for batch_pipeline to 2026-04-24 11:18:00+00:00, run_after=2026-04-24 11:20:00+00:00
[2026-04-24T11:19:06.465+0000] {processor.py:183} INFO - Processing /opt/airflow/dags/batch_pipeline_dag.py took 0.306 seconds
[2026-04-24T11:19:36.696+0000] {processor.py:161} INFO - Started process (PID=61) to work on /opt/airflow/dags/batch_pipeline_dag.py
[2026-04-24T11:19:36.698+0000] {processor.py:830} INFO - Processing file /opt/airflow/dags/batch_pipeline_dag.py for tasks to queue
[2026-04-24T11:19:36.700+0000] {logging_mixin.py:188} INFO - [2026-04-24T11:19:36.700+0000] {dagbag.py:538} INFO - Filling up the DagBag from /opt/airflow/dags/batch_pipeline_dag.py
[2026-04-24T11:19:36.716+0000] {processor.py:840} INFO - DAG(s) 'batch_pipeline' retrieved from /opt/airflow/dags/batch_pipeline_dag.py
[2026-04-24T11:19:36.747+0000] {logging_mixin.py:188} INFO - [2026-04-24T11:19:36.747+0000] {dag.py:3036} INFO - Sync 1 DAGs
[2026-04-24T11:19:36.779+0000] {logging_mixin.py:188} INFO - [2026-04-24T11:19:36.778+0000] {dag.py:3823} INFO - Setting next_dagrun for batch_pipeline to 2026-04-24 11:18:00+00:00, run_after=2026-04-24 11:20:00+00:00
[2026-04-24T11:19:36.807+0000] {processor.py:183} INFO - Processing /opt/airflow/dags/batch_pipeline_dag.py took 0.114 seconds
[2026-04-24T11:20:06.911+0000] {processor.py:161} INFO - Started process (PID=62) to work on /opt/airflow/dags/batch_pipeline_dag.py
[2026-04-24T11:20:06.912+0000] {processor.py:830} INFO - Processing file /opt/airflow/dags/batch_pipeline_dag.py for tasks to queue
[2026-04-24T11:20:06.914+0000] {logging_mixin.py:188} INFO - [2026-04-24T11:20:06.914+0000] {dagbag.py:538} INFO - Filling up the DagBag from /opt/airflow/dags/batch_pipeline_dag.py
[2026-04-24T11:20:06.930+0000] {processor.py:840} INFO - DAG(s) 'batch_pipeline' retrieved from /opt/airflow/dags/batch_pipeline_dag.py
[2026-04-24T11:20:06.965+0000] {logging_mixin.py:188} INFO - [2026-04-24T11:20:06.965+0000] {dag.py:3036} INFO - Sync 1 DAGs
[2026-04-24T11:20:07.007+0000] {logging_mixin.py:188} INFO - [2026-04-24T11:20:07.007+0000] {dag.py:3823} INFO - Setting next_dagrun for batch_pipeline to 2026-04-24 11:20:00+00:00, run_after=2026-04-24 11:22:00+00:00
[2026-04-24T11:20:07.033+0000] {processor.py:183} INFO - Processing /opt/airflow/dags/batch_pipeline_dag.py took 0.127 seconds
[2026-04-24T11:20:37.231+0000] {processor.py:161} INFO - Started process (PID=63) to work on /opt/airflow/dags/batch_pipeline_dag.py
[2026-04-24T11:20:37.233+0000] {processor.py:830} INFO - Processing file /opt/airflow/dags/batch_pipeline_dag.py for tasks to queue
[2026-04-24T11:20:37.236+0000] {logging_mixin.py:188} INFO - [2026-04-24T11:20:37.235+0000] {dagbag.py:538} INFO - Filling up the DagBag from /opt/airflow/dags/batch_pipeline_dag.py
[2026-04-24T11:20:37.251+0000] {processor.py:840} INFO - DAG(s) 'batch_pipeline' retrieved from /opt/airflow/dags/batch_pipeline_dag.py
[2026-04-24T11:20:37.287+0000] {logging_mixin.py:188} INFO - [2026-04-24T11:20:37.287+0000] {dag.py:3036} INFO - Sync 1 DAGs
[2026-04-24T11:20:37.324+0000] {logging_mixin.py:188} INFO - [2026-04-24T11:20:37.324+0000] {dag.py:3823} INFO - Setting next_dagrun for batch_pipeline to 2026-04-24 11:20:00+00:00, run_after=2026-04-24 11:22:00+00:00
[2026-04-24T11:20:37.355+0000] {processor.py:183} INFO - Processing /opt/airflow/dags/batch_pipeline_dag.py took 0.130 seconds
[2026-04-24T11:21:07.460+0000] {processor.py:161} INFO - Started process (PID=64) to work on /opt/airflow/dags/batch_pipeline_dag.py
[2026-04-24T11:21:07.461+0000] {processor.py:830} INFO - Processing file /opt/airflow/dags/batch_pipeline_dag.py for tasks to queue
[2026-04-24T11:21:07.463+0000] {logging_mixin.py:188} INFO - [2026-04-24T11:21:07.463+0000] {dagbag.py:538} INFO - Filling up the DagBag from /opt/airflow/dags/batch_pipeline_dag.py
[2026-04-24T11:21:07.478+0000] {processor.py:840} INFO - DAG(s) 'batch_pipeline' retrieved from /opt/airflow/dags/batch_pipeline_dag.py
[2026-04-24T11:21:07.511+0000] {logging_mixin.py:188} INFO - [2026-04-24T11:21:07.511+0000] {dag.py:3036} INFO - Sync 1 DAGs
[2026-04-24T11:21:07.545+0000] {logging_mixin.py:188} INFO - [2026-04-24T11:21:07.545+0000] {dag.py:3823} INFO - Setting next_dagrun for batch_pipeline to 2026-04-24 11:20:00+00:00, run_after=2026-04-24 11:22:00+00:00
[2026-04-24T11:21:07.576+0000] {processor.py:183} INFO - Processing /opt/airflow/dags/batch_pipeline_dag.py took 0.119 seconds
[2026-04-24T11:21:37.799+0000] {processor.py:161} INFO - Started process (PID=65) to work on /opt/airflow/dags/batch_pipeline_dag.py
[2026-04-24T11:21:37.801+0000] {processor.py:830} INFO - Processing file /opt/airflow/dags/batch_pipeline_dag.py for tasks to queue
[2026-04-24T11:21:37.804+0000] {logging_mixin.py:188} INFO - [2026-04-24T11:21:37.804+0000] {dagbag.py:538} INFO - Filling up the DagBag from /opt/airflow/dags/batch_pipeline_dag.py
[2026-04-24T11:21:37.819+0000] {processor.py:840} INFO - DAG(s) 'batch_pipeline' retrieved from /opt/airflow/dags/batch_pipeline_dag.py
[2026-04-24T11:21:37.855+0000] {logging_mixin.py:188} INFO - [2026-04-24T11:21:37.855+0000] {dag.py:3036} INFO - Sync 1 DAGs
[2026-04-24T11:21:37.895+0000] {logging_mixin.py:188} INFO - [2026-04-24T11:21:37.894+0000] {dag.py:3823} INFO - Setting next_dagrun for batch_pipeline to 2026-04-24 11:20:00+00:00, run_after=2026-04-24 11:22:00+00:00
[2026-04-24T11:21:37.923+0000] {processor.py:183} INFO - Processing /opt/airflow/dags/batch_pipeline_dag.py took 0.130 seconds
[2026-04-24T11:22:08.012+0000] {processor.py:161} INFO - Started process (PID=66) to work on /opt/airflow/dags/batch_pipeline_dag.py
[2026-04-24T11:22:08.012+0000] {processor.py:830} INFO - Processing file /opt/airflow/dags/batch_pipeline_dag.py for tasks to queue
[2026-04-24T11:22:08.016+0000] {logging_mixin.py:188} INFO - [2026-04-24T11:22:08.015+0000] {dagbag.py:538} INFO - Filling up the DagBag from /opt/airflow/dags/batch_pipeline_dag.py
[2026-04-24T11:22:08.030+0000] {processor.py:840} INFO - DAG(s) 'batch_pipeline' retrieved from /opt/airflow/dags/batch_pipeline_dag.py
[2026-04-24T11:22:08.062+0000] {logging_mixin.py:188} INFO - [2026-04-24T11:22:08.062+0000] {dag.py:3036} INFO - Sync 1 DAGs
[2026-04-24T11:22:08.096+0000] {logging_mixin.py:188} INFO - [2026-04-24T11:22:08.096+0000] {dag.py:3823} INFO - Setting next_dagrun for batch_pipeline to 2026-04-24 11:22:00+00:00, run_after=2026-04-24 11:24:00+00:00
[2026-04-24T11:22:08.127+0000] {processor.py:183} INFO - Processing /opt/airflow/dags/batch_pipeline_dag.py took 0.118 seconds
[2026-04-24T11:22:38.333+0000] {processor.py:161} INFO - Started process (PID=67) to work on /opt/airflow/dags/batch_pipeline_dag.py
[2026-04-24T11:22:38.335+0000] {processor.py:830} INFO - Processing file /opt/airflow/dags/batch_pipeline_dag.py for tasks to queue
[2026-04-24T11:22:38.338+0000] {logging_mixin.py:188} INFO - [2026-04-24T11:22:38.337+0000] {dagbag.py:538} INFO - Filling up the DagBag from /opt/airflow/dags/batch_pipeline_dag.py
[2026-04-24T11:22:38.356+0000] {processor.py:840} INFO - DAG(s) 'batch_pipeline' retrieved from /opt/airflow/dags/batch_pipeline_dag.py
[2026-04-24T11:22:38.392+0000] {logging_mixin.py:188} INFO - [2026-04-24T11:22:38.392+0000] {dag.py:3036} INFO - Sync 1 DAGs
[2026-04-24T11:22:38.430+0000] {logging_mixin.py:188} INFO - [2026-04-24T11:22:38.429+0000] {dag.py:3823} INFO - Setting next_dagrun for batch_pipeline to 2026-04-24 11:22:00+00:00, run_after=2026-04-24 11:24:00+00:00
[2026-04-24T11:22:38.459+0000] {processor.py:183} INFO - Processing /opt/airflow/dags/batch_pipeline_dag.py took 0.132 seconds
[2026-04-24T11:23:08.562+0000] {processor.py:161} INFO - Started process (PID=68) to work on /opt/airflow/dags/batch_pipeline_dag.py
[2026-04-24T11:23:08.565+0000] {processor.py:830} INFO - Processing file /opt/airflow/dags/batch_pipeline_dag.py for tasks to queue
[2026-04-24T11:23:08.569+0000] {logging_mixin.py:188} INFO - [2026-04-24T11:23:08.567+0000] {dagbag.py:538} INFO - Filling up the DagBag from /opt/airflow/dags/batch_pipeline_dag.py
[2026-04-24T11:23:08.590+0000] {processor.py:840} INFO - DAG(s) 'batch_pipeline' retrieved from /opt/airflow/dags/batch_pipeline_dag.py
[2026-04-24T11:23:08.629+0000] {logging_mixin.py:188} INFO - [2026-04-24T11:23:08.628+0000] {dag.py:3036} INFO - Sync 1 DAGs
[2026-04-24T11:23:08.671+0000] {logging_mixin.py:188} INFO - [2026-04-24T11:23:08.670+0000] {dag.py:3823} INFO - Setting next_dagrun for batch_pipeline to 2026-04-24 11:22:00+00:00, run_after=2026-04-24 11:24:00+00:00
[2026-04-24T11:23:08.702+0000] {processor.py:183} INFO - Processing /opt/airflow/dags/batch_pipeline_dag.py took 0.143 seconds
[2026-04-24T11:23:38.893+0000] {processor.py:161} INFO - Started process (PID=69) to work on /opt/airflow/dags/batch_pipeline_dag.py
[2026-04-24T11:23:38.896+0000] {processor.py:830} INFO - Processing file /opt/airflow/dags/batch_pipeline_dag.py for tasks to queue
[2026-04-24T11:23:38.898+0000] {logging_mixin.py:188} INFO - [2026-04-24T11:23:38.897+0000] {dagbag.py:538} INFO - Filling up the DagBag from /opt/airflow/dags/batch_pipeline_dag.py
[2026-04-24T11:23:38.913+0000] {processor.py:840} INFO - DAG(s) 'batch_pipeline' retrieved from /opt/airflow/dags/batch_pipeline_dag.py
[2026-04-24T11:23:38.947+0000] {logging_mixin.py:188} INFO - [2026-04-24T11:23:38.947+0000] {dag.py:3036} INFO - Sync 1 DAGs
[2026-04-24T11:23:38.980+0000] {logging_mixin.py:188} INFO - [2026-04-24T11:23:38.980+0000] {dag.py:3823} INFO - Setting next_dagrun for batch_pipeline to 2026-04-24 11:22:00+00:00, run_after=2026-04-24 11:24:00+00:00
[2026-04-24T11:23:39.009+0000] {processor.py:183} INFO - Processing /opt/airflow/dags/batch_pipeline_dag.py took 0.120 seconds
[2026-04-24T11:24:09.101+0000] {processor.py:161} INFO - Started process (PID=70) to work on /opt/airflow/dags/batch_pipeline_dag.py
[2026-04-24T11:24:09.103+0000] {processor.py:830} INFO - Processing file /opt/airflow/dags/batch_pipeline_dag.py for tasks to queue
[2026-04-24T11:24:09.105+0000] {logging_mixin.py:188} INFO - [2026-04-24T11:24:09.105+0000] {dagbag.py:538} INFO - Filling up the DagBag from /opt/airflow/dags/batch_pipeline_dag.py
[2026-04-24T11:24:09.121+0000] {processor.py:840} INFO - DAG(s) 'batch_pipeline' retrieved from /opt/airflow/dags/batch_pipeline_dag.py
[2026-04-24T11:24:09.158+0000] {logging_mixin.py:188} INFO - [2026-04-24T11:24:09.157+0000] {dag.py:3036} INFO - Sync 1 DAGs
[2026-04-24T11:24:09.193+0000] {logging_mixin.py:188} INFO - [2026-04-24T11:24:09.193+0000] {dag.py:3823} INFO - Setting next_dagrun for batch_pipeline to 2026-04-24 11:24:00+00:00, run_after=2026-04-24 11:26:00+00:00
[2026-04-24T11:24:09.231+0000] {processor.py:183} INFO - Processing /opt/airflow/dags/batch_pipeline_dag.py took 0.134 seconds
[2026-04-24T11:25:58.482+0000] {processor.py:161} INFO - Started process (PID=29) to work on /opt/airflow/dags/batch_pipeline_dag.py
[2026-04-24T11:25:58.484+0000] {processor.py:830} INFO - Processing file /opt/airflow/dags/batch_pipeline_dag.py for tasks to queue
[2026-04-24T11:25:58.488+0000] {logging_mixin.py:188} INFO - [2026-04-24T11:25:58.487+0000] {dagbag.py:538} INFO - Filling up the DagBag from /opt/airflow/dags/batch_pipeline_dag.py
[2026-04-24T11:25:58.575+0000] {processor.py:840} INFO - DAG(s) 'batch_pipeline' retrieved from /opt/airflow/dags/batch_pipeline_dag.py
[2026-04-24T11:25:59.358+0000] {logging_mixin.py:188} INFO - [2026-04-24T11:25:59.355+0000] {override.py:1769} INFO - Created Permission View: can edit on DAG:batch_pipeline
[2026-04-24T11:25:59.388+0000] {logging_mixin.py:188} INFO - [2026-04-24T11:25:59.387+0000] {override.py:1769} INFO - Created Permission View: can delete on DAG:batch_pipeline
[2026-04-24T11:25:59.409+0000] {logging_mixin.py:188} INFO - [2026-04-24T11:25:59.408+0000] {override.py:1769} INFO - Created Permission View: can read on DAG:batch_pipeline
[2026-04-24T11:25:59.410+0000] {logging_mixin.py:188} INFO - [2026-04-24T11:25:59.409+0000] {dag.py:3036} INFO - Sync 1 DAGs
[2026-04-24T11:25:59.434+0000] {logging_mixin.py:188} INFO - [2026-04-24T11:25:59.433+0000] {dag.py:3058} INFO - Creating ORM DAG for batch_pipeline
[2026-04-24T11:25:59.472+0000] {logging_mixin.py:188} INFO - [2026-04-24T11:25:59.471+0000] {dag.py:3823} INFO - Setting next_dagrun for batch_pipeline to 2026-04-24 11:22:00+00:00, run_after=2026-04-24 11:24:00+00:00
[2026-04-24T11:25:59.528+0000] {processor.py:183} INFO - Processing /opt/airflow/dags/batch_pipeline_dag.py took 1.051 seconds
[2026-04-24T11:26:29.739+0000] {processor.py:161} INFO - Started process (PID=38) to work on /opt/airflow/dags/batch_pipeline_dag.py
[2026-04-24T11:26:29.741+0000] {processor.py:830} INFO - Processing file /opt/airflow/dags/batch_pipeline_dag.py for tasks to queue
[2026-04-24T11:26:29.743+0000] {logging_mixin.py:188} INFO - [2026-04-24T11:26:29.743+0000] {dagbag.py:538} INFO - Filling up the DagBag from /opt/airflow/dags/batch_pipeline_dag.py
[2026-04-24T11:26:29.767+0000] {processor.py:840} INFO - DAG(s) 'batch_pipeline' retrieved from /opt/airflow/dags/batch_pipeline_dag.py
[2026-04-24T11:26:29.810+0000] {logging_mixin.py:188} INFO - [2026-04-24T11:26:29.810+0000] {dag.py:3036} INFO - Sync 1 DAGs
[2026-04-24T11:26:29.863+0000] {logging_mixin.py:188} INFO - [2026-04-24T11:26:29.863+0000] {dag.py:3823} INFO - Setting next_dagrun for batch_pipeline to 2026-04-24 11:26:00+00:00, run_after=2026-04-24 11:28:00+00:00
[2026-04-24T11:26:29.895+0000] {processor.py:183} INFO - Processing /opt/airflow/dags/batch_pipeline_dag.py took 0.163 seconds
[2026-04-24T11:27:00.056+0000] {processor.py:161} INFO - Started process (PID=39) to work on /opt/airflow/dags/batch_pipeline_dag.py
[2026-04-24T11:27:00.057+0000] {processor.py:830} INFO - Processing file /opt/airflow/dags/batch_pipeline_dag.py for tasks to queue
[2026-04-24T11:27:00.058+0000] {logging_mixin.py:188} INFO - [2026-04-24T11:27:00.058+0000] {dagbag.py:538} INFO - Filling up the DagBag from /opt/airflow/dags/batch_pipeline_dag.py
[2026-04-24T11:27:00.078+0000] {processor.py:840} INFO - DAG(s) 'batch_pipeline' retrieved from /opt/airflow/dags/batch_pipeline_dag.py
[2026-04-24T11:27:00.112+0000] {logging_mixin.py:188} INFO - [2026-04-24T11:27:00.111+0000] {dag.py:3036} INFO - Sync 1 DAGs
[2026-04-24T11:27:00.156+0000] {logging_mixin.py:188} INFO - [2026-04-24T11:27:00.156+0000] {dag.py:3823} INFO - Setting next_dagrun for batch_pipeline to 2026-04-24 11:26:00+00:00, run_after=2026-04-24 11:28:00+00:00
[2026-04-24T11:27:00.192+0000] {processor.py:183} INFO - Processing /opt/airflow/dags/batch_pipeline_dag.py took 0.139 seconds
[2026-04-24T11:27:30.387+0000] {processor.py:161} INFO - Started process (PID=50) to work on /opt/airflow/dags/batch_pipeline_dag.py
[2026-04-24T11:27:30.391+0000] {processor.py:830} INFO - Processing file /opt/airflow/dags/batch_pipeline_dag.py for tasks to queue
[2026-04-24T11:27:30.398+0000] {logging_mixin.py:188} INFO - [2026-04-24T11:27:30.397+0000] {dagbag.py:538} INFO - Filling up the DagBag from /opt/airflow/dags/batch_pipeline_dag.py
[2026-04-24T11:27:30.441+0000] {processor.py:840} INFO - DAG(s) 'batch_pipeline' retrieved from /opt/airflow/dags/batch_pipeline_dag.py
[2026-04-24T11:27:30.525+0000] {logging_mixin.py:188} INFO - [2026-04-24T11:27:30.525+0000] {dag.py:3036} INFO - Sync 1 DAGs
[2026-04-24T11:27:30.611+0000] {logging_mixin.py:188} INFO - [2026-04-24T11:27:30.610+0000] {dag.py:3823} INFO - Setting next_dagrun for batch_pipeline to 2026-04-24 11:26:00+00:00, run_after=2026-04-24 11:28:00+00:00
[2026-04-24T11:27:30.651+0000] {processor.py:183} INFO - Processing /opt/airflow/dags/batch_pipeline_dag.py took 0.274 seconds
[2026-04-24T11:28:00.901+0000] {processor.py:161} INFO - Started process (PID=51) to work on /opt/airflow/dags/batch_pipeline_dag.py
[2026-04-24T11:28:00.902+0000] {processor.py:830} INFO - Processing file /opt/airflow/dags/batch_pipeline_dag.py for tasks to queue
[2026-04-24T11:28:00.906+0000] {logging_mixin.py:188} INFO - [2026-04-24T11:28:00.905+0000] {dagbag.py:538} INFO - Filling up the DagBag from /opt/airflow/dags/batch_pipeline_dag.py
[2026-04-24T11:28:00.928+0000] {processor.py:840} INFO - DAG(s) 'batch_pipeline' retrieved from /opt/airflow/dags/batch_pipeline_dag.py
[2026-04-24T11:28:00.972+0000] {logging_mixin.py:188} INFO - [2026-04-24T11:28:00.972+0000] {dag.py:3036} INFO - Sync 1 DAGs
[2026-04-24T11:28:01.018+0000] {logging_mixin.py:188} INFO - [2026-04-24T11:28:01.018+0000] {dag.py:3823} INFO - Setting next_dagrun for batch_pipeline to 2026-04-24 11:28:00+00:00, run_after=2026-04-24 11:30:00+00:00
[2026-04-24T11:28:01.051+0000] {processor.py:183} INFO - Processing /opt/airflow/dags/batch_pipeline_dag.py took 0.155 seconds
[2026-04-24T11:28:31.122+0000] {processor.py:161} INFO - Started process (PID=52) to work on /opt/airflow/dags/batch_pipeline_dag.py
[2026-04-24T11:28:31.124+0000] {processor.py:830} INFO - Processing file /opt/airflow/dags/batch_pipeline_dag.py for tasks to queue
[2026-04-24T11:28:31.129+0000] {logging_mixin.py:188} INFO - [2026-04-24T11:28:31.129+0000] {dagbag.py:538} INFO - Filling up the DagBag from /opt/airflow/dags/batch_pipeline_dag.py
[2026-04-24T11:28:31.145+0000] {processor.py:840} INFO - DAG(s) 'batch_pipeline' retrieved from /opt/airflow/dags/batch_pipeline_dag.py
[2026-04-24T11:28:31.175+0000] {logging_mixin.py:188} INFO - [2026-04-24T11:28:31.174+0000] {dag.py:3036} INFO - Sync 1 DAGs
[2026-04-24T11:28:31.211+0000] {logging_mixin.py:188} INFO - [2026-04-24T11:28:31.211+0000] {dag.py:3823} INFO - Setting next_dagrun for batch_pipeline to 2026-04-24 11:28:00+00:00, run_after=2026-04-24 11:30:00+00:00
[2026-04-24T11:28:31.239+0000] {processor.py:183} INFO - Processing /opt/airflow/dags/batch_pipeline_dag.py took 0.121 seconds
[2026-04-24T11:29:01.347+0000] {processor.py:161} INFO - Started process (PID=53) to work on /opt/airflow/dags/batch_pipeline_dag.py
[2026-04-24T11:29:01.348+0000] {processor.py:830} INFO - Processing file /opt/airflow/dags/batch_pipeline_dag.py for tasks to queue
[2026-04-24T11:29:01.352+0000] {logging_mixin.py:188} INFO - [2026-04-24T11:29:01.350+0000] {dagbag.py:538} INFO - Filling up the DagBag from /opt/airflow/dags/batch_pipeline_dag.py
[2026-04-24T11:29:01.372+0000] {processor.py:840} INFO - DAG(s) 'batch_pipeline' retrieved from /opt/airflow/dags/batch_pipeline_dag.py
[2026-04-24T11:29:01.406+0000] {logging_mixin.py:188} INFO - [2026-04-24T11:29:01.405+0000] {dag.py:3036} INFO - Sync 1 DAGs
[2026-04-24T11:29:01.459+0000] {logging_mixin.py:188} INFO - [2026-04-24T11:29:01.459+0000] {dag.py:3823} INFO - Setting next_dagrun for batch_pipeline to 2026-04-24 11:28:00+00:00, run_after=2026-04-24 11:30:00+00:00
[2026-04-24T11:29:01.496+0000] {processor.py:183} INFO - Processing /opt/airflow/dags/batch_pipeline_dag.py took 0.152 seconds
[2026-04-24T11:29:31.669+0000] {processor.py:161} INFO - Started process (PID=54) to work on /opt/airflow/dags/batch_pipeline_dag.py
[2026-04-24T11:29:31.672+0000] {processor.py:830} INFO - Processing file /opt/airflow/dags/batch_pipeline_dag.py for tasks to queue
[2026-04-24T11:29:31.675+0000] {logging_mixin.py:188} INFO - [2026-04-24T11:29:31.674+0000] {dagbag.py:538} INFO - Filling up the DagBag from /opt/airflow/dags/batch_pipeline_dag.py
[2026-04-24T11:29:31.692+0000] {processor.py:840} INFO - DAG(s) 'batch_pipeline' retrieved from /opt/airflow/dags/batch_pipeline_dag.py
[2026-04-24T11:29:31.726+0000] {logging_mixin.py:188} INFO - [2026-04-24T11:29:31.725+0000] {dag.py:3036} INFO - Sync 1 DAGs
[2026-04-24T11:29:31.761+0000] {logging_mixin.py:188} INFO - [2026-04-24T11:29:31.761+0000] {dag.py:3823} INFO - Setting next_dagrun for batch_pipeline to 2026-04-24 11:28:00+00:00, run_after=2026-04-24 11:30:00+00:00
[2026-04-24T11:29:31.794+0000] {processor.py:183} INFO - Processing /opt/airflow/dags/batch_pipeline_dag.py took 0.131 seconds
[2026-04-24T11:30:01.932+0000] {processor.py:161} INFO - Started process (PID=55) to work on /opt/airflow/dags/batch_pipeline_dag.py
[2026-04-24T11:30:01.934+0000] {processor.py:830} INFO - Processing file /opt/airflow/dags/batch_pipeline_dag.py for tasks to queue
[2026-04-24T11:30:01.938+0000] {logging_mixin.py:188} INFO - [2026-04-24T11:30:01.937+0000] {dagbag.py:538} INFO - Filling up the DagBag from /opt/airflow/dags/batch_pipeline_dag.py
[2026-04-24T11:30:01.960+0000] {processor.py:840} INFO - DAG(s) 'batch_pipeline' retrieved from /opt/airflow/dags/batch_pipeline_dag.py
[2026-04-24T11:30:02.008+0000] {logging_mixin.py:188} INFO - [2026-04-24T11:30:02.008+0000] {dag.py:3036} INFO - Sync 1 DAGs
[2026-04-24T11:30:02.063+0000] {logging_mixin.py:188} INFO - [2026-04-24T11:30:02.062+0000] {dag.py:3823} INFO - Setting next_dagrun for batch_pipeline to 2026-04-24 11:30:00+00:00, run_after=2026-04-24 11:32:00+00:00
[2026-04-24T11:30:02.121+0000] {processor.py:183} INFO - Processing /opt/airflow/dags/batch_pipeline_dag.py took 0.195 seconds
[2026-04-24T11:30:32.183+0000] {processor.py:161} INFO - Started process (PID=56) to work on /opt/airflow/dags/batch_pipeline_dag.py
[2026-04-24T11:30:32.186+0000] {processor.py:830} INFO - Processing file /opt/airflow/dags/batch_pipeline_dag.py for tasks to queue
[2026-04-24T11:30:32.189+0000] {logging_mixin.py:188} INFO - [2026-04-24T11:30:32.188+0000] {dagbag.py:538} INFO - Filling up the DagBag from /opt/airflow/dags/batch_pipeline_dag.py
[2026-04-24T11:30:32.204+0000] {processor.py:840} INFO - DAG(s) 'batch_pipeline' retrieved from /opt/airflow/dags/batch_pipeline_dag.py
[2026-04-24T11:30:32.237+0000] {logging_mixin.py:188} INFO - [2026-04-24T11:30:32.236+0000] {dag.py:3036} INFO - Sync 1 DAGs
[2026-04-24T11:30:32.272+0000] {logging_mixin.py:188} INFO - [2026-04-24T11:30:32.271+0000] {dag.py:3823} INFO - Setting next_dagrun for batch_pipeline to 2026-04-24 11:30:00+00:00, run_after=2026-04-24 11:32:00+00:00
[2026-04-24T11:30:32.297+0000] {processor.py:183} INFO - Processing /opt/airflow/dags/batch_pipeline_dag.py took 0.118 seconds
[2026-04-24T11:31:02.427+0000] {processor.py:161} INFO - Started process (PID=57) to work on /opt/airflow/dags/batch_pipeline_dag.py
[2026-04-24T11:31:02.428+0000] {processor.py:830} INFO - Processing file /opt/airflow/dags/batch_pipeline_dag.py for tasks to queue
[2026-04-24T11:31:02.430+0000] {logging_mixin.py:188} INFO - [2026-04-24T11:31:02.430+0000] {dagbag.py:538} INFO - Filling up the DagBag from /opt/airflow/dags/batch_pipeline_dag.py
[2026-04-24T11:31:02.446+0000] {processor.py:840} INFO - DAG(s) 'batch_pipeline' retrieved from /opt/airflow/dags/batch_pipeline_dag.py
[2026-04-24T11:31:02.481+0000] {logging_mixin.py:188} INFO - [2026-04-24T11:31:02.480+0000] {dag.py:3036} INFO - Sync 1 DAGs
[2026-04-24T11:31:02.519+0000] {logging_mixin.py:188} INFO - [2026-04-24T11:31:02.519+0000] {dag.py:3823} INFO - Setting next_dagrun for batch_pipeline to 2026-04-24 11:30:00+00:00, run_after=2026-04-24 11:32:00+00:00
[2026-04-24T11:31:02.549+0000] {processor.py:183} INFO - Processing /opt/airflow/dags/batch_pipeline_dag.py took 0.127 seconds
[2026-04-24T11:31:32.725+0000] {processor.py:161} INFO - Started process (PID=58) to work on /opt/airflow/dags/batch_pipeline_dag.py
[2026-04-24T11:31:32.729+0000] {processor.py:830} INFO - Processing file /opt/airflow/dags/batch_pipeline_dag.py for tasks to queue
[2026-04-24T11:31:32.733+0000] {logging_mixin.py:188} INFO - [2026-04-24T11:31:32.732+0000] {dagbag.py:538} INFO - Filling up the DagBag from /opt/airflow/dags/batch_pipeline_dag.py
[2026-04-24T11:31:32.751+0000] {processor.py:840} INFO - DAG(s) 'batch_pipeline' retrieved from /opt/airflow/dags/batch_pipeline_dag.py
[2026-04-24T11:31:32.800+0000] {logging_mixin.py:188} INFO - [2026-04-24T11:31:32.799+0000] {dag.py:3036} INFO - Sync 1 DAGs
[2026-04-24T11:31:32.842+0000] {logging_mixin.py:188} INFO - [2026-04-24T11:31:32.842+0000] {dag.py:3823} INFO - Setting next_dagrun for batch_pipeline to 2026-04-24 11:30:00+00:00, run_after=2026-04-24 11:32:00+00:00
[2026-04-24T11:31:32.879+0000] {processor.py:183} INFO - Processing /opt/airflow/dags/batch_pipeline_dag.py took 0.157 seconds
[2026-04-24T11:33:07.077+0000] {processor.py:161} INFO - Started process (PID=29) to work on /opt/airflow/dags/batch_pipeline_dag.py
[2026-04-24T11:33:07.088+0000] {processor.py:830} INFO - Processing file /opt/airflow/dags/batch_pipeline_dag.py for tasks to queue
[2026-04-24T11:33:07.092+0000] {logging_mixin.py:188} INFO - [2026-04-24T11:33:07.091+0000] {dagbag.py:538} INFO - Filling up the DagBag from /opt/airflow/dags/batch_pipeline_dag.py
[2026-04-24T11:33:07.190+0000] {processor.py:840} INFO - DAG(s) 'batch_pipeline' retrieved from /opt/airflow/dags/batch_pipeline_dag.py
[2026-04-24T11:33:07.864+0000] {logging_mixin.py:188} INFO - [2026-04-24T11:33:07.862+0000] {override.py:1769} INFO - Created Permission View: can delete on DAG:batch_pipeline
[2026-04-24T11:33:07.893+0000] {logging_mixin.py:188} INFO - [2026-04-24T11:33:07.892+0000] {override.py:1769} INFO - Created Permission View: can read on DAG:batch_pipeline
[2026-04-24T11:33:07.915+0000] {logging_mixin.py:188} INFO - [2026-04-24T11:33:07.913+0000] {override.py:1769} INFO - Created Permission View: can edit on DAG:batch_pipeline
[2026-04-24T11:33:07.917+0000] {logging_mixin.py:188} INFO - [2026-04-24T11:33:07.916+0000] {dag.py:3036} INFO - Sync 1 DAGs
[2026-04-24T11:33:07.941+0000] {logging_mixin.py:188} INFO - [2026-04-24T11:33:07.940+0000] {dag.py:3058} INFO - Creating ORM DAG for batch_pipeline
[2026-04-24T11:33:07.971+0000] {logging_mixin.py:188} INFO - [2026-04-24T11:33:07.971+0000] {dag.py:3823} INFO - Setting next_dagrun for batch_pipeline to 2026-04-24 11:30:00+00:00, run_after=2026-04-24 11:32:00+00:00
[2026-04-24T11:33:08.034+0000] {processor.py:183} INFO - Processing /opt/airflow/dags/batch_pipeline_dag.py took 0.967 seconds
[2026-04-24T11:33:38.291+0000] {processor.py:161} INFO - Started process (PID=30) to work on /opt/airflow/dags/batch_pipeline_dag.py
[2026-04-24T11:33:38.294+0000] {processor.py:830} INFO - Processing file /opt/airflow/dags/batch_pipeline_dag.py for tasks to queue
[2026-04-24T11:33:38.297+0000] {logging_mixin.py:188} INFO - [2026-04-24T11:33:38.296+0000] {dagbag.py:538} INFO - Filling up the DagBag from /opt/airflow/dags/batch_pipeline_dag.py
[2026-04-24T11:33:38.313+0000] {processor.py:840} INFO - DAG(s) 'batch_pipeline' retrieved from /opt/airflow/dags/batch_pipeline_dag.py
[2026-04-24T11:33:38.350+0000] {logging_mixin.py:188} INFO - [2026-04-24T11:33:38.350+0000] {dag.py:3036} INFO - Sync 1 DAGs
[2026-04-24T11:33:38.401+0000] {logging_mixin.py:188} INFO - [2026-04-24T11:33:38.400+0000] {dag.py:3823} INFO - Setting next_dagrun for batch_pipeline to 2026-04-24 11:32:00+00:00, run_after=2026-04-24 11:34:00+00:00
[2026-04-24T11:33:38.435+0000] {processor.py:183} INFO - Processing /opt/airflow/dags/batch_pipeline_dag.py took 0.148 seconds
[2026-04-24T11:34:08.574+0000] {processor.py:161} INFO - Started process (PID=31) to work on /opt/airflow/dags/batch_pipeline_dag.py
[2026-04-24T11:34:08.574+0000] {processor.py:830} INFO - Processing file /opt/airflow/dags/batch_pipeline_dag.py for tasks to queue
[2026-04-24T11:34:08.578+0000] {logging_mixin.py:188} INFO - [2026-04-24T11:34:08.577+0000] {dagbag.py:538} INFO - Filling up the DagBag from /opt/airflow/dags/batch_pipeline_dag.py
[2026-04-24T11:34:08.594+0000] {processor.py:840} INFO - DAG(s) 'batch_pipeline' retrieved from /opt/airflow/dags/batch_pipeline_dag.py
[2026-04-24T11:34:08.636+0000] {logging_mixin.py:188} INFO - [2026-04-24T11:34:08.636+0000] {dag.py:3036} INFO - Sync 1 DAGs
[2026-04-24T11:34:08.673+0000] {logging_mixin.py:188} INFO - [2026-04-24T11:34:08.673+0000] {dag.py:3823} INFO - Setting next_dagrun for batch_pipeline to 2026-04-24 11:34:00+00:00, run_after=2026-04-24 11:36:00+00:00
[2026-04-24T11:34:08.703+0000] {processor.py:183} INFO - Processing /opt/airflow/dags/batch_pipeline_dag.py took 0.132 seconds
[2026-04-24T11:34:38.826+0000] {processor.py:161} INFO - Started process (PID=32) to work on /opt/airflow/dags/batch_pipeline_dag.py
[2026-04-24T11:34:38.830+0000] {processor.py:830} INFO - Processing file /opt/airflow/dags/batch_pipeline_dag.py for tasks to queue
[2026-04-24T11:34:38.832+0000] {logging_mixin.py:188} INFO - [2026-04-24T11:34:38.832+0000] {dagbag.py:538} INFO - Filling up the DagBag from /opt/airflow/dags/batch_pipeline_dag.py
[2026-04-24T11:34:38.847+0000] {processor.py:840} INFO - DAG(s) 'batch_pipeline' retrieved from /opt/airflow/dags/batch_pipeline_dag.py
[2026-04-24T11:34:38.879+0000] {logging_mixin.py:188} INFO - [2026-04-24T11:34:38.878+0000] {dag.py:3036} INFO - Sync 1 DAGs
[2026-04-24T11:34:38.917+0000] {logging_mixin.py:188} INFO - [2026-04-24T11:34:38.917+0000] {dag.py:3823} INFO - Setting next_dagrun for batch_pipeline to 2026-04-24 11:34:00+00:00, run_after=2026-04-24 11:36:00+00:00
[2026-04-24T11:34:38.947+0000] {processor.py:183} INFO - Processing /opt/airflow/dags/batch_pipeline_dag.py took 0.125 seconds
[2026-04-24T11:35:09.108+0000] {processor.py:161} INFO - Started process (PID=33) to work on /opt/airflow/dags/batch_pipeline_dag.py
[2026-04-24T11:35:09.110+0000] {processor.py:830} INFO - Processing file /opt/airflow/dags/batch_pipeline_dag.py for tasks to queue
[2026-04-24T11:35:09.113+0000] {logging_mixin.py:188} INFO - [2026-04-24T11:35:09.112+0000] {dagbag.py:538} INFO - Filling up the DagBag from /opt/airflow/dags/batch_pipeline_dag.py
[2026-04-24T11:35:09.131+0000] {processor.py:840} INFO - DAG(s) 'batch_pipeline' retrieved from /opt/airflow/dags/batch_pipeline_dag.py
[2026-04-24T11:35:09.168+0000] {logging_mixin.py:188} INFO - [2026-04-24T11:35:09.168+0000] {dag.py:3036} INFO - Sync 1 DAGs
[2026-04-24T11:35:09.202+0000] {logging_mixin.py:188} INFO - [2026-04-24T11:35:09.202+0000] {dag.py:3823} INFO - Setting next_dagrun for batch_pipeline to 2026-04-24 11:34:00+00:00, run_after=2026-04-24 11:36:00+00:00
[2026-04-24T11:35:09.232+0000] {processor.py:183} INFO - Processing /opt/airflow/dags/batch_pipeline_dag.py took 0.128 seconds
[2026-04-24T11:35:39.345+0000] {processor.py:161} INFO - Started process (PID=34) to work on /opt/airflow/dags/batch_pipeline_dag.py
[2026-04-24T11:35:39.348+0000] {processor.py:830} INFO - Processing file /opt/airflow/dags/batch_pipeline_dag.py for tasks to queue
[2026-04-24T11:35:39.349+0000] {logging_mixin.py:188} INFO - [2026-04-24T11:35:39.349+0000] {dagbag.py:538} INFO - Filling up the DagBag from /opt/airflow/dags/batch_pipeline_dag.py
[2026-04-24T11:35:39.366+0000] {processor.py:840} INFO - DAG(s) 'batch_pipeline' retrieved from /opt/airflow/dags/batch_pipeline_dag.py
[2026-04-24T11:35:39.398+0000] {logging_mixin.py:188} INFO - [2026-04-24T11:35:39.398+0000] {dag.py:3036} INFO - Sync 1 DAGs
[2026-04-24T11:35:39.434+0000] {logging_mixin.py:188} INFO - [2026-04-24T11:35:39.434+0000] {dag.py:3823} INFO - Setting next_dagrun for batch_pipeline to 2026-04-24 11:34:00+00:00, run_after=2026-04-24 11:36:00+00:00
[2026-04-24T11:35:39.465+0000] {processor.py:183} INFO - Processing /opt/airflow/dags/batch_pipeline_dag.py took 0.126 seconds
[2026-04-24T11:36:09.643+0000] {processor.py:161} INFO - Started process (PID=35) to work on /opt/airflow/dags/batch_pipeline_dag.py
[2026-04-24T11:36:09.644+0000] {processor.py:830} INFO - Processing file /opt/airflow/dags/batch_pipeline_dag.py for tasks to queue
[2026-04-24T11:36:09.646+0000] {logging_mixin.py:188} INFO - [2026-04-24T11:36:09.645+0000] {dagbag.py:538} INFO - Filling up the DagBag from /opt/airflow/dags/batch_pipeline_dag.py
[2026-04-24T11:36:09.664+0000] {processor.py:840} INFO - DAG(s) 'batch_pipeline' retrieved from /opt/airflow/dags/batch_pipeline_dag.py
[2026-04-24T11:36:09.697+0000] {logging_mixin.py:188} INFO - [2026-04-24T11:36:09.697+0000] {dag.py:3036} INFO - Sync 1 DAGs
[2026-04-24T11:36:09.733+0000] {logging_mixin.py:188} INFO - [2026-04-24T11:36:09.732+0000] {dag.py:3823} INFO - Setting next_dagrun for batch_pipeline to 2026-04-24 11:36:00+00:00, run_after=2026-04-24 11:38:00+00:00
[2026-04-24T11:36:09.763+0000] {processor.py:183} INFO - Processing /opt/airflow/dags/batch_pipeline_dag.py took 0.126 seconds
[2026-04-24T11:36:39.875+0000] {processor.py:161} INFO - Started process (PID=36) to work on /opt/airflow/dags/batch_pipeline_dag.py
[2026-04-24T11:36:39.877+0000] {processor.py:830} INFO - Processing file /opt/airflow/dags/batch_pipeline_dag.py for tasks to queue
[2026-04-24T11:36:39.879+0000] {logging_mixin.py:188} INFO - [2026-04-24T11:36:39.879+0000] {dagbag.py:538} INFO - Filling up the DagBag from /opt/airflow/dags/batch_pipeline_dag.py
[2026-04-24T11:36:39.896+0000] {processor.py:840} INFO - DAG(s) 'batch_pipeline' retrieved from /opt/airflow/dags/batch_pipeline_dag.py
[2026-04-24T11:36:39.939+0000] {logging_mixin.py:188} INFO - [2026-04-24T11:36:39.939+0000] {dag.py:3036} INFO - Sync 1 DAGs
[2026-04-24T11:36:39.998+0000] {logging_mixin.py:188} INFO - [2026-04-24T11:36:39.997+0000] {dag.py:3823} INFO - Setting next_dagrun for batch_pipeline to 2026-04-24 11:36:00+00:00, run_after=2026-04-24 11:38:00+00:00
[2026-04-24T11:36:40.032+0000] {processor.py:183} INFO - Processing /opt/airflow/dags/batch_pipeline_dag.py took 0.162 seconds
[2026-04-24T11:37:10.206+0000] {processor.py:161} INFO - Started process (PID=37) to work on /opt/airflow/dags/batch_pipeline_dag.py
[2026-04-24T11:37:10.207+0000] {processor.py:830} INFO - Processing file /opt/airflow/dags/batch_pipeline_dag.py for tasks to queue
[2026-04-24T11:37:10.210+0000] {logging_mixin.py:188} INFO - [2026-04-24T11:37:10.209+0000] {dagbag.py:538} INFO - Filling up the DagBag from /opt/airflow/dags/batch_pipeline_dag.py
[2026-04-24T11:37:10.232+0000] {processor.py:840} INFO - DAG(s) 'batch_pipeline' retrieved from /opt/airflow/dags/batch_pipeline_dag.py
[2026-04-24T11:37:10.266+0000] {logging_mixin.py:188} INFO - [2026-04-24T11:37:10.266+0000] {dag.py:3036} INFO - Sync 1 DAGs
[2026-04-24T11:37:10.302+0000] {logging_mixin.py:188} INFO - [2026-04-24T11:37:10.302+0000] {dag.py:3823} INFO - Setting next_dagrun for batch_pipeline to 2026-04-24 11:36:00+00:00, run_after=2026-04-24 11:38:00+00:00
[2026-04-24T11:37:10.333+0000] {processor.py:183} INFO - Processing /opt/airflow/dags/batch_pipeline_dag.py took 0.133 seconds
[2026-04-24T11:37:40.463+0000] {processor.py:161} INFO - Started process (PID=38) to work on /opt/airflow/dags/batch_pipeline_dag.py
[2026-04-24T11:37:40.466+0000] {processor.py:830} INFO - Processing file /opt/airflow/dags/batch_pipeline_dag.py for tasks to queue
[2026-04-24T11:37:40.468+0000] {logging_mixin.py:188} INFO - [2026-04-24T11:37:40.467+0000] {dagbag.py:538} INFO - Filling up the DagBag from /opt/airflow/dags/batch_pipeline_dag.py
[2026-04-24T11:37:40.486+0000] {processor.py:840} INFO - DAG(s) 'batch_pipeline' retrieved from /opt/airflow/dags/batch_pipeline_dag.py
[2026-04-24T11:37:40.537+0000] {logging_mixin.py:188} INFO - [2026-04-24T11:37:40.536+0000] {dag.py:3036} INFO - Sync 1 DAGs
[2026-04-24T11:37:40.611+0000] {logging_mixin.py:188} INFO - [2026-04-24T11:37:40.611+0000] {dag.py:3823} INFO - Setting next_dagrun for batch_pipeline to 2026-04-24 11:36:00+00:00, run_after=2026-04-24 11:38:00+00:00
[2026-04-24T11:37:40.651+0000] {processor.py:183} INFO - Processing /opt/airflow/dags/batch_pipeline_dag.py took 0.190 seconds
[2026-04-24T11:38:10.865+0000] {processor.py:161} INFO - Started process (PID=49) to work on /opt/airflow/dags/batch_pipeline_dag.py
[2026-04-24T11:38:10.866+0000] {processor.py:830} INFO - Processing file /opt/airflow/dags/batch_pipeline_dag.py for tasks to queue
[2026-04-24T11:38:10.868+0000] {logging_mixin.py:188} INFO - [2026-04-24T11:38:10.867+0000] {dagbag.py:538} INFO - Filling up the DagBag from /opt/airflow/dags/batch_pipeline_dag.py
[2026-04-24T11:38:10.885+0000] {processor.py:840} INFO - DAG(s) 'batch_pipeline' retrieved from /opt/airflow/dags/batch_pipeline_dag.py
[2026-04-24T11:38:10.928+0000] {logging_mixin.py:188} INFO - [2026-04-24T11:38:10.928+0000] {dag.py:3036} INFO - Sync 1 DAGs
[2026-04-24T11:38:10.979+0000] {logging_mixin.py:188} INFO - [2026-04-24T11:38:10.979+0000] {dag.py:3823} INFO - Setting next_dagrun for batch_pipeline to 2026-04-24 11:38:00+00:00, run_after=2026-04-24 11:40:00+00:00
[2026-04-24T11:38:11.030+0000] {processor.py:183} INFO - Processing /opt/airflow/dags/batch_pipeline_dag.py took 0.168 seconds
[2026-04-24T11:38:41.112+0000] {processor.py:161} INFO - Started process (PID=50) to work on /opt/airflow/dags/batch_pipeline_dag.py
[2026-04-24T11:38:41.115+0000] {processor.py:830} INFO - Processing file /opt/airflow/dags/batch_pipeline_dag.py for tasks to queue
[2026-04-24T11:38:41.118+0000] {logging_mixin.py:188} INFO - [2026-04-24T11:38:41.117+0000] {dagbag.py:538} INFO - Filling up the DagBag from /opt/airflow/dags/batch_pipeline_dag.py
[2026-04-24T11:38:41.136+0000] {processor.py:840} INFO - DAG(s) 'batch_pipeline' retrieved from /opt/airflow/dags/batch_pipeline_dag.py
[2026-04-24T11:38:41.171+0000] {logging_mixin.py:188} INFO - [2026-04-24T11:38:41.170+0000] {dag.py:3036} INFO - Sync 1 DAGs
[2026-04-24T11:38:41.208+0000] {logging_mixin.py:188} INFO - [2026-04-24T11:38:41.207+0000] {dag.py:3823} INFO - Setting next_dagrun for batch_pipeline to 2026-04-24 11:38:00+00:00, run_after=2026-04-24 11:40:00+00:00
[2026-04-24T11:38:41.235+0000] {processor.py:183} INFO - Processing /opt/airflow/dags/batch_pipeline_dag.py took 0.126 seconds
[2026-04-24T11:39:11.465+0000] {processor.py:161} INFO - Started process (PID=51) to work on /opt/airflow/dags/batch_pipeline_dag.py
[2026-04-24T11:39:11.466+0000] {processor.py:830} INFO - Processing file /opt/airflow/dags/batch_pipeline_dag.py for tasks to queue
[2026-04-24T11:39:11.468+0000] {logging_mixin.py:188} INFO - [2026-04-24T11:39:11.467+0000] {dagbag.py:538} INFO - Filling up the DagBag from /opt/airflow/dags/batch_pipeline_dag.py
[2026-04-24T11:39:11.483+0000] {processor.py:840} INFO - DAG(s) 'batch_pipeline' retrieved from /opt/airflow/dags/batch_pipeline_dag.py
[2026-04-24T11:39:11.516+0000] {logging_mixin.py:188} INFO - [2026-04-24T11:39:11.515+0000] {dag.py:3036} INFO - Sync 1 DAGs
[2026-04-24T11:39:11.555+0000] {logging_mixin.py:188} INFO - [2026-04-24T11:39:11.554+0000] {dag.py:3823} INFO - Setting next_dagrun for batch_pipeline to 2026-04-24 11:38:00+00:00, run_after=2026-04-24 11:40:00+00:00
[2026-04-24T11:39:11.582+0000] {processor.py:183} INFO - Processing /opt/airflow/dags/batch_pipeline_dag.py took 0.120 seconds
[2026-04-24T11:39:41.708+0000] {processor.py:161} INFO - Started process (PID=52) to work on /opt/airflow/dags/batch_pipeline_dag.py
[2026-04-24T11:39:41.711+0000] {processor.py:830} INFO - Processing file /opt/airflow/dags/batch_pipeline_dag.py for tasks to queue
[2026-04-24T11:39:41.717+0000] {logging_mixin.py:188} INFO - [2026-04-24T11:39:41.717+0000] {dagbag.py:538} INFO - Filling up the DagBag from /opt/airflow/dags/batch_pipeline_dag.py
[2026-04-24T11:39:41.740+0000] {processor.py:840} INFO - DAG(s) 'batch_pipeline' retrieved from /opt/airflow/dags/batch_pipeline_dag.py
[2026-04-24T11:39:41.785+0000] {logging_mixin.py:188} INFO - [2026-04-24T11:39:41.785+0000] {dag.py:3036} INFO - Sync 1 DAGs
[2026-04-24T11:39:41.837+0000] {logging_mixin.py:188} INFO - [2026-04-24T11:39:41.836+0000] {dag.py:3823} INFO - Setting next_dagrun for batch_pipeline to 2026-04-24 11:38:00+00:00, run_after=2026-04-24 11:40:00+00:00
[2026-04-24T11:39:41.875+0000] {processor.py:183} INFO - Processing /opt/airflow/dags/batch_pipeline_dag.py took 0.170 seconds
[2026-04-24T11:40:12.029+0000] {processor.py:161} INFO - Started process (PID=53) to work on /opt/airflow/dags/batch_pipeline_dag.py
[2026-04-24T11:40:12.032+0000] {processor.py:830} INFO - Processing file /opt/airflow/dags/batch_pipeline_dag.py for tasks to queue
[2026-04-24T11:40:12.035+0000] {logging_mixin.py:188} INFO - [2026-04-24T11:40:12.035+0000] {dagbag.py:538} INFO - Filling up the DagBag from /opt/airflow/dags/batch_pipeline_dag.py
[2026-04-24T11:40:12.053+0000] {processor.py:840} INFO - DAG(s) 'batch_pipeline' retrieved from /opt/airflow/dags/batch_pipeline_dag.py
[2026-04-24T11:40:12.091+0000] {logging_mixin.py:188} INFO - [2026-04-24T11:40:12.091+0000] {dag.py:3036} INFO - Sync 1 DAGs
[2026-04-24T11:40:12.138+0000] {logging_mixin.py:188} INFO - [2026-04-24T11:40:12.138+0000] {dag.py:3823} INFO - Setting next_dagrun for batch_pipeline to 2026-04-24 11:40:00+00:00, run_after=2026-04-24 11:42:00+00:00
[2026-04-24T11:40:12.172+0000] {processor.py:183} INFO - Processing /opt/airflow/dags/batch_pipeline_dag.py took 0.148 seconds
[2026-04-24T11:40:42.290+0000] {processor.py:161} INFO - Started process (PID=54) to work on /opt/airflow/dags/batch_pipeline_dag.py
[2026-04-24T11:40:42.291+0000] {processor.py:830} INFO - Processing file /opt/airflow/dags/batch_pipeline_dag.py for tasks to queue
[2026-04-24T11:40:42.295+0000] {logging_mixin.py:188} INFO - [2026-04-24T11:40:42.294+0000] {dagbag.py:538} INFO - Filling up the DagBag from /opt/airflow/dags/batch_pipeline_dag.py
[2026-04-24T11:40:42.318+0000] {processor.py:840} INFO - DAG(s) 'batch_pipeline' retrieved from /opt/airflow/dags/batch_pipeline_dag.py
[2026-04-24T11:40:42.362+0000] {logging_mixin.py:188} INFO - [2026-04-24T11:40:42.362+0000] {dag.py:3036} INFO - Sync 1 DAGs
[2026-04-24T11:40:42.433+0000] {logging_mixin.py:188} INFO - [2026-04-24T11:40:42.433+0000] {dag.py:3823} INFO - Setting next_dagrun for batch_pipeline to 2026-04-24 11:40:00+00:00, run_after=2026-04-24 11:42:00+00:00
[2026-04-24T11:40:42.477+0000] {processor.py:183} INFO - Processing /opt/airflow/dags/batch_pipeline_dag.py took 0.191 seconds
[2026-04-24T11:41:12.602+0000] {processor.py:161} INFO - Started process (PID=55) to work on /opt/airflow/dags/batch_pipeline_dag.py
[2026-04-24T11:41:12.604+0000] {processor.py:830} INFO - Processing file /opt/airflow/dags/batch_pipeline_dag.py for tasks to queue
[2026-04-24T11:41:12.607+0000] {logging_mixin.py:188} INFO - [2026-04-24T11:41:12.606+0000] {dagbag.py:538} INFO - Filling up the DagBag from /opt/airflow/dags/batch_pipeline_dag.py
[2026-04-24T11:41:12.630+0000] {processor.py:840} INFO - DAG(s) 'batch_pipeline' retrieved from /opt/airflow/dags/batch_pipeline_dag.py
[2026-04-24T11:41:12.685+0000] {logging_mixin.py:188} INFO - [2026-04-24T11:41:12.685+0000] {dag.py:3036} INFO - Sync 1 DAGs
[2026-04-24T11:41:12.740+0000] {logging_mixin.py:188} INFO - [2026-04-24T11:41:12.739+0000] {dag.py:3823} INFO - Setting next_dagrun for batch_pipeline to 2026-04-24 11:40:00+00:00, run_after=2026-04-24 11:42:00+00:00
[2026-04-24T11:41:12.784+0000] {processor.py:183} INFO - Processing /opt/airflow/dags/batch_pipeline_dag.py took 0.189 seconds
[2026-04-24T11:41:42.933+0000] {processor.py:161} INFO - Started process (PID=56) to work on /opt/airflow/dags/batch_pipeline_dag.py
[2026-04-24T11:41:42.934+0000] {processor.py:830} INFO - Processing file /opt/airflow/dags/batch_pipeline_dag.py for tasks to queue
[2026-04-24T11:41:42.936+0000] {logging_mixin.py:188} INFO - [2026-04-24T11:41:42.935+0000] {dagbag.py:538} INFO - Filling up the DagBag from /opt/airflow/dags/batch_pipeline_dag.py
[2026-04-24T11:41:42.952+0000] {processor.py:840} INFO - DAG(s) 'batch_pipeline' retrieved from /opt/airflow/dags/batch_pipeline_dag.py
[2026-04-24T11:41:42.987+0000] {logging_mixin.py:188} INFO - [2026-04-24T11:41:42.987+0000] {dag.py:3036} INFO - Sync 1 DAGs
[2026-04-24T11:41:43.021+0000] {logging_mixin.py:188} INFO - [2026-04-24T11:41:43.020+0000] {dag.py:3823} INFO - Setting next_dagrun for batch_pipeline to 2026-04-24 11:40:00+00:00, run_after=2026-04-24 11:42:00+00:00
[2026-04-24T11:41:43.053+0000] {processor.py:183} INFO - Processing /opt/airflow/dags/batch_pipeline_dag.py took 0.126 seconds
[2026-04-24T11:42:13.185+0000] {processor.py:161} INFO - Started process (PID=57) to work on /opt/airflow/dags/batch_pipeline_dag.py
[2026-04-24T11:42:13.186+0000] {processor.py:830} INFO - Processing file /opt/airflow/dags/batch_pipeline_dag.py for tasks to queue
[2026-04-24T11:42:13.188+0000] {logging_mixin.py:188} INFO - [2026-04-24T11:42:13.188+0000] {dagbag.py:538} INFO - Filling up the DagBag from /opt/airflow/dags/batch_pipeline_dag.py
[2026-04-24T11:42:13.205+0000] {processor.py:840} INFO - DAG(s) 'batch_pipeline' retrieved from /opt/airflow/dags/batch_pipeline_dag.py
[2026-04-24T11:42:13.240+0000] {logging_mixin.py:188} INFO - [2026-04-24T11:42:13.240+0000] {dag.py:3036} INFO - Sync 1 DAGs
[2026-04-24T11:42:13.284+0000] {logging_mixin.py:188} INFO - [2026-04-24T11:42:13.283+0000] {dag.py:3823} INFO - Setting next_dagrun for batch_pipeline to 2026-04-24 11:42:00+00:00, run_after=2026-04-24 11:44:00+00:00
[2026-04-24T11:42:13.309+0000] {processor.py:183} INFO - Processing /opt/airflow/dags/batch_pipeline_dag.py took 0.128 seconds
[2026-04-24T11:42:43.472+0000] {processor.py:161} INFO - Started process (PID=58) to work on /opt/airflow/dags/batch_pipeline_dag.py
[2026-04-24T11:42:43.474+0000] {processor.py:830} INFO - Processing file /opt/airflow/dags/batch_pipeline_dag.py for tasks to queue
[2026-04-24T11:42:43.479+0000] {logging_mixin.py:188} INFO - [2026-04-24T11:42:43.478+0000] {dagbag.py:538} INFO - Filling up the DagBag from /opt/airflow/dags/batch_pipeline_dag.py
[2026-04-24T11:42:43.500+0000] {processor.py:840} INFO - DAG(s) 'batch_pipeline' retrieved from /opt/airflow/dags/batch_pipeline_dag.py
[2026-04-24T11:42:43.538+0000] {logging_mixin.py:188} INFO - [2026-04-24T11:42:43.538+0000] {dag.py:3036} INFO - Sync 1 DAGs
[2026-04-24T11:42:43.592+0000] {logging_mixin.py:188} INFO - [2026-04-24T11:42:43.590+0000] {dag.py:3823} INFO - Setting next_dagrun for batch_pipeline to 2026-04-24 11:42:00+00:00, run_after=2026-04-24 11:44:00+00:00
[2026-04-24T11:42:43.621+0000] {processor.py:183} INFO - Processing /opt/airflow/dags/batch_pipeline_dag.py took 0.153 seconds
[2026-04-24T11:43:13.741+0000] {processor.py:161} INFO - Started process (PID=59) to work on /opt/airflow/dags/batch_pipeline_dag.py
[2026-04-24T11:43:13.744+0000] {processor.py:830} INFO - Processing file /opt/airflow/dags/batch_pipeline_dag.py for tasks to queue
[2026-04-24T11:43:13.747+0000] {logging_mixin.py:188} INFO - [2026-04-24T11:43:13.747+0000] {dagbag.py:538} INFO - Filling up the DagBag from /opt/airflow/dags/batch_pipeline_dag.py
[2026-04-24T11:43:13.766+0000] {processor.py:840} INFO - DAG(s) 'batch_pipeline' retrieved from /opt/airflow/dags/batch_pipeline_dag.py
[2026-04-24T11:43:13.801+0000] {logging_mixin.py:188} INFO - [2026-04-24T11:43:13.801+0000] {dag.py:3036} INFO - Sync 1 DAGs
[2026-04-24T11:43:13.841+0000] {logging_mixin.py:188} INFO - [2026-04-24T11:43:13.841+0000] {dag.py:3823} INFO - Setting next_dagrun for batch_pipeline to 2026-04-24 11:42:00+00:00, run_after=2026-04-24 11:44:00+00:00
[2026-04-24T11:43:13.872+0000] {processor.py:183} INFO - Processing /opt/airflow/dags/batch_pipeline_dag.py took 0.134 seconds
[2026-04-24T11:43:44.062+0000] {processor.py:161} INFO - Started process (PID=60) to work on /opt/airflow/dags/batch_pipeline_dag.py
[2026-04-24T11:43:44.063+0000] {processor.py:830} INFO - Processing file /opt/airflow/dags/batch_pipeline_dag.py for tasks to queue
[2026-04-24T11:43:44.065+0000] {logging_mixin.py:188} INFO - [2026-04-24T11:43:44.065+0000] {dagbag.py:538} INFO - Filling up the DagBag from /opt/airflow/dags/batch_pipeline_dag.py
[2026-04-24T11:43:44.089+0000] {processor.py:840} INFO - DAG(s) 'batch_pipeline' retrieved from /opt/airflow/dags/batch_pipeline_dag.py
[2026-04-24T11:43:44.127+0000] {logging_mixin.py:188} INFO - [2026-04-24T11:43:44.126+0000] {dag.py:3036} INFO - Sync 1 DAGs
[2026-04-24T11:43:44.167+0000] {logging_mixin.py:188} INFO - [2026-04-24T11:43:44.166+0000] {dag.py:3823} INFO - Setting next_dagrun for batch_pipeline to 2026-04-24 11:42:00+00:00, run_after=2026-04-24 11:44:00+00:00
[2026-04-24T11:43:44.206+0000] {processor.py:183} INFO - Processing /opt/airflow/dags/batch_pipeline_dag.py took 0.147 seconds
[2026-04-24T11:44:14.310+0000] {processor.py:161} INFO - Started process (PID=61) to work on /opt/airflow/dags/batch_pipeline_dag.py
[2026-04-24T11:44:14.315+0000] {processor.py:830} INFO - Processing file /opt/airflow/dags/batch_pipeline_dag.py for tasks to queue
[2026-04-24T11:44:14.317+0000] {logging_mixin.py:188} INFO - [2026-04-24T11:44:14.317+0000] {dagbag.py:538} INFO - Filling up the DagBag from /opt/airflow/dags/batch_pipeline_dag.py
[2026-04-24T11:44:14.340+0000] {processor.py:840} INFO - DAG(s) 'batch_pipeline' retrieved from /opt/airflow/dags/batch_pipeline_dag.py
[2026-04-24T11:44:14.404+0000] {logging_mixin.py:188} INFO - [2026-04-24T11:44:14.403+0000] {dag.py:3036} INFO - Sync 1 DAGs
[2026-04-24T11:44:14.469+0000] {logging_mixin.py:188} INFO - [2026-04-24T11:44:14.469+0000] {dag.py:3823} INFO - Setting next_dagrun for batch_pipeline to 2026-04-24 11:44:00+00:00, run_after=2026-04-24 11:46:00+00:00
[2026-04-24T11:44:14.526+0000] {processor.py:183} INFO - Processing /opt/airflow/dags/batch_pipeline_dag.py took 0.226 seconds
[2026-04-24T11:44:44.594+0000] {processor.py:161} INFO - Started process (PID=62) to work on /opt/airflow/dags/batch_pipeline_dag.py
[2026-04-24T11:44:44.595+0000] {processor.py:830} INFO - Processing file /opt/airflow/dags/batch_pipeline_dag.py for tasks to queue
[2026-04-24T11:44:44.598+0000] {logging_mixin.py:188} INFO - [2026-04-24T11:44:44.597+0000] {dagbag.py:538} INFO - Filling up the DagBag from /opt/airflow/dags/batch_pipeline_dag.py
[2026-04-24T11:44:44.614+0000] {processor.py:840} INFO - DAG(s) 'batch_pipeline' retrieved from /opt/airflow/dags/batch_pipeline_dag.py
[2026-04-24T11:44:44.649+0000] {logging_mixin.py:188} INFO - [2026-04-24T11:44:44.649+0000] {dag.py:3036} INFO - Sync 1 DAGs
[2026-04-24T11:44:44.683+0000] {logging_mixin.py:188} INFO - [2026-04-24T11:44:44.682+0000] {dag.py:3823} INFO - Setting next_dagrun for batch_pipeline to 2026-04-24 11:44:00+00:00, run_after=2026-04-24 11:46:00+00:00
[2026-04-24T11:44:44.713+0000] {processor.py:183} INFO - Processing /opt/airflow/dags/batch_pipeline_dag.py took 0.124 seconds
[2026-04-24T11:45:14.956+0000] {processor.py:161} INFO - Started process (PID=73) to work on /opt/airflow/dags/batch_pipeline_dag.py
[2026-04-24T11:45:14.959+0000] {processor.py:830} INFO - Processing file /opt/airflow/dags/batch_pipeline_dag.py for tasks to queue
[2026-04-24T11:45:14.964+0000] {logging_mixin.py:188} INFO - [2026-04-24T11:45:14.963+0000] {dagbag.py:538} INFO - Filling up the DagBag from /opt/airflow/dags/batch_pipeline_dag.py
[2026-04-24T11:45:14.981+0000] {processor.py:840} INFO - DAG(s) 'batch_pipeline' retrieved from /opt/airflow/dags/batch_pipeline_dag.py
[2026-04-24T11:45:15.021+0000] {logging_mixin.py:188} INFO - [2026-04-24T11:45:15.020+0000] {dag.py:3036} INFO - Sync 1 DAGs
[2026-04-24T11:45:15.086+0000] {logging_mixin.py:188} INFO - [2026-04-24T11:45:15.086+0000] {dag.py:3823} INFO - Setting next_dagrun for batch_pipeline to 2026-04-24 11:44:00+00:00, run_after=2026-04-24 11:46:00+00:00
[2026-04-24T11:45:15.120+0000] {processor.py:183} INFO - Processing /opt/airflow/dags/batch_pipeline_dag.py took 0.168 seconds
[2026-04-24T11:45:45.215+0000] {processor.py:161} INFO - Started process (PID=74) to work on /opt/airflow/dags/batch_pipeline_dag.py
[2026-04-24T11:45:45.216+0000] {processor.py:830} INFO - Processing file /opt/airflow/dags/batch_pipeline_dag.py for tasks to queue
[2026-04-24T11:45:45.219+0000] {logging_mixin.py:188} INFO - [2026-04-24T11:45:45.218+0000] {dagbag.py:538} INFO - Filling up the DagBag from /opt/airflow/dags/batch_pipeline_dag.py
[2026-04-24T11:45:45.232+0000] {processor.py:840} INFO - DAG(s) 'batch_pipeline' retrieved from /opt/airflow/dags/batch_pipeline_dag.py
[2026-04-24T11:45:45.262+0000] {logging_mixin.py:188} INFO - [2026-04-24T11:45:45.261+0000] {dag.py:3036} INFO - Sync 1 DAGs
[2026-04-24T11:45:45.291+0000] {logging_mixin.py:188} INFO - [2026-04-24T11:45:45.291+0000] {dag.py:3823} INFO - Setting next_dagrun for batch_pipeline to 2026-04-24 11:44:00+00:00, run_after=2026-04-24 11:46:00+00:00
[2026-04-24T11:45:45.316+0000] {processor.py:183} INFO - Processing /opt/airflow/dags/batch_pipeline_dag.py took 0.105 seconds
[2026-04-24T11:46:15.451+0000] {processor.py:161} INFO - Started process (PID=82) to work on /opt/airflow/dags/batch_pipeline_dag.py
[2026-04-24T11:46:15.455+0000] {processor.py:830} INFO - Processing file /opt/airflow/dags/batch_pipeline_dag.py for tasks to queue
[2026-04-24T11:46:15.458+0000] {logging_mixin.py:188} INFO - [2026-04-24T11:46:15.457+0000] {dagbag.py:538} INFO - Filling up the DagBag from /opt/airflow/dags/batch_pipeline_dag.py
[2026-04-24T11:46:15.474+0000] {processor.py:840} INFO - DAG(s) 'batch_pipeline' retrieved from /opt/airflow/dags/batch_pipeline_dag.py
[2026-04-24T11:46:15.509+0000] {logging_mixin.py:188} INFO - [2026-04-24T11:46:15.509+0000] {dag.py:3036} INFO - Sync 1 DAGs
[2026-04-24T11:46:15.547+0000] {logging_mixin.py:188} INFO - [2026-04-24T11:46:15.547+0000] {dag.py:3823} INFO - Setting next_dagrun for batch_pipeline to 2026-04-24 11:46:00+00:00, run_after=2026-04-24 11:48:00+00:00
[2026-04-24T11:46:15.575+0000] {processor.py:183} INFO - Processing /opt/airflow/dags/batch_pipeline_dag.py took 0.128 seconds
[2026-04-24T11:46:45.770+0000] {processor.py:161} INFO - Started process (PID=83) to work on /opt/airflow/dags/batch_pipeline_dag.py
[2026-04-24T11:46:45.771+0000] {processor.py:830} INFO - Processing file /opt/airflow/dags/batch_pipeline_dag.py for tasks to queue
[2026-04-24T11:46:45.776+0000] {logging_mixin.py:188} INFO - [2026-04-24T11:46:45.774+0000] {dagbag.py:538} INFO - Filling up the DagBag from /opt/airflow/dags/batch_pipeline_dag.py
[2026-04-24T11:46:45.806+0000] {processor.py:840} INFO - DAG(s) 'batch_pipeline' retrieved from /opt/airflow/dags/batch_pipeline_dag.py
[2026-04-24T11:46:45.844+0000] {logging_mixin.py:188} INFO - [2026-04-24T11:46:45.844+0000] {dag.py:3036} INFO - Sync 1 DAGs
[2026-04-24T11:46:45.885+0000] {logging_mixin.py:188} INFO - [2026-04-24T11:46:45.885+0000] {dag.py:3823} INFO - Setting next_dagrun for batch_pipeline to 2026-04-24 11:46:00+00:00, run_after=2026-04-24 11:48:00+00:00
[2026-04-24T11:46:45.913+0000] {processor.py:183} INFO - Processing /opt/airflow/dags/batch_pipeline_dag.py took 0.154 seconds
[2026-04-24T11:47:16.009+0000] {processor.py:161} INFO - Started process (PID=84) to work on /opt/airflow/dags/batch_pipeline_dag.py
[2026-04-24T11:47:16.010+0000] {processor.py:830} INFO - Processing file /opt/airflow/dags/batch_pipeline_dag.py for tasks to queue
[2026-04-24T11:47:16.016+0000] {logging_mixin.py:188} INFO - [2026-04-24T11:47:16.015+0000] {dagbag.py:538} INFO - Filling up the DagBag from /opt/airflow/dags/batch_pipeline_dag.py
[2026-04-24T11:47:16.050+0000] {processor.py:840} INFO - DAG(s) 'batch_pipeline' retrieved from /opt/airflow/dags/batch_pipeline_dag.py
[2026-04-24T11:47:16.113+0000] {logging_mixin.py:188} INFO - [2026-04-24T11:47:16.112+0000] {dag.py:3036} INFO - Sync 1 DAGs
[2026-04-24T11:47:16.201+0000] {logging_mixin.py:188} INFO - [2026-04-24T11:47:16.200+0000] {dag.py:3823} INFO - Setting next_dagrun for batch_pipeline to 2026-04-24 11:46:00+00:00, run_after=2026-04-24 11:48:00+00:00
[2026-04-24T11:47:16.242+0000] {processor.py:183} INFO - Processing /opt/airflow/dags/batch_pipeline_dag.py took 0.239 seconds
[2026-04-24T11:47:46.367+0000] {processor.py:161} INFO - Started process (PID=85) to work on /opt/airflow/dags/batch_pipeline_dag.py
[2026-04-24T11:47:46.370+0000] {processor.py:830} INFO - Processing file /opt/airflow/dags/batch_pipeline_dag.py for tasks to queue
[2026-04-24T11:47:46.371+0000] {logging_mixin.py:188} INFO - [2026-04-24T11:47:46.371+0000] {dagbag.py:538} INFO - Filling up the DagBag from /opt/airflow/dags/batch_pipeline_dag.py
[2026-04-24T11:47:46.388+0000] {processor.py:840} INFO - DAG(s) 'batch_pipeline' retrieved from /opt/airflow/dags/batch_pipeline_dag.py
[2026-04-24T11:47:46.422+0000] {logging_mixin.py:188} INFO - [2026-04-24T11:47:46.422+0000] {dag.py:3036} INFO - Sync 1 DAGs
[2026-04-24T11:47:46.458+0000] {logging_mixin.py:188} INFO - [2026-04-24T11:47:46.458+0000] {dag.py:3823} INFO - Setting next_dagrun for batch_pipeline to 2026-04-24 11:46:00+00:00, run_after=2026-04-24 11:48:00+00:00
[2026-04-24T11:47:46.487+0000] {processor.py:183} INFO - Processing /opt/airflow/dags/batch_pipeline_dag.py took 0.124 seconds
[2026-04-24T11:48:16.689+0000] {processor.py:161} INFO - Started process (PID=86) to work on /opt/airflow/dags/batch_pipeline_dag.py
[2026-04-24T11:48:16.690+0000] {processor.py:830} INFO - Processing file /opt/airflow/dags/batch_pipeline_dag.py for tasks to queue
[2026-04-24T11:48:16.693+0000] {logging_mixin.py:188} INFO - [2026-04-24T11:48:16.692+0000] {dagbag.py:538} INFO - Filling up the DagBag from /opt/airflow/dags/batch_pipeline_dag.py
[2026-04-24T11:48:16.711+0000] {processor.py:840} INFO - DAG(s) 'batch_pipeline' retrieved from /opt/airflow/dags/batch_pipeline_dag.py
[2026-04-24T11:48:16.747+0000] {logging_mixin.py:188} INFO - [2026-04-24T11:48:16.746+0000] {dag.py:3036} INFO - Sync 1 DAGs
[2026-04-24T11:48:16.783+0000] {logging_mixin.py:188} INFO - [2026-04-24T11:48:16.783+0000] {dag.py:3823} INFO - Setting next_dagrun for batch_pipeline to 2026-04-24 11:48:00+00:00, run_after=2026-04-24 11:50:00+00:00
[2026-04-24T11:48:16.813+0000] {processor.py:183} INFO - Processing /opt/airflow/dags/batch_pipeline_dag.py took 0.130 seconds
[2026-04-24T11:48:46.902+0000] {processor.py:161} INFO - Started process (PID=87) to work on /opt/airflow/dags/batch_pipeline_dag.py
[2026-04-24T11:48:46.906+0000] {processor.py:830} INFO - Processing file /opt/airflow/dags/batch_pipeline_dag.py for tasks to queue
[2026-04-24T11:48:46.909+0000] {logging_mixin.py:188} INFO - [2026-04-24T11:48:46.908+0000] {dagbag.py:538} INFO - Filling up the DagBag from /opt/airflow/dags/batch_pipeline_dag.py
[2026-04-24T11:48:46.929+0000] {processor.py:840} INFO - DAG(s) 'batch_pipeline' retrieved from /opt/airflow/dags/batch_pipeline_dag.py
[2026-04-24T11:48:46.974+0000] {logging_mixin.py:188} INFO - [2026-04-24T11:48:46.973+0000] {dag.py:3036} INFO - Sync 1 DAGs
[2026-04-24T11:48:47.016+0000] {logging_mixin.py:188} INFO - [2026-04-24T11:48:47.016+0000] {dag.py:3823} INFO - Setting next_dagrun for batch_pipeline to 2026-04-24 11:48:00+00:00, run_after=2026-04-24 11:50:00+00:00
[2026-04-24T11:48:47.060+0000] {processor.py:183} INFO - Processing /opt/airflow/dags/batch_pipeline_dag.py took 0.164 seconds
[2026-04-24T11:49:17.222+0000] {processor.py:161} INFO - Started process (PID=88) to work on /opt/airflow/dags/batch_pipeline_dag.py
[2026-04-24T11:49:17.223+0000] {processor.py:830} INFO - Processing file /opt/airflow/dags/batch_pipeline_dag.py for tasks to queue
[2026-04-24T11:49:17.225+0000] {logging_mixin.py:188} INFO - [2026-04-24T11:49:17.224+0000] {dagbag.py:538} INFO - Filling up the DagBag from /opt/airflow/dags/batch_pipeline_dag.py
[2026-04-24T11:49:17.241+0000] {processor.py:840} INFO - DAG(s) 'batch_pipeline' retrieved from /opt/airflow/dags/batch_pipeline_dag.py
[2026-04-24T11:49:17.274+0000] {logging_mixin.py:188} INFO - [2026-04-24T11:49:17.273+0000] {dag.py:3036} INFO - Sync 1 DAGs
[2026-04-24T11:49:17.307+0000] {logging_mixin.py:188} INFO - [2026-04-24T11:49:17.306+0000] {dag.py:3823} INFO - Setting next_dagrun for batch_pipeline to 2026-04-24 11:48:00+00:00, run_after=2026-04-24 11:50:00+00:00
[2026-04-24T11:49:17.336+0000] {processor.py:183} INFO - Processing /opt/airflow/dags/batch_pipeline_dag.py took 0.118 seconds
[2026-04-24T11:49:47.466+0000] {processor.py:161} INFO - Started process (PID=96) to work on /opt/airflow/dags/batch_pipeline_dag.py
[2026-04-24T11:49:47.470+0000] {processor.py:830} INFO - Processing file /opt/airflow/dags/batch_pipeline_dag.py for tasks to queue
[2026-04-24T11:49:47.474+0000] {logging_mixin.py:188} INFO - [2026-04-24T11:49:47.474+0000] {dagbag.py:538} INFO - Filling up the DagBag from /opt/airflow/dags/batch_pipeline_dag.py
[2026-04-24T11:49:47.507+0000] {processor.py:840} INFO - DAG(s) 'batch_pipeline' retrieved from /opt/airflow/dags/batch_pipeline_dag.py
[2026-04-24T11:49:47.576+0000] {logging_mixin.py:188} INFO - [2026-04-24T11:49:47.575+0000] {dag.py:3036} INFO - Sync 1 DAGs
[2026-04-24T11:49:47.646+0000] {logging_mixin.py:188} INFO - [2026-04-24T11:49:47.646+0000] {dag.py:3823} INFO - Setting next_dagrun for batch_pipeline to 2026-04-24 11:48:00+00:00, run_after=2026-04-24 11:50:00+00:00
[2026-04-24T11:49:47.697+0000] {processor.py:183} INFO - Processing /opt/airflow/dags/batch_pipeline_dag.py took 0.234 seconds
[2026-04-24T11:50:17.763+0000] {processor.py:161} INFO - Started process (PID=129) to work on /opt/airflow/dags/batch_pipeline_dag.py
[2026-04-24T11:50:17.764+0000] {processor.py:830} INFO - Processing file /opt/airflow/dags/batch_pipeline_dag.py for tasks to queue
[2026-04-24T11:50:17.766+0000] {logging_mixin.py:188} INFO - [2026-04-24T11:50:17.765+0000] {dagbag.py:538} INFO - Filling up the DagBag from /opt/airflow/dags/batch_pipeline_dag.py
[2026-04-24T11:50:17.797+0000] {processor.py:840} INFO - DAG(s) 'batch_pipeline' retrieved from /opt/airflow/dags/batch_pipeline_dag.py
[2026-04-24T11:50:17.847+0000] {logging_mixin.py:188} INFO - [2026-04-24T11:50:17.846+0000] {dag.py:3036} INFO - Sync 1 DAGs
[2026-04-24T11:50:17.922+0000] {logging_mixin.py:188} INFO - [2026-04-24T11:50:17.921+0000] {dag.py:3823} INFO - Setting next_dagrun for batch_pipeline to 2026-04-24 11:50:00+00:00, run_after=2026-04-24 11:52:00+00:00
[2026-04-24T11:50:17.973+0000] {processor.py:183} INFO - Processing /opt/airflow/dags/batch_pipeline_dag.py took 0.216 seconds
[2026-04-24T11:50:38.548+0000] {processor.py:161} INFO - Started process (PID=40) to work on /opt/airflow/dags/batch_pipeline_dag.py
[2026-04-24T11:50:38.549+0000] {processor.py:830} INFO - Processing file /opt/airflow/dags/batch_pipeline_dag.py for tasks to queue
[2026-04-24T11:50:38.553+0000] {logging_mixin.py:188} INFO - [2026-04-24T11:50:38.552+0000] {dagbag.py:538} INFO - Filling up the DagBag from /opt/airflow/dags/batch_pipeline_dag.py
[2026-04-24T11:50:38.581+0000] {processor.py:840} INFO - DAG(s) 'batch_pipeline' retrieved from /opt/airflow/dags/batch_pipeline_dag.py
[2026-04-24T11:50:38.651+0000] {logging_mixin.py:188} INFO - [2026-04-24T11:50:38.650+0000] {dag.py:3036} INFO - Sync 1 DAGs
[2026-04-24T11:50:38.702+0000] {logging_mixin.py:188} INFO - [2026-04-24T11:50:38.702+0000] {dag.py:3823} INFO - Setting next_dagrun for batch_pipeline to 2026-04-24 11:50:00+00:00, run_after=2026-04-24 11:52:00+00:00
[2026-04-24T11:50:38.736+0000] {processor.py:183} INFO - Processing /opt/airflow/dags/batch_pipeline_dag.py took 0.197 seconds
[2026-04-24T11:51:08.811+0000] {processor.py:161} INFO - Started process (PID=48) to work on /opt/airflow/dags/batch_pipeline_dag.py
[2026-04-24T11:51:08.812+0000] {processor.py:830} INFO - Processing file /opt/airflow/dags/batch_pipeline_dag.py for tasks to queue
[2026-04-24T11:51:08.814+0000] {logging_mixin.py:188} INFO - [2026-04-24T11:51:08.814+0000] {dagbag.py:538} INFO - Filling up the DagBag from /opt/airflow/dags/batch_pipeline_dag.py
[2026-04-24T11:51:08.832+0000] {processor.py:840} INFO - DAG(s) 'batch_pipeline' retrieved from /opt/airflow/dags/batch_pipeline_dag.py
[2026-04-24T11:51:08.879+0000] {logging_mixin.py:188} INFO - [2026-04-24T11:51:08.879+0000] {dag.py:3036} INFO - Sync 1 DAGs
[2026-04-24T11:51:08.933+0000] {logging_mixin.py:188} INFO - [2026-04-24T11:51:08.932+0000] {dag.py:3823} INFO - Setting next_dagrun for batch_pipeline to 2026-04-24 11:50:00+00:00, run_after=2026-04-24 11:52:00+00:00
[2026-04-24T11:51:08.974+0000] {processor.py:183} INFO - Processing /opt/airflow/dags/batch_pipeline_dag.py took 0.169 seconds
[2026-04-24T11:51:39.179+0000] {processor.py:161} INFO - Started process (PID=59) to work on /opt/airflow/dags/batch_pipeline_dag.py
[2026-04-24T11:51:39.185+0000] {processor.py:830} INFO - Processing file /opt/airflow/dags/batch_pipeline_dag.py for tasks to queue
[2026-04-24T11:51:39.193+0000] {logging_mixin.py:188} INFO - [2026-04-24T11:51:39.190+0000] {dagbag.py:538} INFO - Filling up the DagBag from /opt/airflow/dags/batch_pipeline_dag.py
[2026-04-24T11:51:39.235+0000] {processor.py:840} INFO - DAG(s) 'batch_pipeline' retrieved from /opt/airflow/dags/batch_pipeline_dag.py
[2026-04-24T11:51:39.308+0000] {logging_mixin.py:188} INFO - [2026-04-24T11:51:39.307+0000] {dag.py:3036} INFO - Sync 1 DAGs
[2026-04-24T11:51:39.370+0000] {logging_mixin.py:188} INFO - [2026-04-24T11:51:39.370+0000] {dag.py:3823} INFO - Setting next_dagrun for batch_pipeline to 2026-04-24 11:50:00+00:00, run_after=2026-04-24 11:52:00+00:00
[2026-04-24T11:51:39.408+0000] {processor.py:183} INFO - Processing /opt/airflow/dags/batch_pipeline_dag.py took 0.238 seconds
[2026-04-24T11:52:09.497+0000] {processor.py:161} INFO - Started process (PID=60) to work on /opt/airflow/dags/batch_pipeline_dag.py
[2026-04-24T11:52:09.498+0000] {processor.py:830} INFO - Processing file /opt/airflow/dags/batch_pipeline_dag.py for tasks to queue
[2026-04-24T11:52:09.508+0000] {logging_mixin.py:188} INFO - [2026-04-24T11:52:09.506+0000] {dagbag.py:538} INFO - Filling up the DagBag from /opt/airflow/dags/batch_pipeline_dag.py
[2026-04-24T11:52:09.525+0000] {processor.py:840} INFO - DAG(s) 'batch_pipeline' retrieved from /opt/airflow/dags/batch_pipeline_dag.py
[2026-04-24T11:52:09.644+0000] {logging_mixin.py:188} INFO - [2026-04-24T11:52:09.643+0000] {dag.py:3036} INFO - Sync 1 DAGs
[2026-04-24T11:52:09.755+0000] {logging_mixin.py:188} INFO - [2026-04-24T11:52:09.754+0000] {dag.py:3823} INFO - Setting next_dagrun for batch_pipeline to 2026-04-24 11:52:00+00:00, run_after=2026-04-24 11:54:00+00:00
[2026-04-24T11:52:09.808+0000] {processor.py:183} INFO - Processing /opt/airflow/dags/batch_pipeline_dag.py took 0.320 seconds
[2026-04-24T11:52:39.903+0000] {processor.py:161} INFO - Started process (PID=61) to work on /opt/airflow/dags/batch_pipeline_dag.py
[2026-04-24T11:52:39.907+0000] {processor.py:830} INFO - Processing file /opt/airflow/dags/batch_pipeline_dag.py for tasks to queue
[2026-04-24T11:52:39.910+0000] {logging_mixin.py:188} INFO - [2026-04-24T11:52:39.909+0000] {dagbag.py:538} INFO - Filling up the DagBag from /opt/airflow/dags/batch_pipeline_dag.py
[2026-04-24T11:52:39.928+0000] {processor.py:840} INFO - DAG(s) 'batch_pipeline' retrieved from /opt/airflow/dags/batch_pipeline_dag.py
[2026-04-24T11:52:39.981+0000] {logging_mixin.py:188} INFO - [2026-04-24T11:52:39.981+0000] {dag.py:3036} INFO - Sync 1 DAGs
[2026-04-24T11:52:40.020+0000] {logging_mixin.py:188} INFO - [2026-04-24T11:52:40.019+0000] {dag.py:3823} INFO - Setting next_dagrun for batch_pipeline to 2026-04-24 11:52:00+00:00, run_after=2026-04-24 11:54:00+00:00
[2026-04-24T11:52:40.054+0000] {processor.py:183} INFO - Processing /opt/airflow/dags/batch_pipeline_dag.py took 0.160 seconds
[2026-04-24T11:53:10.233+0000] {processor.py:161} INFO - Started process (PID=62) to work on /opt/airflow/dags/batch_pipeline_dag.py
[2026-04-24T11:53:10.234+0000] {processor.py:830} INFO - Processing file /opt/airflow/dags/batch_pipeline_dag.py for tasks to queue
[2026-04-24T11:53:10.236+0000] {logging_mixin.py:188} INFO - [2026-04-24T11:53:10.235+0000] {dagbag.py:538} INFO - Filling up the DagBag from /opt/airflow/dags/batch_pipeline_dag.py
[2026-04-24T11:53:10.255+0000] {processor.py:840} INFO - DAG(s) 'batch_pipeline' retrieved from /opt/airflow/dags/batch_pipeline_dag.py
[2026-04-24T11:53:10.291+0000] {logging_mixin.py:188} INFO - [2026-04-24T11:53:10.290+0000] {dag.py:3036} INFO - Sync 1 DAGs
[2026-04-24T11:53:10.327+0000] {logging_mixin.py:188} INFO - [2026-04-24T11:53:10.326+0000] {dag.py:3823} INFO - Setting next_dagrun for batch_pipeline to 2026-04-24 11:52:00+00:00, run_after=2026-04-24 11:54:00+00:00
[2026-04-24T11:53:10.365+0000] {processor.py:183} INFO - Processing /opt/airflow/dags/batch_pipeline_dag.py took 0.139 seconds
[2026-04-24T11:53:40.481+0000] {processor.py:161} INFO - Started process (PID=63) to work on /opt/airflow/dags/batch_pipeline_dag.py
[2026-04-24T11:53:40.484+0000] {processor.py:830} INFO - Processing file /opt/airflow/dags/batch_pipeline_dag.py for tasks to queue
[2026-04-24T11:53:40.486+0000] {logging_mixin.py:188} INFO - [2026-04-24T11:53:40.486+0000] {dagbag.py:538} INFO - Filling up the DagBag from /opt/airflow/dags/batch_pipeline_dag.py
[2026-04-24T11:53:40.503+0000] {processor.py:840} INFO - DAG(s) 'batch_pipeline' retrieved from /opt/airflow/dags/batch_pipeline_dag.py
[2026-04-24T11:53:40.535+0000] {logging_mixin.py:188} INFO - [2026-04-24T11:53:40.535+0000] {dag.py:3036} INFO - Sync 1 DAGs
[2026-04-24T11:53:40.574+0000] {logging_mixin.py:188} INFO - [2026-04-24T11:53:40.573+0000] {dag.py:3823} INFO - Setting next_dagrun for batch_pipeline to 2026-04-24 11:52:00+00:00, run_after=2026-04-24 11:54:00+00:00
[2026-04-24T11:53:40.604+0000] {processor.py:183} INFO - Processing /opt/airflow/dags/batch_pipeline_dag.py took 0.128 seconds
[2026-04-24T11:54:10.790+0000] {processor.py:161} INFO - Started process (PID=64) to work on /opt/airflow/dags/batch_pipeline_dag.py
[2026-04-24T11:54:10.791+0000] {processor.py:830} INFO - Processing file /opt/airflow/dags/batch_pipeline_dag.py for tasks to queue
[2026-04-24T11:54:10.795+0000] {logging_mixin.py:188} INFO - [2026-04-24T11:54:10.795+0000] {dagbag.py:538} INFO - Filling up the DagBag from /opt/airflow/dags/batch_pipeline_dag.py
[2026-04-24T11:54:10.810+0000] {processor.py:840} INFO - DAG(s) 'batch_pipeline' retrieved from /opt/airflow/dags/batch_pipeline_dag.py
[2026-04-24T11:54:10.853+0000] {logging_mixin.py:188} INFO - [2026-04-24T11:54:10.853+0000] {dag.py:3036} INFO - Sync 1 DAGs
[2026-04-24T11:54:10.929+0000] {logging_mixin.py:188} INFO - [2026-04-24T11:54:10.929+0000] {dag.py:3823} INFO - Setting next_dagrun for batch_pipeline to 2026-04-24 11:54:00+00:00, run_after=2026-04-24 11:56:00+00:00
[2026-04-24T11:54:10.984+0000] {processor.py:183} INFO - Processing /opt/airflow/dags/batch_pipeline_dag.py took 0.197 seconds
[2026-04-24T11:54:41.258+0000] {processor.py:161} INFO - Started process (PID=65) to work on /opt/airflow/dags/batch_pipeline_dag.py
[2026-04-24T11:54:41.262+0000] {processor.py:830} INFO - Processing file /opt/airflow/dags/batch_pipeline_dag.py for tasks to queue
[2026-04-24T11:54:41.266+0000] {logging_mixin.py:188} INFO - [2026-04-24T11:54:41.265+0000] {dagbag.py:538} INFO - Filling up the DagBag from /opt/airflow/dags/batch_pipeline_dag.py
[2026-04-24T11:54:41.293+0000] {processor.py:840} INFO - DAG(s) 'batch_pipeline' retrieved from /opt/airflow/dags/batch_pipeline_dag.py
[2026-04-24T11:54:41.346+0000] {logging_mixin.py:188} INFO - [2026-04-24T11:54:41.346+0000] {dag.py:3036} INFO - Sync 1 DAGs
[2026-04-24T11:54:41.405+0000] {logging_mixin.py:188} INFO - [2026-04-24T11:54:41.405+0000] {dag.py:3823} INFO - Setting next_dagrun for batch_pipeline to 2026-04-24 11:54:00+00:00, run_after=2026-04-24 11:56:00+00:00
[2026-04-24T11:54:41.447+0000] {processor.py:183} INFO - Processing /opt/airflow/dags/batch_pipeline_dag.py took 0.199 seconds
[2026-04-24T11:55:11.670+0000] {processor.py:161} INFO - Started process (PID=66) to work on /opt/airflow/dags/batch_pipeline_dag.py
[2026-04-24T11:55:11.670+0000] {processor.py:830} INFO - Processing file /opt/airflow/dags/batch_pipeline_dag.py for tasks to queue
[2026-04-24T11:55:11.677+0000] {logging_mixin.py:188} INFO - [2026-04-24T11:55:11.674+0000] {dagbag.py:538} INFO - Filling up the DagBag from /opt/airflow/dags/batch_pipeline_dag.py
[2026-04-24T11:55:11.709+0000] {processor.py:840} INFO - DAG(s) 'batch_pipeline' retrieved from /opt/airflow/dags/batch_pipeline_dag.py
[2026-04-24T11:55:11.764+0000] {logging_mixin.py:188} INFO - [2026-04-24T11:55:11.763+0000] {dag.py:3036} INFO - Sync 1 DAGs
[2026-04-24T11:55:11.818+0000] {logging_mixin.py:188} INFO - [2026-04-24T11:55:11.818+0000] {dag.py:3823} INFO - Setting next_dagrun for batch_pipeline to 2026-04-24 11:54:00+00:00, run_after=2026-04-24 11:56:00+00:00
[2026-04-24T11:55:11.860+0000] {processor.py:183} INFO - Processing /opt/airflow/dags/batch_pipeline_dag.py took 0.194 seconds
[2026-04-24T11:55:42.084+0000] {processor.py:161} INFO - Started process (PID=67) to work on /opt/airflow/dags/batch_pipeline_dag.py
[2026-04-24T11:55:42.087+0000] {processor.py:830} INFO - Processing file /opt/airflow/dags/batch_pipeline_dag.py for tasks to queue
[2026-04-24T11:55:42.092+0000] {logging_mixin.py:188} INFO - [2026-04-24T11:55:42.089+0000] {dagbag.py:538} INFO - Filling up the DagBag from /opt/airflow/dags/batch_pipeline_dag.py
[2026-04-24T11:55:42.112+0000] {processor.py:840} INFO - DAG(s) 'batch_pipeline' retrieved from /opt/airflow/dags/batch_pipeline_dag.py
[2026-04-24T11:55:42.152+0000] {logging_mixin.py:188} INFO - [2026-04-24T11:55:42.152+0000] {dag.py:3036} INFO - Sync 1 DAGs
[2026-04-24T11:55:42.199+0000] {logging_mixin.py:188} INFO - [2026-04-24T11:55:42.199+0000] {dag.py:3823} INFO - Setting next_dagrun for batch_pipeline to 2026-04-24 11:54:00+00:00, run_after=2026-04-24 11:56:00+00:00
[2026-04-24T11:55:42.235+0000] {processor.py:183} INFO - Processing /opt/airflow/dags/batch_pipeline_dag.py took 0.155 seconds
[2026-04-24T11:56:12.332+0000] {processor.py:161} INFO - Started process (PID=68) to work on /opt/airflow/dags/batch_pipeline_dag.py
[2026-04-24T11:56:12.333+0000] {processor.py:830} INFO - Processing file /opt/airflow/dags/batch_pipeline_dag.py for tasks to queue
[2026-04-24T11:56:12.336+0000] {logging_mixin.py:188} INFO - [2026-04-24T11:56:12.335+0000] {dagbag.py:538} INFO - Filling up the DagBag from /opt/airflow/dags/batch_pipeline_dag.py
[2026-04-24T11:56:12.364+0000] {processor.py:840} INFO - DAG(s) 'batch_pipeline' retrieved from /opt/airflow/dags/batch_pipeline_dag.py
[2026-04-24T11:56:12.413+0000] {logging_mixin.py:188} INFO - [2026-04-24T11:56:12.412+0000] {dag.py:3036} INFO - Sync 1 DAGs
[2026-04-24T11:56:12.477+0000] {logging_mixin.py:188} INFO - [2026-04-24T11:56:12.476+0000] {dag.py:3823} INFO - Setting next_dagrun for batch_pipeline to 2026-04-24 11:56:00+00:00, run_after=2026-04-24 11:58:00+00:00
[2026-04-24T11:56:12.528+0000] {processor.py:183} INFO - Processing /opt/airflow/dags/batch_pipeline_dag.py took 0.200 seconds
[2026-04-24T11:56:42.710+0000] {processor.py:161} INFO - Started process (PID=79) to work on /opt/airflow/dags/batch_pipeline_dag.py
[2026-04-24T11:56:42.712+0000] {processor.py:830} INFO - Processing file /opt/airflow/dags/batch_pipeline_dag.py for tasks to queue
[2026-04-24T11:56:42.720+0000] {logging_mixin.py:188} INFO - [2026-04-24T11:56:42.719+0000] {dagbag.py:538} INFO - Filling up the DagBag from /opt/airflow/dags/batch_pipeline_dag.py
[2026-04-24T11:56:42.758+0000] {processor.py:840} INFO - DAG(s) 'batch_pipeline' retrieved from /opt/airflow/dags/batch_pipeline_dag.py
[2026-04-24T11:56:42.838+0000] {logging_mixin.py:188} INFO - [2026-04-24T11:56:42.837+0000] {dag.py:3036} INFO - Sync 1 DAGs
[2026-04-24T11:56:42.928+0000] {logging_mixin.py:188} INFO - [2026-04-24T11:56:42.928+0000] {dag.py:3823} INFO - Setting next_dagrun for batch_pipeline to 2026-04-24 11:56:00+00:00, run_after=2026-04-24 11:58:00+00:00
[2026-04-24T11:56:42.985+0000] {processor.py:183} INFO - Processing /opt/airflow/dags/batch_pipeline_dag.py took 0.281 seconds
[2026-04-24T11:57:13.264+0000] {processor.py:161} INFO - Started process (PID=80) to work on /opt/airflow/dags/batch_pipeline_dag.py
[2026-04-24T11:57:13.266+0000] {processor.py:830} INFO - Processing file /opt/airflow/dags/batch_pipeline_dag.py for tasks to queue
[2026-04-24T11:57:13.269+0000] {logging_mixin.py:188} INFO - [2026-04-24T11:57:13.269+0000] {dagbag.py:538} INFO - Filling up the DagBag from /opt/airflow/dags/batch_pipeline_dag.py
[2026-04-24T11:57:13.287+0000] {processor.py:840} INFO - DAG(s) 'batch_pipeline' retrieved from /opt/airflow/dags/batch_pipeline_dag.py
[2026-04-24T11:57:13.318+0000] {logging_mixin.py:188} INFO - [2026-04-24T11:57:13.317+0000] {dag.py:3036} INFO - Sync 1 DAGs
[2026-04-24T11:57:13.359+0000] {logging_mixin.py:188} INFO - [2026-04-24T11:57:13.358+0000] {dag.py:3823} INFO - Setting next_dagrun for batch_pipeline to 2026-04-24 11:56:00+00:00, run_after=2026-04-24 11:58:00+00:00
[2026-04-24T11:57:13.390+0000] {processor.py:183} INFO - Processing /opt/airflow/dags/batch_pipeline_dag.py took 0.132 seconds
[2026-04-24T13:30:03.337+0000] {processor.py:161} INFO - Started process (PID=21) to work on /opt/airflow/dags/batch_pipeline_dag.py
[2026-04-24T13:30:03.340+0000] {processor.py:830} INFO - Processing file /opt/airflow/dags/batch_pipeline_dag.py for tasks to queue
[2026-04-24T13:30:03.350+0000] {logging_mixin.py:188} INFO - [2026-04-24T13:30:03.349+0000] {dagbag.py:538} INFO - Filling up the DagBag from /opt/airflow/dags/batch_pipeline_dag.py
[2026-04-24T13:30:03.524+0000] {processor.py:840} INFO - DAG(s) 'batch_pipeline' retrieved from /opt/airflow/dags/batch_pipeline_dag.py
[2026-04-24T13:30:03.721+0000] {logging_mixin.py:188} INFO - [2026-04-24T13:30:03.720+0000] {dag.py:3036} INFO - Sync 1 DAGs
[2026-04-24T13:30:03.816+0000] {logging_mixin.py:188} INFO - [2026-04-24T13:30:03.816+0000] {dag.py:3823} INFO - Setting next_dagrun for batch_pipeline to 2026-04-24 13:28:00+00:00, run_after=2026-04-24 13:30:00+00:00
[2026-04-24T13:30:03.895+0000] {processor.py:183} INFO - Processing /opt/airflow/dags/batch_pipeline_dag.py took 0.566 seconds
[2026-04-24T13:30:34.252+0000] {processor.py:161} INFO - Started process (PID=30) to work on /opt/airflow/dags/batch_pipeline_dag.py
[2026-04-24T13:30:34.254+0000] {processor.py:830} INFO - Processing file /opt/airflow/dags/batch_pipeline_dag.py for tasks to queue
[2026-04-24T13:30:34.257+0000] {logging_mixin.py:188} INFO - [2026-04-24T13:30:34.257+0000] {dagbag.py:538} INFO - Filling up the DagBag from /opt/airflow/dags/batch_pipeline_dag.py
[2026-04-24T13:30:34.293+0000] {processor.py:840} INFO - DAG(s) 'batch_pipeline' retrieved from /opt/airflow/dags/batch_pipeline_dag.py
[2026-04-24T13:30:34.802+0000] {logging_mixin.py:188} INFO - [2026-04-24T13:30:34.801+0000] {dag.py:3036} INFO - Sync 1 DAGs
[2026-04-24T13:30:34.837+0000] {logging_mixin.py:188} INFO - [2026-04-24T13:30:34.836+0000] {dag.py:3823} INFO - Setting next_dagrun for batch_pipeline to 2026-04-24 13:30:00+00:00, run_after=2026-04-24 13:32:00+00:00
[2026-04-24T13:30:34.867+0000] {processor.py:183} INFO - Processing /opt/airflow/dags/batch_pipeline_dag.py took 0.624 seconds
[2026-04-24T13:31:05.053+0000] {processor.py:161} INFO - Started process (PID=31) to work on /opt/airflow/dags/batch_pipeline_dag.py
[2026-04-24T13:31:05.055+0000] {processor.py:830} INFO - Processing file /opt/airflow/dags/batch_pipeline_dag.py for tasks to queue
[2026-04-24T13:31:05.072+0000] {logging_mixin.py:188} INFO - [2026-04-24T13:31:05.069+0000] {dagbag.py:538} INFO - Filling up the DagBag from /opt/airflow/dags/batch_pipeline_dag.py
[2026-04-24T13:31:05.121+0000] {processor.py:840} INFO - DAG(s) 'batch_pipeline' retrieved from /opt/airflow/dags/batch_pipeline_dag.py
[2026-04-24T13:31:05.237+0000] {logging_mixin.py:188} INFO - [2026-04-24T13:31:05.237+0000] {dag.py:3036} INFO - Sync 1 DAGs
[2026-04-24T13:31:05.323+0000] {logging_mixin.py:188} INFO - [2026-04-24T13:31:05.323+0000] {dag.py:3823} INFO - Setting next_dagrun for batch_pipeline to 2026-04-24 13:30:00+00:00, run_after=2026-04-24 13:32:00+00:00
[2026-04-24T13:31:05.411+0000] {processor.py:183} INFO - Processing /opt/airflow/dags/batch_pipeline_dag.py took 0.366 seconds
[2026-04-24T13:31:35.605+0000] {processor.py:161} INFO - Started process (PID=32) to work on /opt/airflow/dags/batch_pipeline_dag.py
[2026-04-24T13:31:35.607+0000] {processor.py:830} INFO - Processing file /opt/airflow/dags/batch_pipeline_dag.py for tasks to queue
[2026-04-24T13:31:35.609+0000] {logging_mixin.py:188} INFO - [2026-04-24T13:31:35.609+0000] {dagbag.py:538} INFO - Filling up the DagBag from /opt/airflow/dags/batch_pipeline_dag.py
[2026-04-24T13:31:35.626+0000] {processor.py:840} INFO - DAG(s) 'batch_pipeline' retrieved from /opt/airflow/dags/batch_pipeline_dag.py
[2026-04-24T13:31:35.659+0000] {logging_mixin.py:188} INFO - [2026-04-24T13:31:35.659+0000] {dag.py:3036} INFO - Sync 1 DAGs
[2026-04-24T13:31:35.697+0000] {logging_mixin.py:188} INFO - [2026-04-24T13:31:35.696+0000] {dag.py:3823} INFO - Setting next_dagrun for batch_pipeline to 2026-04-24 13:30:00+00:00, run_after=2026-04-24 13:32:00+00:00
[2026-04-24T13:31:35.733+0000] {processor.py:183} INFO - Processing /opt/airflow/dags/batch_pipeline_dag.py took 0.135 seconds
[2026-04-24T13:32:42.695+0000] {processor.py:161} INFO - Started process (PID=21) to work on /opt/airflow/dags/batch_pipeline_dag.py
[2026-04-24T13:32:42.697+0000] {processor.py:830} INFO - Processing file /opt/airflow/dags/batch_pipeline_dag.py for tasks to queue
[2026-04-24T13:32:42.701+0000] {logging_mixin.py:188} INFO - [2026-04-24T13:32:42.701+0000] {dagbag.py:538} INFO - Filling up the DagBag from /opt/airflow/dags/batch_pipeline_dag.py
[2026-04-24T13:32:42.730+0000] {processor.py:840} INFO - DAG(s) 'batch_pipeline' retrieved from /opt/airflow/dags/batch_pipeline_dag.py
[2026-04-24T13:32:42.794+0000] {logging_mixin.py:188} INFO - [2026-04-24T13:32:42.794+0000] {dag.py:3036} INFO - Sync 1 DAGs
[2026-04-24T13:32:42.878+0000] {logging_mixin.py:188} INFO - [2026-04-24T13:32:42.877+0000] {dag.py:3823} INFO - Setting next_dagrun for batch_pipeline to 2026-04-24 13:32:00+00:00, run_after=2026-04-24 13:34:00+00:00
[2026-04-24T13:32:42.937+0000] {processor.py:183} INFO - Processing /opt/airflow/dags/batch_pipeline_dag.py took 0.247 seconds
[2026-04-24T13:33:13.105+0000] {processor.py:161} INFO - Started process (PID=22) to work on /opt/airflow/dags/batch_pipeline_dag.py
[2026-04-24T13:33:13.106+0000] {processor.py:830} INFO - Processing file /opt/airflow/dags/batch_pipeline_dag.py for tasks to queue
[2026-04-24T13:33:13.109+0000] {logging_mixin.py:188} INFO - [2026-04-24T13:33:13.108+0000] {dagbag.py:538} INFO - Filling up the DagBag from /opt/airflow/dags/batch_pipeline_dag.py
[2026-04-24T13:33:13.130+0000] {processor.py:840} INFO - DAG(s) 'batch_pipeline' retrieved from /opt/airflow/dags/batch_pipeline_dag.py
[2026-04-24T13:33:13.335+0000] {logging_mixin.py:188} INFO - [2026-04-24T13:33:13.334+0000] {dag.py:3036} INFO - Sync 1 DAGs
[2026-04-24T13:33:13.400+0000] {logging_mixin.py:188} INFO - [2026-04-24T13:33:13.399+0000] {dag.py:3823} INFO - Setting next_dagrun for batch_pipeline to 2026-04-24 13:32:00+00:00, run_after=2026-04-24 13:34:00+00:00
[2026-04-24T13:33:13.444+0000] {processor.py:183} INFO - Processing /opt/airflow/dags/batch_pipeline_dag.py took 0.343 seconds
[2026-04-24T13:33:43.596+0000] {processor.py:161} INFO - Started process (PID=23) to work on /opt/airflow/dags/batch_pipeline_dag.py
[2026-04-24T13:33:43.598+0000] {processor.py:830} INFO - Processing file /opt/airflow/dags/batch_pipeline_dag.py for tasks to queue
[2026-04-24T13:33:43.601+0000] {logging_mixin.py:188} INFO - [2026-04-24T13:33:43.600+0000] {dagbag.py:538} INFO - Filling up the DagBag from /opt/airflow/dags/batch_pipeline_dag.py
[2026-04-24T13:33:43.617+0000] {processor.py:840} INFO - DAG(s) 'batch_pipeline' retrieved from /opt/airflow/dags/batch_pipeline_dag.py
[2026-04-24T13:33:43.654+0000] {logging_mixin.py:188} INFO - [2026-04-24T13:33:43.654+0000] {dag.py:3036} INFO - Sync 1 DAGs
[2026-04-24T13:33:43.717+0000] {logging_mixin.py:188} INFO - [2026-04-24T13:33:43.716+0000] {dag.py:3823} INFO - Setting next_dagrun for batch_pipeline to 2026-04-24 13:32:00+00:00, run_after=2026-04-24 13:34:00+00:00
[2026-04-24T13:33:43.760+0000] {processor.py:183} INFO - Processing /opt/airflow/dags/batch_pipeline_dag.py took 0.169 seconds
[2026-04-24T13:34:13.959+0000] {processor.py:161} INFO - Started process (PID=24) to work on /opt/airflow/dags/batch_pipeline_dag.py
[2026-04-24T13:34:13.966+0000] {processor.py:830} INFO - Processing file /opt/airflow/dags/batch_pipeline_dag.py for tasks to queue
[2026-04-24T13:34:13.972+0000] {logging_mixin.py:188} INFO - [2026-04-24T13:34:13.972+0000] {dagbag.py:538} INFO - Filling up the DagBag from /opt/airflow/dags/batch_pipeline_dag.py
[2026-04-24T13:34:14.050+0000] {processor.py:840} INFO - DAG(s) 'batch_pipeline' retrieved from /opt/airflow/dags/batch_pipeline_dag.py
[2026-04-24T13:34:14.116+0000] {logging_mixin.py:188} INFO - [2026-04-24T13:34:14.115+0000] {dag.py:3036} INFO - Sync 1 DAGs
[2026-04-24T13:34:14.192+0000] {logging_mixin.py:188} INFO - [2026-04-24T13:34:14.192+0000] {dag.py:3823} INFO - Setting next_dagrun for batch_pipeline to 2026-04-24 13:34:00+00:00, run_after=2026-04-24 13:36:00+00:00
[2026-04-24T13:34:14.260+0000] {processor.py:183} INFO - Processing /opt/airflow/dags/batch_pipeline_dag.py took 0.307 seconds
[2026-04-24T13:34:44.483+0000] {processor.py:161} INFO - Started process (PID=25) to work on /opt/airflow/dags/batch_pipeline_dag.py
[2026-04-24T13:34:44.484+0000] {processor.py:830} INFO - Processing file /opt/airflow/dags/batch_pipeline_dag.py for tasks to queue
[2026-04-24T13:34:44.487+0000] {logging_mixin.py:188} INFO - [2026-04-24T13:34:44.486+0000] {dagbag.py:538} INFO - Filling up the DagBag from /opt/airflow/dags/batch_pipeline_dag.py
[2026-04-24T13:34:44.511+0000] {processor.py:840} INFO - DAG(s) 'batch_pipeline' retrieved from /opt/airflow/dags/batch_pipeline_dag.py
[2026-04-24T13:34:44.556+0000] {logging_mixin.py:188} INFO - [2026-04-24T13:34:44.555+0000] {dag.py:3036} INFO - Sync 1 DAGs
[2026-04-24T13:34:44.591+0000] {logging_mixin.py:188} INFO - [2026-04-24T13:34:44.591+0000] {dag.py:3823} INFO - Setting next_dagrun for batch_pipeline to 2026-04-24 13:34:00+00:00, run_after=2026-04-24 13:36:00+00:00
[2026-04-24T13:34:44.621+0000] {processor.py:183} INFO - Processing /opt/airflow/dags/batch_pipeline_dag.py took 0.141 seconds
[2026-04-24T13:35:14.786+0000] {processor.py:161} INFO - Started process (PID=26) to work on /opt/airflow/dags/batch_pipeline_dag.py
[2026-04-24T13:35:14.787+0000] {processor.py:830} INFO - Processing file /opt/airflow/dags/batch_pipeline_dag.py for tasks to queue
[2026-04-24T13:35:14.789+0000] {logging_mixin.py:188} INFO - [2026-04-24T13:35:14.788+0000] {dagbag.py:538} INFO - Filling up the DagBag from /opt/airflow/dags/batch_pipeline_dag.py
[2026-04-24T13:35:14.805+0000] {processor.py:840} INFO - DAG(s) 'batch_pipeline' retrieved from /opt/airflow/dags/batch_pipeline_dag.py
[2026-04-24T13:35:14.838+0000] {logging_mixin.py:188} INFO - [2026-04-24T13:35:14.838+0000] {dag.py:3036} INFO - Sync 1 DAGs
[2026-04-24T13:35:14.882+0000] {logging_mixin.py:188} INFO - [2026-04-24T13:35:14.882+0000] {dag.py:3823} INFO - Setting next_dagrun for batch_pipeline to 2026-04-24 13:34:00+00:00, run_after=2026-04-24 13:36:00+00:00
[2026-04-24T13:35:14.934+0000] {processor.py:183} INFO - Processing /opt/airflow/dags/batch_pipeline_dag.py took 0.151 seconds
[2026-04-24T13:35:45.116+0000] {processor.py:161} INFO - Started process (PID=27) to work on /opt/airflow/dags/batch_pipeline_dag.py
[2026-04-24T13:35:45.117+0000] {processor.py:830} INFO - Processing file /opt/airflow/dags/batch_pipeline_dag.py for tasks to queue
[2026-04-24T13:35:45.119+0000] {logging_mixin.py:188} INFO - [2026-04-24T13:35:45.119+0000] {dagbag.py:538} INFO - Filling up the DagBag from /opt/airflow/dags/batch_pipeline_dag.py
[2026-04-24T13:35:45.136+0000] {processor.py:840} INFO - DAG(s) 'batch_pipeline' retrieved from /opt/airflow/dags/batch_pipeline_dag.py
[2026-04-24T13:35:45.170+0000] {logging_mixin.py:188} INFO - [2026-04-24T13:35:45.169+0000] {dag.py:3036} INFO - Sync 1 DAGs
[2026-04-24T13:35:45.214+0000] {logging_mixin.py:188} INFO - [2026-04-24T13:35:45.213+0000] {dag.py:3823} INFO - Setting next_dagrun for batch_pipeline to 2026-04-24 13:34:00+00:00, run_after=2026-04-24 13:36:00+00:00
[2026-04-24T13:35:45.252+0000] {processor.py:183} INFO - Processing /opt/airflow/dags/batch_pipeline_dag.py took 0.142 seconds
[2026-04-24T13:36:15.403+0000] {processor.py:161} INFO - Started process (PID=28) to work on /opt/airflow/dags/batch_pipeline_dag.py
[2026-04-24T13:36:15.406+0000] {processor.py:830} INFO - Processing file /opt/airflow/dags/batch_pipeline_dag.py for tasks to queue
[2026-04-24T13:36:15.410+0000] {logging_mixin.py:188} INFO - [2026-04-24T13:36:15.409+0000] {dagbag.py:538} INFO - Filling up the DagBag from /opt/airflow/dags/batch_pipeline_dag.py
[2026-04-24T13:36:15.429+0000] {processor.py:840} INFO - DAG(s) 'batch_pipeline' retrieved from /opt/airflow/dags/batch_pipeline_dag.py
[2026-04-24T13:36:15.470+0000] {logging_mixin.py:188} INFO - [2026-04-24T13:36:15.470+0000] {dag.py:3036} INFO - Sync 1 DAGs
[2026-04-24T13:36:15.510+0000] {logging_mixin.py:188} INFO - [2026-04-24T13:36:15.509+0000] {dag.py:3823} INFO - Setting next_dagrun for batch_pipeline to 2026-04-24 13:36:00+00:00, run_after=2026-04-24 13:38:00+00:00
[2026-04-24T13:36:15.536+0000] {processor.py:183} INFO - Processing /opt/airflow/dags/batch_pipeline_dag.py took 0.137 seconds
[2026-04-24T13:36:45.686+0000] {processor.py:161} INFO - Started process (PID=29) to work on /opt/airflow/dags/batch_pipeline_dag.py
[2026-04-24T13:36:45.686+0000] {processor.py:830} INFO - Processing file /opt/airflow/dags/batch_pipeline_dag.py for tasks to queue
[2026-04-24T13:36:45.689+0000] {logging_mixin.py:188} INFO - [2026-04-24T13:36:45.688+0000] {dagbag.py:538} INFO - Filling up the DagBag from /opt/airflow/dags/batch_pipeline_dag.py
[2026-04-24T13:36:45.709+0000] {processor.py:840} INFO - DAG(s) 'batch_pipeline' retrieved from /opt/airflow/dags/batch_pipeline_dag.py
[2026-04-24T13:36:45.743+0000] {logging_mixin.py:188} INFO - [2026-04-24T13:36:45.743+0000] {dag.py:3036} INFO - Sync 1 DAGs
[2026-04-24T13:36:45.782+0000] {logging_mixin.py:188} INFO - [2026-04-24T13:36:45.782+0000] {dag.py:3823} INFO - Setting next_dagrun for batch_pipeline to 2026-04-24 13:36:00+00:00, run_after=2026-04-24 13:38:00+00:00
[2026-04-24T13:36:45.815+0000] {processor.py:183} INFO - Processing /opt/airflow/dags/batch_pipeline_dag.py took 0.133 seconds
[2026-04-24T13:37:15.861+0000] {processor.py:161} INFO - Started process (PID=30) to work on /opt/airflow/dags/batch_pipeline_dag.py
[2026-04-24T13:37:15.863+0000] {processor.py:830} INFO - Processing file /opt/airflow/dags/batch_pipeline_dag.py for tasks to queue
[2026-04-24T13:37:15.865+0000] {logging_mixin.py:188} INFO - [2026-04-24T13:37:15.865+0000] {dagbag.py:538} INFO - Filling up the DagBag from /opt/airflow/dags/batch_pipeline_dag.py
[2026-04-24T13:37:15.885+0000] {processor.py:840} INFO - DAG(s) 'batch_pipeline' retrieved from /opt/airflow/dags/batch_pipeline_dag.py
[2026-04-24T13:37:15.927+0000] {logging_mixin.py:188} INFO - [2026-04-24T13:37:15.927+0000] {dag.py:3036} INFO - Sync 1 DAGs
[2026-04-24T13:37:15.971+0000] {logging_mixin.py:188} INFO - [2026-04-24T13:37:15.971+0000] {dag.py:3823} INFO - Setting next_dagrun for batch_pipeline to 2026-04-24 13:36:00+00:00, run_after=2026-04-24 13:38:00+00:00
[2026-04-24T13:37:16.010+0000] {processor.py:183} INFO - Processing /opt/airflow/dags/batch_pipeline_dag.py took 0.157 seconds
[2026-04-24T13:37:46.141+0000] {processor.py:161} INFO - Started process (PID=31) to work on /opt/airflow/dags/batch_pipeline_dag.py
[2026-04-24T13:37:46.142+0000] {processor.py:830} INFO - Processing file /opt/airflow/dags/batch_pipeline_dag.py for tasks to queue
[2026-04-24T13:37:46.144+0000] {logging_mixin.py:188} INFO - [2026-04-24T13:37:46.144+0000] {dagbag.py:538} INFO - Filling up the DagBag from /opt/airflow/dags/batch_pipeline_dag.py
[2026-04-24T13:37:46.162+0000] {processor.py:840} INFO - DAG(s) 'batch_pipeline' retrieved from /opt/airflow/dags/batch_pipeline_dag.py
[2026-04-24T13:37:46.206+0000] {logging_mixin.py:188} INFO - [2026-04-24T13:37:46.206+0000] {dag.py:3036} INFO - Sync 1 DAGs
[2026-04-24T13:37:46.260+0000] {logging_mixin.py:188} INFO - [2026-04-24T13:37:46.259+0000] {dag.py:3823} INFO - Setting next_dagrun for batch_pipeline to 2026-04-24 13:36:00+00:00, run_after=2026-04-24 13:38:00+00:00
[2026-04-24T13:37:46.295+0000] {processor.py:183} INFO - Processing /opt/airflow/dags/batch_pipeline_dag.py took 0.160 seconds
[2026-04-24T13:38:16.458+0000] {processor.py:161} INFO - Started process (PID=32) to work on /opt/airflow/dags/batch_pipeline_dag.py
[2026-04-24T13:38:16.460+0000] {processor.py:830} INFO - Processing file /opt/airflow/dags/batch_pipeline_dag.py for tasks to queue
[2026-04-24T13:38:16.463+0000] {logging_mixin.py:188} INFO - [2026-04-24T13:38:16.462+0000] {dagbag.py:538} INFO - Filling up the DagBag from /opt/airflow/dags/batch_pipeline_dag.py
[2026-04-24T13:38:16.483+0000] {processor.py:840} INFO - DAG(s) 'batch_pipeline' retrieved from /opt/airflow/dags/batch_pipeline_dag.py
[2026-04-24T13:38:16.529+0000] {logging_mixin.py:188} INFO - [2026-04-24T13:38:16.529+0000] {dag.py:3036} INFO - Sync 1 DAGs
[2026-04-24T13:38:16.578+0000] {logging_mixin.py:188} INFO - [2026-04-24T13:38:16.578+0000] {dag.py:3823} INFO - Setting next_dagrun for batch_pipeline to 2026-04-24 13:38:00+00:00, run_after=2026-04-24 13:40:00+00:00
[2026-04-24T13:38:16.614+0000] {processor.py:183} INFO - Processing /opt/airflow/dags/batch_pipeline_dag.py took 0.162 seconds
[2026-04-24T13:38:46.765+0000] {processor.py:161} INFO - Started process (PID=33) to work on /opt/airflow/dags/batch_pipeline_dag.py
[2026-04-24T13:38:46.765+0000] {processor.py:830} INFO - Processing file /opt/airflow/dags/batch_pipeline_dag.py for tasks to queue
[2026-04-24T13:38:46.768+0000] {logging_mixin.py:188} INFO - [2026-04-24T13:38:46.767+0000] {dagbag.py:538} INFO - Filling up the DagBag from /opt/airflow/dags/batch_pipeline_dag.py
[2026-04-24T13:38:46.786+0000] {processor.py:840} INFO - DAG(s) 'batch_pipeline' retrieved from /opt/airflow/dags/batch_pipeline_dag.py
[2026-04-24T13:38:46.822+0000] {logging_mixin.py:188} INFO - [2026-04-24T13:38:46.821+0000] {dag.py:3036} INFO - Sync 1 DAGs
[2026-04-24T13:38:46.866+0000] {logging_mixin.py:188} INFO - [2026-04-24T13:38:46.866+0000] {dag.py:3823} INFO - Setting next_dagrun for batch_pipeline to 2026-04-24 13:38:00+00:00, run_after=2026-04-24 13:40:00+00:00
[2026-04-24T13:38:46.897+0000] {processor.py:183} INFO - Processing /opt/airflow/dags/batch_pipeline_dag.py took 0.137 seconds
[2026-04-24T13:39:17.056+0000] {processor.py:161} INFO - Started process (PID=34) to work on /opt/airflow/dags/batch_pipeline_dag.py
[2026-04-24T13:39:17.058+0000] {processor.py:830} INFO - Processing file /opt/airflow/dags/batch_pipeline_dag.py for tasks to queue
[2026-04-24T13:39:17.060+0000] {logging_mixin.py:188} INFO - [2026-04-24T13:39:17.060+0000] {dagbag.py:538} INFO - Filling up the DagBag from /opt/airflow/dags/batch_pipeline_dag.py
[2026-04-24T13:39:17.076+0000] {processor.py:840} INFO - DAG(s) 'batch_pipeline' retrieved from /opt/airflow/dags/batch_pipeline_dag.py
[2026-04-24T13:39:17.114+0000] {logging_mixin.py:188} INFO - [2026-04-24T13:39:17.113+0000] {dag.py:3036} INFO - Sync 1 DAGs
[2026-04-24T13:39:17.150+0000] {logging_mixin.py:188} INFO - [2026-04-24T13:39:17.150+0000] {dag.py:3823} INFO - Setting next_dagrun for batch_pipeline to 2026-04-24 13:38:00+00:00, run_after=2026-04-24 13:40:00+00:00
[2026-04-24T13:39:17.197+0000] {processor.py:183} INFO - Processing /opt/airflow/dags/batch_pipeline_dag.py took 0.145 seconds
[2026-04-24T13:39:47.376+0000] {processor.py:161} INFO - Started process (PID=35) to work on /opt/airflow/dags/batch_pipeline_dag.py
[2026-04-24T13:39:47.377+0000] {processor.py:830} INFO - Processing file /opt/airflow/dags/batch_pipeline_dag.py for tasks to queue
[2026-04-24T13:39:47.380+0000] {logging_mixin.py:188} INFO - [2026-04-24T13:39:47.379+0000] {dagbag.py:538} INFO - Filling up the DagBag from /opt/airflow/dags/batch_pipeline_dag.py
[2026-04-24T13:39:47.399+0000] {processor.py:840} INFO - DAG(s) 'batch_pipeline' retrieved from /opt/airflow/dags/batch_pipeline_dag.py
[2026-04-24T13:39:47.438+0000] {logging_mixin.py:188} INFO - [2026-04-24T13:39:47.437+0000] {dag.py:3036} INFO - Sync 1 DAGs
[2026-04-24T13:39:47.478+0000] {logging_mixin.py:188} INFO - [2026-04-24T13:39:47.478+0000] {dag.py:3823} INFO - Setting next_dagrun for batch_pipeline to 2026-04-24 13:38:00+00:00, run_after=2026-04-24 13:40:00+00:00
[2026-04-24T13:39:47.535+0000] {processor.py:183} INFO - Processing /opt/airflow/dags/batch_pipeline_dag.py took 0.162 seconds
[2026-04-24T13:40:17.719+0000] {processor.py:161} INFO - Started process (PID=36) to work on /opt/airflow/dags/batch_pipeline_dag.py
[2026-04-24T13:40:17.722+0000] {processor.py:830} INFO - Processing file /opt/airflow/dags/batch_pipeline_dag.py for tasks to queue
[2026-04-24T13:40:17.724+0000] {logging_mixin.py:188} INFO - [2026-04-24T13:40:17.723+0000] {dagbag.py:538} INFO - Filling up the DagBag from /opt/airflow/dags/batch_pipeline_dag.py
[2026-04-24T13:40:17.739+0000] {processor.py:840} INFO - DAG(s) 'batch_pipeline' retrieved from /opt/airflow/dags/batch_pipeline_dag.py
[2026-04-24T13:40:17.771+0000] {logging_mixin.py:188} INFO - [2026-04-24T13:40:17.770+0000] {dag.py:3036} INFO - Sync 1 DAGs
[2026-04-24T13:40:17.806+0000] {logging_mixin.py:188} INFO - [2026-04-24T13:40:17.805+0000] {dag.py:3823} INFO - Setting next_dagrun for batch_pipeline to 2026-04-24 13:40:00+00:00, run_after=2026-04-24 13:42:00+00:00
[2026-04-24T13:40:17.835+0000] {processor.py:183} INFO - Processing /opt/airflow/dags/batch_pipeline_dag.py took 0.122 seconds
[2026-04-24T13:40:47.878+0000] {processor.py:161} INFO - Started process (PID=37) to work on /opt/airflow/dags/batch_pipeline_dag.py
[2026-04-24T13:40:47.879+0000] {processor.py:830} INFO - Processing file /opt/airflow/dags/batch_pipeline_dag.py for tasks to queue
[2026-04-24T13:40:47.882+0000] {logging_mixin.py:188} INFO - [2026-04-24T13:40:47.881+0000] {dagbag.py:538} INFO - Filling up the DagBag from /opt/airflow/dags/batch_pipeline_dag.py
[2026-04-24T13:40:47.900+0000] {processor.py:840} INFO - DAG(s) 'batch_pipeline' retrieved from /opt/airflow/dags/batch_pipeline_dag.py
[2026-04-24T13:40:47.935+0000] {logging_mixin.py:188} INFO - [2026-04-24T13:40:47.935+0000] {dag.py:3036} INFO - Sync 1 DAGs
[2026-04-24T13:40:47.977+0000] {logging_mixin.py:188} INFO - [2026-04-24T13:40:47.977+0000] {dag.py:3823} INFO - Setting next_dagrun for batch_pipeline to 2026-04-24 13:40:00+00:00, run_after=2026-04-24 13:42:00+00:00
[2026-04-24T13:40:48.013+0000] {processor.py:183} INFO - Processing /opt/airflow/dags/batch_pipeline_dag.py took 0.139 seconds
[2026-04-24T13:41:18.139+0000] {processor.py:161} INFO - Started process (PID=38) to work on /opt/airflow/dags/batch_pipeline_dag.py
[2026-04-24T13:41:18.141+0000] {processor.py:830} INFO - Processing file /opt/airflow/dags/batch_pipeline_dag.py for tasks to queue
[2026-04-24T13:41:18.143+0000] {logging_mixin.py:188} INFO - [2026-04-24T13:41:18.143+0000] {dagbag.py:538} INFO - Filling up the DagBag from /opt/airflow/dags/batch_pipeline_dag.py
[2026-04-24T13:41:18.161+0000] {processor.py:840} INFO - DAG(s) 'batch_pipeline' retrieved from /opt/airflow/dags/batch_pipeline_dag.py
[2026-04-24T13:41:18.200+0000] {logging_mixin.py:188} INFO - [2026-04-24T13:41:18.200+0000] {dag.py:3036} INFO - Sync 1 DAGs
[2026-04-24T13:41:18.238+0000] {logging_mixin.py:188} INFO - [2026-04-24T13:41:18.238+0000] {dag.py:3823} INFO - Setting next_dagrun for batch_pipeline to 2026-04-24 13:40:00+00:00, run_after=2026-04-24 13:42:00+00:00
[2026-04-24T13:41:18.271+0000] {processor.py:183} INFO - Processing /opt/airflow/dags/batch_pipeline_dag.py took 0.136 seconds
[2026-04-24T13:42:34.387+0000] {processor.py:161} INFO - Started process (PID=29) to work on /opt/airflow/dags/batch_pipeline_dag.py
[2026-04-24T13:42:34.389+0000] {processor.py:830} INFO - Processing file /opt/airflow/dags/batch_pipeline_dag.py for tasks to queue
[2026-04-24T13:42:34.395+0000] {logging_mixin.py:188} INFO - [2026-04-24T13:42:34.391+0000] {dagbag.py:538} INFO - Filling up the DagBag from /opt/airflow/dags/batch_pipeline_dag.py
[2026-04-24T13:42:34.469+0000] {processor.py:840} INFO - DAG(s) 'batch_pipeline' retrieved from /opt/airflow/dags/batch_pipeline_dag.py
[2026-04-24T13:42:35.520+0000] {logging_mixin.py:188} INFO - [2026-04-24T13:42:35.519+0000] {override.py:1769} INFO - Created Permission View: can edit on DAG:batch_pipeline
[2026-04-24T13:42:35.553+0000] {logging_mixin.py:188} INFO - [2026-04-24T13:42:35.552+0000] {override.py:1769} INFO - Created Permission View: can delete on DAG:batch_pipeline
[2026-04-24T13:42:35.577+0000] {logging_mixin.py:188} INFO - [2026-04-24T13:42:35.576+0000] {override.py:1769} INFO - Created Permission View: can read on DAG:batch_pipeline
[2026-04-24T13:42:35.580+0000] {logging_mixin.py:188} INFO - [2026-04-24T13:42:35.578+0000] {dag.py:3036} INFO - Sync 1 DAGs
[2026-04-24T13:42:35.608+0000] {logging_mixin.py:188} INFO - [2026-04-24T13:42:35.606+0000] {dag.py:3058} INFO - Creating ORM DAG for batch_pipeline
[2026-04-24T13:42:35.645+0000] {logging_mixin.py:188} INFO - [2026-04-24T13:42:35.644+0000] {dag.py:3823} INFO - Setting next_dagrun for batch_pipeline to 2026-04-24 13:40:00+00:00, run_after=2026-04-24 13:42:00+00:00
[2026-04-24T13:42:35.691+0000] {processor.py:183} INFO - Processing /opt/airflow/dags/batch_pipeline_dag.py took 1.308 seconds
[2026-04-24T13:43:05.953+0000] {processor.py:161} INFO - Started process (PID=30) to work on /opt/airflow/dags/batch_pipeline_dag.py
[2026-04-24T13:43:05.955+0000] {processor.py:830} INFO - Processing file /opt/airflow/dags/batch_pipeline_dag.py for tasks to queue
[2026-04-24T13:43:05.957+0000] {logging_mixin.py:188} INFO - [2026-04-24T13:43:05.956+0000] {dagbag.py:538} INFO - Filling up the DagBag from /opt/airflow/dags/batch_pipeline_dag.py
[2026-04-24T13:43:05.978+0000] {processor.py:840} INFO - DAG(s) 'batch_pipeline' retrieved from /opt/airflow/dags/batch_pipeline_dag.py
[2026-04-24T13:43:06.012+0000] {logging_mixin.py:188} INFO - [2026-04-24T13:43:06.011+0000] {dag.py:3036} INFO - Sync 1 DAGs
[2026-04-24T13:43:06.044+0000] {logging_mixin.py:188} INFO - [2026-04-24T13:43:06.044+0000] {dag.py:3823} INFO - Setting next_dagrun for batch_pipeline to 2026-04-24 13:40:00+00:00, run_after=2026-04-24 13:42:00+00:00
[2026-04-24T13:43:06.071+0000] {processor.py:183} INFO - Processing /opt/airflow/dags/batch_pipeline_dag.py took 0.121 seconds
[2026-04-24T13:43:36.197+0000] {processor.py:161} INFO - Started process (PID=31) to work on /opt/airflow/dags/batch_pipeline_dag.py
[2026-04-24T13:43:36.198+0000] {processor.py:830} INFO - Processing file /opt/airflow/dags/batch_pipeline_dag.py for tasks to queue
[2026-04-24T13:43:36.200+0000] {logging_mixin.py:188} INFO - [2026-04-24T13:43:36.200+0000] {dagbag.py:538} INFO - Filling up the DagBag from /opt/airflow/dags/batch_pipeline_dag.py
[2026-04-24T13:43:36.218+0000] {processor.py:840} INFO - DAG(s) 'batch_pipeline' retrieved from /opt/airflow/dags/batch_pipeline_dag.py
[2026-04-24T13:43:36.256+0000] {logging_mixin.py:188} INFO - [2026-04-24T13:43:36.255+0000] {dag.py:3036} INFO - Sync 1 DAGs
[2026-04-24T13:43:36.300+0000] {logging_mixin.py:188} INFO - [2026-04-24T13:43:36.300+0000] {dag.py:3823} INFO - Setting next_dagrun for batch_pipeline to 2026-04-24 13:40:00+00:00, run_after=2026-04-24 13:42:00+00:00
[2026-04-24T13:43:36.334+0000] {processor.py:183} INFO - Processing /opt/airflow/dags/batch_pipeline_dag.py took 0.144 seconds
[2026-04-24T13:44:06.506+0000] {processor.py:161} INFO - Started process (PID=32) to work on /opt/airflow/dags/batch_pipeline_dag.py
[2026-04-24T13:44:06.507+0000] {processor.py:830} INFO - Processing file /opt/airflow/dags/batch_pipeline_dag.py for tasks to queue
[2026-04-24T13:44:06.508+0000] {logging_mixin.py:188} INFO - [2026-04-24T13:44:06.508+0000] {dagbag.py:538} INFO - Filling up the DagBag from /opt/airflow/dags/batch_pipeline_dag.py
[2026-04-24T13:44:06.525+0000] {processor.py:840} INFO - DAG(s) 'batch_pipeline' retrieved from /opt/airflow/dags/batch_pipeline_dag.py
[2026-04-24T13:44:06.558+0000] {logging_mixin.py:188} INFO - [2026-04-24T13:44:06.557+0000] {dag.py:3036} INFO - Sync 1 DAGs
[2026-04-24T13:44:06.592+0000] {logging_mixin.py:188} INFO - [2026-04-24T13:44:06.591+0000] {dag.py:3823} INFO - Setting next_dagrun for batch_pipeline to 2026-04-24 13:42:00+00:00, run_after=2026-04-24 13:44:00+00:00
[2026-04-24T13:44:06.620+0000] {processor.py:183} INFO - Processing /opt/airflow/dags/batch_pipeline_dag.py took 0.118 seconds
[2026-04-24T13:44:36.784+0000] {processor.py:161} INFO - Started process (PID=43) to work on /opt/airflow/dags/batch_pipeline_dag.py
[2026-04-24T13:44:36.786+0000] {processor.py:830} INFO - Processing file /opt/airflow/dags/batch_pipeline_dag.py for tasks to queue
[2026-04-24T13:44:36.791+0000] {logging_mixin.py:188} INFO - [2026-04-24T13:44:36.790+0000] {dagbag.py:538} INFO - Filling up the DagBag from /opt/airflow/dags/batch_pipeline_dag.py
[2026-04-24T13:44:36.820+0000] {processor.py:840} INFO - DAG(s) 'batch_pipeline' retrieved from /opt/airflow/dags/batch_pipeline_dag.py
[2026-04-24T13:44:36.871+0000] {logging_mixin.py:188} INFO - [2026-04-24T13:44:36.870+0000] {dag.py:3036} INFO - Sync 1 DAGs
[2026-04-24T13:44:36.918+0000] {logging_mixin.py:188} INFO - [2026-04-24T13:44:36.918+0000] {dag.py:3823} INFO - Setting next_dagrun for batch_pipeline to 2026-04-24 13:42:00+00:00, run_after=2026-04-24 13:44:00+00:00
[2026-04-24T13:44:36.967+0000] {processor.py:183} INFO - Processing /opt/airflow/dags/batch_pipeline_dag.py took 0.187 seconds
[2026-04-24T13:45:07.072+0000] {processor.py:161} INFO - Started process (PID=44) to work on /opt/airflow/dags/batch_pipeline_dag.py
[2026-04-24T13:45:07.077+0000] {processor.py:830} INFO - Processing file /opt/airflow/dags/batch_pipeline_dag.py for tasks to queue
[2026-04-24T13:45:07.081+0000] {logging_mixin.py:188} INFO - [2026-04-24T13:45:07.081+0000] {dagbag.py:538} INFO - Filling up the DagBag from /opt/airflow/dags/batch_pipeline_dag.py
[2026-04-24T13:45:07.128+0000] {processor.py:840} INFO - DAG(s) 'batch_pipeline' retrieved from /opt/airflow/dags/batch_pipeline_dag.py
[2026-04-24T13:45:07.232+0000] {logging_mixin.py:188} INFO - [2026-04-24T13:45:07.231+0000] {dag.py:3036} INFO - Sync 1 DAGs
[2026-04-24T13:45:07.286+0000] {logging_mixin.py:188} INFO - [2026-04-24T13:45:07.285+0000] {dag.py:3823} INFO - Setting next_dagrun for batch_pipeline to 2026-04-24 13:42:00+00:00, run_after=2026-04-24 13:44:00+00:00
[2026-04-24T13:45:07.330+0000] {processor.py:183} INFO - Processing /opt/airflow/dags/batch_pipeline_dag.py took 0.263 seconds
[2026-04-24T13:45:37.444+0000] {processor.py:161} INFO - Started process (PID=45) to work on /opt/airflow/dags/batch_pipeline_dag.py
[2026-04-24T13:45:37.446+0000] {processor.py:830} INFO - Processing file /opt/airflow/dags/batch_pipeline_dag.py for tasks to queue
[2026-04-24T13:45:37.449+0000] {logging_mixin.py:188} INFO - [2026-04-24T13:45:37.447+0000] {dagbag.py:538} INFO - Filling up the DagBag from /opt/airflow/dags/batch_pipeline_dag.py
[2026-04-24T13:45:37.471+0000] {processor.py:840} INFO - DAG(s) 'batch_pipeline' retrieved from /opt/airflow/dags/batch_pipeline_dag.py
[2026-04-24T13:45:37.511+0000] {logging_mixin.py:188} INFO - [2026-04-24T13:45:37.510+0000] {dag.py:3036} INFO - Sync 1 DAGs
[2026-04-24T13:45:37.556+0000] {logging_mixin.py:188} INFO - [2026-04-24T13:45:37.556+0000] {dag.py:3823} INFO - Setting next_dagrun for batch_pipeline to 2026-04-24 13:42:00+00:00, run_after=2026-04-24 13:44:00+00:00
[2026-04-24T13:45:37.593+0000] {processor.py:183} INFO - Processing /opt/airflow/dags/batch_pipeline_dag.py took 0.156 seconds
[2026-04-24T13:46:07.730+0000] {processor.py:161} INFO - Started process (PID=46) to work on /opt/airflow/dags/batch_pipeline_dag.py
[2026-04-24T13:46:07.731+0000] {processor.py:830} INFO - Processing file /opt/airflow/dags/batch_pipeline_dag.py for tasks to queue
[2026-04-24T13:46:07.733+0000] {logging_mixin.py:188} INFO - [2026-04-24T13:46:07.732+0000] {dagbag.py:538} INFO - Filling up the DagBag from /opt/airflow/dags/batch_pipeline_dag.py
[2026-04-24T13:46:07.749+0000] {processor.py:840} INFO - DAG(s) 'batch_pipeline' retrieved from /opt/airflow/dags/batch_pipeline_dag.py
[2026-04-24T13:46:07.795+0000] {logging_mixin.py:188} INFO - [2026-04-24T13:46:07.795+0000] {dag.py:3036} INFO - Sync 1 DAGs
[2026-04-24T13:46:07.830+0000] {logging_mixin.py:188} INFO - [2026-04-24T13:46:07.830+0000] {dag.py:3823} INFO - Setting next_dagrun for batch_pipeline to 2026-04-24 13:44:00+00:00, run_after=2026-04-24 13:46:00+00:00
[2026-04-24T13:46:07.865+0000] {processor.py:183} INFO - Processing /opt/airflow/dags/batch_pipeline_dag.py took 0.141 seconds
[2026-04-24T13:46:38.001+0000] {processor.py:161} INFO - Started process (PID=47) to work on /opt/airflow/dags/batch_pipeline_dag.py
[2026-04-24T13:46:38.002+0000] {processor.py:830} INFO - Processing file /opt/airflow/dags/batch_pipeline_dag.py for tasks to queue
[2026-04-24T13:46:38.007+0000] {logging_mixin.py:188} INFO - [2026-04-24T13:46:38.006+0000] {dagbag.py:538} INFO - Filling up the DagBag from /opt/airflow/dags/batch_pipeline_dag.py
[2026-04-24T13:46:38.025+0000] {processor.py:840} INFO - DAG(s) 'batch_pipeline' retrieved from /opt/airflow/dags/batch_pipeline_dag.py
[2026-04-24T13:46:38.067+0000] {logging_mixin.py:188} INFO - [2026-04-24T13:46:38.067+0000] {dag.py:3036} INFO - Sync 1 DAGs
[2026-04-24T13:46:38.109+0000] {logging_mixin.py:188} INFO - [2026-04-24T13:46:38.109+0000] {dag.py:3823} INFO - Setting next_dagrun for batch_pipeline to 2026-04-24 13:44:00+00:00, run_after=2026-04-24 13:46:00+00:00
[2026-04-24T13:46:38.144+0000] {processor.py:183} INFO - Processing /opt/airflow/dags/batch_pipeline_dag.py took 0.148 seconds
[2026-04-24T13:47:08.252+0000] {processor.py:161} INFO - Started process (PID=48) to work on /opt/airflow/dags/batch_pipeline_dag.py
[2026-04-24T13:47:08.254+0000] {processor.py:830} INFO - Processing file /opt/airflow/dags/batch_pipeline_dag.py for tasks to queue
[2026-04-24T13:47:08.256+0000] {logging_mixin.py:188} INFO - [2026-04-24T13:47:08.256+0000] {dagbag.py:538} INFO - Filling up the DagBag from /opt/airflow/dags/batch_pipeline_dag.py
[2026-04-24T13:47:08.272+0000] {processor.py:840} INFO - DAG(s) 'batch_pipeline' retrieved from /opt/airflow/dags/batch_pipeline_dag.py
[2026-04-24T13:47:08.303+0000] {logging_mixin.py:188} INFO - [2026-04-24T13:47:08.302+0000] {dag.py:3036} INFO - Sync 1 DAGs
[2026-04-24T13:47:08.341+0000] {logging_mixin.py:188} INFO - [2026-04-24T13:47:08.341+0000] {dag.py:3823} INFO - Setting next_dagrun for batch_pipeline to 2026-04-24 13:44:00+00:00, run_after=2026-04-24 13:46:00+00:00
[2026-04-24T13:47:08.368+0000] {processor.py:183} INFO - Processing /opt/airflow/dags/batch_pipeline_dag.py took 0.119 seconds
[2026-04-24T13:47:38.576+0000] {processor.py:161} INFO - Started process (PID=49) to work on /opt/airflow/dags/batch_pipeline_dag.py
[2026-04-24T13:47:38.577+0000] {processor.py:830} INFO - Processing file /opt/airflow/dags/batch_pipeline_dag.py for tasks to queue
[2026-04-24T13:47:38.579+0000] {logging_mixin.py:188} INFO - [2026-04-24T13:47:38.579+0000] {dagbag.py:538} INFO - Filling up the DagBag from /opt/airflow/dags/batch_pipeline_dag.py
[2026-04-24T13:47:38.594+0000] {processor.py:840} INFO - DAG(s) 'batch_pipeline' retrieved from /opt/airflow/dags/batch_pipeline_dag.py
[2026-04-24T13:47:38.634+0000] {logging_mixin.py:188} INFO - [2026-04-24T13:47:38.633+0000] {dag.py:3036} INFO - Sync 1 DAGs
[2026-04-24T13:47:38.682+0000] {logging_mixin.py:188} INFO - [2026-04-24T13:47:38.682+0000] {dag.py:3823} INFO - Setting next_dagrun for batch_pipeline to 2026-04-24 13:44:00+00:00, run_after=2026-04-24 13:46:00+00:00
[2026-04-24T13:47:38.716+0000] {processor.py:183} INFO - Processing /opt/airflow/dags/batch_pipeline_dag.py took 0.146 seconds
[2026-04-24T13:48:08.773+0000] {processor.py:161} INFO - Started process (PID=57) to work on /opt/airflow/dags/batch_pipeline_dag.py
[2026-04-24T13:48:08.776+0000] {processor.py:830} INFO - Processing file /opt/airflow/dags/batch_pipeline_dag.py for tasks to queue
[2026-04-24T13:48:08.778+0000] {logging_mixin.py:188} INFO - [2026-04-24T13:48:08.778+0000] {dagbag.py:538} INFO - Filling up the DagBag from /opt/airflow/dags/batch_pipeline_dag.py
[2026-04-24T13:48:08.797+0000] {processor.py:840} INFO - DAG(s) 'batch_pipeline' retrieved from /opt/airflow/dags/batch_pipeline_dag.py
[2026-04-24T13:48:08.837+0000] {logging_mixin.py:188} INFO - [2026-04-24T13:48:08.837+0000] {dag.py:3036} INFO - Sync 1 DAGs
[2026-04-24T13:48:08.886+0000] {logging_mixin.py:188} INFO - [2026-04-24T13:48:08.885+0000] {dag.py:3823} INFO - Setting next_dagrun for batch_pipeline to 2026-04-24 13:46:00+00:00, run_after=2026-04-24 13:48:00+00:00
[2026-04-24T13:48:08.923+0000] {processor.py:183} INFO - Processing /opt/airflow/dags/batch_pipeline_dag.py took 0.156 seconds
[2026-04-24T13:48:38.965+0000] {processor.py:161} INFO - Started process (PID=58) to work on /opt/airflow/dags/batch_pipeline_dag.py
[2026-04-24T13:48:38.966+0000] {processor.py:830} INFO - Processing file /opt/airflow/dags/batch_pipeline_dag.py for tasks to queue
[2026-04-24T13:48:38.969+0000] {logging_mixin.py:188} INFO - [2026-04-24T13:48:38.969+0000] {dagbag.py:538} INFO - Filling up the DagBag from /opt/airflow/dags/batch_pipeline_dag.py
[2026-04-24T13:48:38.987+0000] {processor.py:840} INFO - DAG(s) 'batch_pipeline' retrieved from /opt/airflow/dags/batch_pipeline_dag.py
[2026-04-24T13:48:39.024+0000] {logging_mixin.py:188} INFO - [2026-04-24T13:48:39.023+0000] {dag.py:3036} INFO - Sync 1 DAGs
[2026-04-24T13:48:39.086+0000] {logging_mixin.py:188} INFO - [2026-04-24T13:48:39.085+0000] {dag.py:3823} INFO - Setting next_dagrun for batch_pipeline to 2026-04-24 13:46:00+00:00, run_after=2026-04-24 13:48:00+00:00
[2026-04-24T13:48:39.113+0000] {processor.py:183} INFO - Processing /opt/airflow/dags/batch_pipeline_dag.py took 0.152 seconds
[2026-04-24T13:49:09.340+0000] {processor.py:161} INFO - Started process (PID=59) to work on /opt/airflow/dags/batch_pipeline_dag.py
[2026-04-24T13:49:09.343+0000] {processor.py:830} INFO - Processing file /opt/airflow/dags/batch_pipeline_dag.py for tasks to queue
[2026-04-24T13:49:09.345+0000] {logging_mixin.py:188} INFO - [2026-04-24T13:49:09.344+0000] {dagbag.py:538} INFO - Filling up the DagBag from /opt/airflow/dags/batch_pipeline_dag.py
[2026-04-24T13:49:09.362+0000] {processor.py:840} INFO - DAG(s) 'batch_pipeline' retrieved from /opt/airflow/dags/batch_pipeline_dag.py
[2026-04-24T13:49:09.375+0000] {logging_mixin.py:188} INFO - [2026-04-24T13:49:09.375+0000] {dag.py:3036} INFO - Sync 1 DAGs
[2026-04-24T13:49:09.410+0000] {logging_mixin.py:188} INFO - [2026-04-24T13:49:09.410+0000] {dag.py:3823} INFO - Setting next_dagrun for batch_pipeline to 2026-04-24 13:46:00+00:00, run_after=2026-04-24 13:48:00+00:00
[2026-04-24T13:49:09.441+0000] {processor.py:183} INFO - Processing /opt/airflow/dags/batch_pipeline_dag.py took 0.105 seconds
[2026-04-24T13:49:39.546+0000] {processor.py:161} INFO - Started process (PID=72) to work on /opt/airflow/dags/batch_pipeline_dag.py
[2026-04-24T13:49:39.547+0000] {processor.py:830} INFO - Processing file /opt/airflow/dags/batch_pipeline_dag.py for tasks to queue
[2026-04-24T13:49:39.550+0000] {logging_mixin.py:188} INFO - [2026-04-24T13:49:39.549+0000] {dagbag.py:538} INFO - Filling up the DagBag from /opt/airflow/dags/batch_pipeline_dag.py
[2026-04-24T13:49:39.564+0000] {processor.py:840} INFO - DAG(s) 'batch_pipeline' retrieved from /opt/airflow/dags/batch_pipeline_dag.py
[2026-04-24T13:49:39.726+0000] {logging_mixin.py:188} INFO - [2026-04-24T13:49:39.725+0000] {dag.py:3036} INFO - Sync 1 DAGs
[2026-04-24T13:49:39.758+0000] {logging_mixin.py:188} INFO - [2026-04-24T13:49:39.758+0000] {dag.py:3823} INFO - Setting next_dagrun for batch_pipeline to 2026-04-24 13:48:00+00:00, run_after=2026-04-24 13:50:00+00:00
[2026-04-24T13:49:39.790+0000] {processor.py:183} INFO - Processing /opt/airflow/dags/batch_pipeline_dag.py took 0.247 seconds
[2026-04-24T13:50:09.852+0000] {processor.py:161} INFO - Started process (PID=73) to work on /opt/airflow/dags/batch_pipeline_dag.py
[2026-04-24T13:50:09.855+0000] {processor.py:830} INFO - Processing file /opt/airflow/dags/batch_pipeline_dag.py for tasks to queue
[2026-04-24T13:50:09.857+0000] {logging_mixin.py:188} INFO - [2026-04-24T13:50:09.857+0000] {dagbag.py:538} INFO - Filling up the DagBag from /opt/airflow/dags/batch_pipeline_dag.py
[2026-04-24T13:50:09.873+0000] {processor.py:840} INFO - DAG(s) 'batch_pipeline' retrieved from /opt/airflow/dags/batch_pipeline_dag.py
[2026-04-24T13:50:09.905+0000] {logging_mixin.py:188} INFO - [2026-04-24T13:50:09.905+0000] {dag.py:3036} INFO - Sync 1 DAGs
[2026-04-24T13:50:09.942+0000] {logging_mixin.py:188} INFO - [2026-04-24T13:50:09.941+0000] {dag.py:3823} INFO - Setting next_dagrun for batch_pipeline to 2026-04-24 13:50:00+00:00, run_after=2026-04-24 13:52:00+00:00
[2026-04-24T13:50:09.973+0000] {processor.py:183} INFO - Processing /opt/airflow/dags/batch_pipeline_dag.py took 0.125 seconds
[2026-04-24T13:50:40.070+0000] {processor.py:161} INFO - Started process (PID=74) to work on /opt/airflow/dags/batch_pipeline_dag.py
[2026-04-24T13:50:40.071+0000] {processor.py:830} INFO - Processing file /opt/airflow/dags/batch_pipeline_dag.py for tasks to queue
[2026-04-24T13:50:40.073+0000] {logging_mixin.py:188} INFO - [2026-04-24T13:50:40.072+0000] {dagbag.py:538} INFO - Filling up the DagBag from /opt/airflow/dags/batch_pipeline_dag.py
[2026-04-24T13:50:40.086+0000] {processor.py:840} INFO - DAG(s) 'batch_pipeline' retrieved from /opt/airflow/dags/batch_pipeline_dag.py
[2026-04-24T13:50:40.114+0000] {logging_mixin.py:188} INFO - [2026-04-24T13:50:40.113+0000] {dag.py:3036} INFO - Sync 1 DAGs
[2026-04-24T13:50:40.143+0000] {logging_mixin.py:188} INFO - [2026-04-24T13:50:40.142+0000] {dag.py:3823} INFO - Setting next_dagrun for batch_pipeline to 2026-04-24 13:50:00+00:00, run_after=2026-04-24 13:52:00+00:00
[2026-04-24T13:50:40.171+0000] {processor.py:183} INFO - Processing /opt/airflow/dags/batch_pipeline_dag.py took 0.105 seconds
[2026-04-24T13:51:10.371+0000] {processor.py:161} INFO - Started process (PID=75) to work on /opt/airflow/dags/batch_pipeline_dag.py
[2026-04-24T13:51:10.372+0000] {processor.py:830} INFO - Processing file /opt/airflow/dags/batch_pipeline_dag.py for tasks to queue
[2026-04-24T13:51:10.374+0000] {logging_mixin.py:188} INFO - [2026-04-24T13:51:10.374+0000] {dagbag.py:538} INFO - Filling up the DagBag from /opt/airflow/dags/batch_pipeline_dag.py
[2026-04-24T13:51:10.390+0000] {processor.py:840} INFO - DAG(s) 'batch_pipeline' retrieved from /opt/airflow/dags/batch_pipeline_dag.py
[2026-04-24T13:51:10.423+0000] {logging_mixin.py:188} INFO - [2026-04-24T13:51:10.423+0000] {dag.py:3036} INFO - Sync 1 DAGs
[2026-04-24T13:51:10.460+0000] {logging_mixin.py:188} INFO - [2026-04-24T13:51:10.460+0000] {dag.py:3823} INFO - Setting next_dagrun for batch_pipeline to 2026-04-24 13:50:00+00:00, run_after=2026-04-24 13:52:00+00:00
[2026-04-24T13:51:10.491+0000] {processor.py:183} INFO - Processing /opt/airflow/dags/batch_pipeline_dag.py took 0.127 seconds
[2026-04-24T13:51:40.590+0000] {processor.py:161} INFO - Started process (PID=76) to work on /opt/airflow/dags/batch_pipeline_dag.py
[2026-04-24T13:51:40.591+0000] {processor.py:830} INFO - Processing file /opt/airflow/dags/batch_pipeline_dag.py for tasks to queue
[2026-04-24T13:51:40.593+0000] {logging_mixin.py:188} INFO - [2026-04-24T13:51:40.592+0000] {dagbag.py:538} INFO - Filling up the DagBag from /opt/airflow/dags/batch_pipeline_dag.py
[2026-04-24T13:51:40.611+0000] {processor.py:840} INFO - DAG(s) 'batch_pipeline' retrieved from /opt/airflow/dags/batch_pipeline_dag.py
[2026-04-24T13:51:40.648+0000] {logging_mixin.py:188} INFO - [2026-04-24T13:51:40.647+0000] {dag.py:3036} INFO - Sync 1 DAGs
[2026-04-24T13:51:40.697+0000] {logging_mixin.py:188} INFO - [2026-04-24T13:51:40.696+0000] {dag.py:3823} INFO - Setting next_dagrun for batch_pipeline to 2026-04-24 13:50:00+00:00, run_after=2026-04-24 13:52:00+00:00
[2026-04-24T13:51:40.731+0000] {processor.py:183} INFO - Processing /opt/airflow/dags/batch_pipeline_dag.py took 0.147 seconds
[2026-04-24T13:52:10.942+0000] {processor.py:161} INFO - Started process (PID=77) to work on /opt/airflow/dags/batch_pipeline_dag.py
[2026-04-24T13:52:10.945+0000] {processor.py:830} INFO - Processing file /opt/airflow/dags/batch_pipeline_dag.py for tasks to queue
[2026-04-24T13:52:10.949+0000] {logging_mixin.py:188} INFO - [2026-04-24T13:52:10.947+0000] {dagbag.py:538} INFO - Filling up the DagBag from /opt/airflow/dags/batch_pipeline_dag.py
[2026-04-24T13:52:10.975+0000] {processor.py:840} INFO - DAG(s) 'batch_pipeline' retrieved from /opt/airflow/dags/batch_pipeline_dag.py
[2026-04-24T13:52:11.137+0000] {logging_mixin.py:188} INFO - [2026-04-24T13:52:11.137+0000] {dag.py:3036} INFO - Sync 1 DAGs
[2026-04-24T13:52:11.229+0000] {logging_mixin.py:188} INFO - [2026-04-24T13:52:11.228+0000] {dag.py:3823} INFO - Setting next_dagrun for batch_pipeline to 2026-04-24 13:52:00+00:00, run_after=2026-04-24 13:54:00+00:00
[2026-04-24T13:52:11.298+0000] {processor.py:183} INFO - Processing /opt/airflow/dags/batch_pipeline_dag.py took 0.361 seconds
[2026-04-24T13:52:41.573+0000] {processor.py:161} INFO - Started process (PID=88) to work on /opt/airflow/dags/batch_pipeline_dag.py
[2026-04-24T13:52:41.575+0000] {processor.py:830} INFO - Processing file /opt/airflow/dags/batch_pipeline_dag.py for tasks to queue
[2026-04-24T13:52:41.578+0000] {logging_mixin.py:188} INFO - [2026-04-24T13:52:41.577+0000] {dagbag.py:538} INFO - Filling up the DagBag from /opt/airflow/dags/batch_pipeline_dag.py
[2026-04-24T13:52:41.614+0000] {processor.py:840} INFO - DAG(s) 'batch_pipeline' retrieved from /opt/airflow/dags/batch_pipeline_dag.py
[2026-04-24T13:52:41.696+0000] {logging_mixin.py:188} INFO - [2026-04-24T13:52:41.696+0000] {dag.py:3036} INFO - Sync 1 DAGs
[2026-04-24T13:52:41.777+0000] {logging_mixin.py:188} INFO - [2026-04-24T13:52:41.777+0000] {dag.py:3823} INFO - Setting next_dagrun for batch_pipeline to 2026-04-24 13:52:00+00:00, run_after=2026-04-24 13:54:00+00:00
[2026-04-24T13:52:41.814+0000] {processor.py:183} INFO - Processing /opt/airflow/dags/batch_pipeline_dag.py took 0.253 seconds
[2026-04-24T13:53:12.020+0000] {processor.py:161} INFO - Started process (PID=89) to work on /opt/airflow/dags/batch_pipeline_dag.py
[2026-04-24T13:53:12.023+0000] {processor.py:830} INFO - Processing file /opt/airflow/dags/batch_pipeline_dag.py for tasks to queue
[2026-04-24T13:53:12.026+0000] {logging_mixin.py:188} INFO - [2026-04-24T13:53:12.026+0000] {dagbag.py:538} INFO - Filling up the DagBag from /opt/airflow/dags/batch_pipeline_dag.py
[2026-04-24T13:53:12.044+0000] {processor.py:840} INFO - DAG(s) 'batch_pipeline' retrieved from /opt/airflow/dags/batch_pipeline_dag.py
[2026-04-24T13:53:12.085+0000] {logging_mixin.py:188} INFO - [2026-04-24T13:53:12.085+0000] {dag.py:3036} INFO - Sync 1 DAGs
[2026-04-24T13:53:12.121+0000] {logging_mixin.py:188} INFO - [2026-04-24T13:53:12.121+0000] {dag.py:3823} INFO - Setting next_dagrun for batch_pipeline to 2026-04-24 13:52:00+00:00, run_after=2026-04-24 13:54:00+00:00
[2026-04-24T13:53:12.150+0000] {processor.py:183} INFO - Processing /opt/airflow/dags/batch_pipeline_dag.py took 0.134 seconds
[2026-04-24T13:53:42.223+0000] {processor.py:161} INFO - Started process (PID=90) to work on /opt/airflow/dags/batch_pipeline_dag.py
[2026-04-24T13:53:42.225+0000] {processor.py:830} INFO - Processing file /opt/airflow/dags/batch_pipeline_dag.py for tasks to queue
[2026-04-24T13:53:42.229+0000] {logging_mixin.py:188} INFO - [2026-04-24T13:53:42.228+0000] {dagbag.py:538} INFO - Filling up the DagBag from /opt/airflow/dags/batch_pipeline_dag.py
[2026-04-24T13:53:42.248+0000] {processor.py:840} INFO - DAG(s) 'batch_pipeline' retrieved from /opt/airflow/dags/batch_pipeline_dag.py
[2026-04-24T13:53:42.282+0000] {logging_mixin.py:188} INFO - [2026-04-24T13:53:42.281+0000] {dag.py:3036} INFO - Sync 1 DAGs
[2026-04-24T13:53:42.316+0000] {logging_mixin.py:188} INFO - [2026-04-24T13:53:42.316+0000] {dag.py:3823} INFO - Setting next_dagrun for batch_pipeline to 2026-04-24 13:52:00+00:00, run_after=2026-04-24 13:54:00+00:00
[2026-04-24T13:53:42.344+0000] {processor.py:183} INFO - Processing /opt/airflow/dags/batch_pipeline_dag.py took 0.125 seconds
[2026-04-24T13:54:12.557+0000] {processor.py:161} INFO - Started process (PID=91) to work on /opt/airflow/dags/batch_pipeline_dag.py
[2026-04-24T13:54:12.561+0000] {processor.py:830} INFO - Processing file /opt/airflow/dags/batch_pipeline_dag.py for tasks to queue
[2026-04-24T13:54:12.564+0000] {logging_mixin.py:188} INFO - [2026-04-24T13:54:12.563+0000] {dagbag.py:538} INFO - Filling up the DagBag from /opt/airflow/dags/batch_pipeline_dag.py
[2026-04-24T13:54:12.580+0000] {processor.py:840} INFO - DAG(s) 'batch_pipeline' retrieved from /opt/airflow/dags/batch_pipeline_dag.py
[2026-04-24T13:54:12.613+0000] {logging_mixin.py:188} INFO - [2026-04-24T13:54:12.612+0000] {dag.py:3036} INFO - Sync 1 DAGs
[2026-04-24T13:54:12.650+0000] {logging_mixin.py:188} INFO - [2026-04-24T13:54:12.650+0000] {dag.py:3823} INFO - Setting next_dagrun for batch_pipeline to 2026-04-24 13:54:00+00:00, run_after=2026-04-24 13:56:00+00:00
[2026-04-24T13:54:12.682+0000] {processor.py:183} INFO - Processing /opt/airflow/dags/batch_pipeline_dag.py took 0.129 seconds
[2026-04-24T13:54:42.792+0000] {processor.py:161} INFO - Started process (PID=92) to work on /opt/airflow/dags/batch_pipeline_dag.py
[2026-04-24T13:54:42.793+0000] {processor.py:830} INFO - Processing file /opt/airflow/dags/batch_pipeline_dag.py for tasks to queue
[2026-04-24T13:54:42.796+0000] {logging_mixin.py:188} INFO - [2026-04-24T13:54:42.795+0000] {dagbag.py:538} INFO - Filling up the DagBag from /opt/airflow/dags/batch_pipeline_dag.py
[2026-04-24T13:54:42.811+0000] {processor.py:840} INFO - DAG(s) 'batch_pipeline' retrieved from /opt/airflow/dags/batch_pipeline_dag.py
[2026-04-24T13:54:42.842+0000] {logging_mixin.py:188} INFO - [2026-04-24T13:54:42.842+0000] {dag.py:3036} INFO - Sync 1 DAGs
[2026-04-24T13:54:42.882+0000] {logging_mixin.py:188} INFO - [2026-04-24T13:54:42.881+0000] {dag.py:3823} INFO - Setting next_dagrun for batch_pipeline to 2026-04-24 13:54:00+00:00, run_after=2026-04-24 13:56:00+00:00
[2026-04-24T13:54:42.913+0000] {processor.py:183} INFO - Processing /opt/airflow/dags/batch_pipeline_dag.py took 0.126 seconds
[2026-04-24T13:55:13.100+0000] {processor.py:161} INFO - Started process (PID=93) to work on /opt/airflow/dags/batch_pipeline_dag.py
[2026-04-24T13:55:13.103+0000] {processor.py:830} INFO - Processing file /opt/airflow/dags/batch_pipeline_dag.py for tasks to queue
[2026-04-24T13:55:13.106+0000] {logging_mixin.py:188} INFO - [2026-04-24T13:55:13.106+0000] {dagbag.py:538} INFO - Filling up the DagBag from /opt/airflow/dags/batch_pipeline_dag.py
[2026-04-24T13:55:13.121+0000] {processor.py:840} INFO - DAG(s) 'batch_pipeline' retrieved from /opt/airflow/dags/batch_pipeline_dag.py
[2026-04-24T13:55:13.152+0000] {logging_mixin.py:188} INFO - [2026-04-24T13:55:13.152+0000] {dag.py:3036} INFO - Sync 1 DAGs
[2026-04-24T13:55:13.191+0000] {logging_mixin.py:188} INFO - [2026-04-24T13:55:13.191+0000] {dag.py:3823} INFO - Setting next_dagrun for batch_pipeline to 2026-04-24 13:54:00+00:00, run_after=2026-04-24 13:56:00+00:00
[2026-04-24T13:55:13.216+0000] {processor.py:183} INFO - Processing /opt/airflow/dags/batch_pipeline_dag.py took 0.120 seconds
[2026-04-24T13:55:43.311+0000] {processor.py:161} INFO - Started process (PID=94) to work on /opt/airflow/dags/batch_pipeline_dag.py
[2026-04-24T13:55:43.313+0000] {processor.py:830} INFO - Processing file /opt/airflow/dags/batch_pipeline_dag.py for tasks to queue
[2026-04-24T13:55:43.316+0000] {logging_mixin.py:188} INFO - [2026-04-24T13:55:43.315+0000] {dagbag.py:538} INFO - Filling up the DagBag from /opt/airflow/dags/batch_pipeline_dag.py
[2026-04-24T13:55:43.332+0000] {processor.py:840} INFO - DAG(s) 'batch_pipeline' retrieved from /opt/airflow/dags/batch_pipeline_dag.py
[2026-04-24T13:55:43.364+0000] {logging_mixin.py:188} INFO - [2026-04-24T13:55:43.364+0000] {dag.py:3036} INFO - Sync 1 DAGs
[2026-04-24T13:55:43.401+0000] {logging_mixin.py:188} INFO - [2026-04-24T13:55:43.400+0000] {dag.py:3823} INFO - Setting next_dagrun for batch_pipeline to 2026-04-24 13:54:00+00:00, run_after=2026-04-24 13:56:00+00:00
[2026-04-24T13:55:43.429+0000] {processor.py:183} INFO - Processing /opt/airflow/dags/batch_pipeline_dag.py took 0.123 seconds
[2026-04-24T13:56:13.651+0000] {processor.py:161} INFO - Started process (PID=95) to work on /opt/airflow/dags/batch_pipeline_dag.py
[2026-04-24T13:56:13.652+0000] {processor.py:830} INFO - Processing file /opt/airflow/dags/batch_pipeline_dag.py for tasks to queue
[2026-04-24T13:56:13.657+0000] {logging_mixin.py:188} INFO - [2026-04-24T13:56:13.656+0000] {dagbag.py:538} INFO - Filling up the DagBag from /opt/airflow/dags/batch_pipeline_dag.py
[2026-04-24T13:56:13.686+0000] {processor.py:840} INFO - DAG(s) 'batch_pipeline' retrieved from /opt/airflow/dags/batch_pipeline_dag.py
[2026-04-24T13:56:13.736+0000] {logging_mixin.py:188} INFO - [2026-04-24T13:56:13.735+0000] {dag.py:3036} INFO - Sync 1 DAGs
[2026-04-24T13:56:13.787+0000] {logging_mixin.py:188} INFO - [2026-04-24T13:56:13.787+0000] {dag.py:3823} INFO - Setting next_dagrun for batch_pipeline to 2026-04-24 13:56:00+00:00, run_after=2026-04-24 13:58:00+00:00
[2026-04-24T13:56:13.827+0000] {processor.py:183} INFO - Processing /opt/airflow/dags/batch_pipeline_dag.py took 0.192 seconds
[2026-04-24T13:56:43.870+0000] {processor.py:161} INFO - Started process (PID=96) to work on /opt/airflow/dags/batch_pipeline_dag.py
[2026-04-24T13:56:43.872+0000] {processor.py:830} INFO - Processing file /opt/airflow/dags/batch_pipeline_dag.py for tasks to queue
[2026-04-24T13:56:43.874+0000] {logging_mixin.py:188} INFO - [2026-04-24T13:56:43.874+0000] {dagbag.py:538} INFO - Filling up the DagBag from /opt/airflow/dags/batch_pipeline_dag.py
[2026-04-24T13:56:43.891+0000] {processor.py:840} INFO - DAG(s) 'batch_pipeline' retrieved from /opt/airflow/dags/batch_pipeline_dag.py
[2026-04-24T13:56:43.925+0000] {logging_mixin.py:188} INFO - [2026-04-24T13:56:43.924+0000] {dag.py:3036} INFO - Sync 1 DAGs
[2026-04-24T13:56:43.959+0000] {logging_mixin.py:188} INFO - [2026-04-24T13:56:43.959+0000] {dag.py:3823} INFO - Setting next_dagrun for batch_pipeline to 2026-04-24 13:56:00+00:00, run_after=2026-04-24 13:58:00+00:00
[2026-04-24T13:56:43.991+0000] {processor.py:183} INFO - Processing /opt/airflow/dags/batch_pipeline_dag.py took 0.126 seconds
[2026-04-24T13:57:14.086+0000] {processor.py:161} INFO - Started process (PID=97) to work on /opt/airflow/dags/batch_pipeline_dag.py
[2026-04-24T13:57:14.087+0000] {processor.py:830} INFO - Processing file /opt/airflow/dags/batch_pipeline_dag.py for tasks to queue
[2026-04-24T13:57:14.089+0000] {logging_mixin.py:188} INFO - [2026-04-24T13:57:14.089+0000] {dagbag.py:538} INFO - Filling up the DagBag from /opt/airflow/dags/batch_pipeline_dag.py
[2026-04-24T13:57:14.105+0000] {processor.py:840} INFO - DAG(s) 'batch_pipeline' retrieved from /opt/airflow/dags/batch_pipeline_dag.py
[2026-04-24T13:57:14.143+0000] {logging_mixin.py:188} INFO - [2026-04-24T13:57:14.143+0000] {dag.py:3036} INFO - Sync 1 DAGs
[2026-04-24T13:57:14.189+0000] {logging_mixin.py:188} INFO - [2026-04-24T13:57:14.189+0000] {dag.py:3823} INFO - Setting next_dagrun for batch_pipeline to 2026-04-24 13:56:00+00:00, run_after=2026-04-24 13:58:00+00:00
[2026-04-24T13:57:14.216+0000] {processor.py:183} INFO - Processing /opt/airflow/dags/batch_pipeline_dag.py took 0.136 seconds
[2026-04-24T13:57:44.436+0000] {processor.py:161} INFO - Started process (PID=98) to work on /opt/airflow/dags/batch_pipeline_dag.py
[2026-04-24T13:57:44.440+0000] {processor.py:830} INFO - Processing file /opt/airflow/dags/batch_pipeline_dag.py for tasks to queue
[2026-04-24T13:57:44.443+0000] {logging_mixin.py:188} INFO - [2026-04-24T13:57:44.442+0000] {dagbag.py:538} INFO - Filling up the DagBag from /opt/airflow/dags/batch_pipeline_dag.py
[2026-04-24T13:57:44.461+0000] {processor.py:840} INFO - DAG(s) 'batch_pipeline' retrieved from /opt/airflow/dags/batch_pipeline_dag.py
[2026-04-24T13:57:44.496+0000] {logging_mixin.py:188} INFO - [2026-04-24T13:57:44.495+0000] {dag.py:3036} INFO - Sync 1 DAGs
[2026-04-24T13:57:44.555+0000] {logging_mixin.py:188} INFO - [2026-04-24T13:57:44.555+0000] {dag.py:3823} INFO - Setting next_dagrun for batch_pipeline to 2026-04-24 13:56:00+00:00, run_after=2026-04-24 13:58:00+00:00
[2026-04-24T13:57:44.608+0000] {processor.py:183} INFO - Processing /opt/airflow/dags/batch_pipeline_dag.py took 0.178 seconds
[2026-04-24T13:58:14.657+0000] {processor.py:161} INFO - Started process (PID=99) to work on /opt/airflow/dags/batch_pipeline_dag.py
[2026-04-24T13:58:14.658+0000] {processor.py:830} INFO - Processing file /opt/airflow/dags/batch_pipeline_dag.py for tasks to queue
[2026-04-24T13:58:14.660+0000] {logging_mixin.py:188} INFO - [2026-04-24T13:58:14.659+0000] {dagbag.py:538} INFO - Filling up the DagBag from /opt/airflow/dags/batch_pipeline_dag.py
[2026-04-24T13:58:14.676+0000] {processor.py:840} INFO - DAG(s) 'batch_pipeline' retrieved from /opt/airflow/dags/batch_pipeline_dag.py
[2026-04-24T13:58:14.715+0000] {logging_mixin.py:188} INFO - [2026-04-24T13:58:14.715+0000] {dag.py:3036} INFO - Sync 1 DAGs
[2026-04-24T13:58:14.752+0000] {logging_mixin.py:188} INFO - [2026-04-24T13:58:14.751+0000] {dag.py:3823} INFO - Setting next_dagrun for batch_pipeline to 2026-04-24 13:58:00+00:00, run_after=2026-04-24 14:00:00+00:00
[2026-04-24T13:58:14.776+0000] {processor.py:183} INFO - Processing /opt/airflow/dags/batch_pipeline_dag.py took 0.123 seconds
[2026-04-24T13:58:44.873+0000] {processor.py:161} INFO - Started process (PID=100) to work on /opt/airflow/dags/batch_pipeline_dag.py
[2026-04-24T13:58:44.876+0000] {processor.py:830} INFO - Processing file /opt/airflow/dags/batch_pipeline_dag.py for tasks to queue
[2026-04-24T13:58:44.878+0000] {logging_mixin.py:188} INFO - [2026-04-24T13:58:44.877+0000] {dagbag.py:538} INFO - Filling up the DagBag from /opt/airflow/dags/batch_pipeline_dag.py
[2026-04-24T13:58:44.898+0000] {processor.py:840} INFO - DAG(s) 'batch_pipeline' retrieved from /opt/airflow/dags/batch_pipeline_dag.py
[2026-04-24T13:58:44.939+0000] {logging_mixin.py:188} INFO - [2026-04-24T13:58:44.938+0000] {dag.py:3036} INFO - Sync 1 DAGs
[2026-04-24T13:58:44.987+0000] {logging_mixin.py:188} INFO - [2026-04-24T13:58:44.986+0000] {dag.py:3823} INFO - Setting next_dagrun for batch_pipeline to 2026-04-24 13:58:00+00:00, run_after=2026-04-24 14:00:00+00:00
[2026-04-24T13:58:45.018+0000] {processor.py:183} INFO - Processing /opt/airflow/dags/batch_pipeline_dag.py took 0.150 seconds
[2026-04-24T13:59:15.197+0000] {processor.py:161} INFO - Started process (PID=101) to work on /opt/airflow/dags/batch_pipeline_dag.py
[2026-04-24T13:59:15.199+0000] {processor.py:830} INFO - Processing file /opt/airflow/dags/batch_pipeline_dag.py for tasks to queue
[2026-04-24T13:59:15.202+0000] {logging_mixin.py:188} INFO - [2026-04-24T13:59:15.201+0000] {dagbag.py:538} INFO - Filling up the DagBag from /opt/airflow/dags/batch_pipeline_dag.py
[2026-04-24T13:59:15.223+0000] {processor.py:840} INFO - DAG(s) 'batch_pipeline' retrieved from /opt/airflow/dags/batch_pipeline_dag.py
[2026-04-24T13:59:15.259+0000] {logging_mixin.py:188} INFO - [2026-04-24T13:59:15.259+0000] {dag.py:3036} INFO - Sync 1 DAGs
[2026-04-24T13:59:15.303+0000] {logging_mixin.py:188} INFO - [2026-04-24T13:59:15.302+0000] {dag.py:3823} INFO - Setting next_dagrun for batch_pipeline to 2026-04-24 13:58:00+00:00, run_after=2026-04-24 14:00:00+00:00
[2026-04-24T13:59:15.334+0000] {processor.py:183} INFO - Processing /opt/airflow/dags/batch_pipeline_dag.py took 0.140 seconds
[2026-04-24T13:59:45.424+0000] {processor.py:161} INFO - Started process (PID=102) to work on /opt/airflow/dags/batch_pipeline_dag.py
[2026-04-24T13:59:45.426+0000] {processor.py:830} INFO - Processing file /opt/airflow/dags/batch_pipeline_dag.py for tasks to queue
[2026-04-24T13:59:45.431+0000] {logging_mixin.py:188} INFO - [2026-04-24T13:59:45.430+0000] {dagbag.py:538} INFO - Filling up the DagBag from /opt/airflow/dags/batch_pipeline_dag.py
[2026-04-24T13:59:45.452+0000] {processor.py:840} INFO - DAG(s) 'batch_pipeline' retrieved from /opt/airflow/dags/batch_pipeline_dag.py
[2026-04-24T13:59:45.489+0000] {logging_mixin.py:188} INFO - [2026-04-24T13:59:45.489+0000] {dag.py:3036} INFO - Sync 1 DAGs
[2026-04-24T13:59:45.532+0000] {logging_mixin.py:188} INFO - [2026-04-24T13:59:45.532+0000] {dag.py:3823} INFO - Setting next_dagrun for batch_pipeline to 2026-04-24 13:58:00+00:00, run_after=2026-04-24 14:00:00+00:00
[2026-04-24T13:59:45.569+0000] {processor.py:183} INFO - Processing /opt/airflow/dags/batch_pipeline_dag.py took 0.149 seconds
[2026-04-24T14:00:15.759+0000] {processor.py:161} INFO - Started process (PID=103) to work on /opt/airflow/dags/batch_pipeline_dag.py
[2026-04-24T14:00:15.761+0000] {processor.py:830} INFO - Processing file /opt/airflow/dags/batch_pipeline_dag.py for tasks to queue
[2026-04-24T14:00:15.764+0000] {logging_mixin.py:188} INFO - [2026-04-24T14:00:15.763+0000] {dagbag.py:538} INFO - Filling up the DagBag from /opt/airflow/dags/batch_pipeline_dag.py
[2026-04-24T14:00:15.783+0000] {processor.py:840} INFO - DAG(s) 'batch_pipeline' retrieved from /opt/airflow/dags/batch_pipeline_dag.py
[2026-04-24T14:00:15.818+0000] {logging_mixin.py:188} INFO - [2026-04-24T14:00:15.817+0000] {dag.py:3036} INFO - Sync 1 DAGs
[2026-04-24T14:00:15.859+0000] {logging_mixin.py:188} INFO - [2026-04-24T14:00:15.858+0000] {dag.py:3823} INFO - Setting next_dagrun for batch_pipeline to 2026-04-24 14:00:00+00:00, run_after=2026-04-24 14:02:00+00:00
[2026-04-24T14:00:15.892+0000] {processor.py:183} INFO - Processing /opt/airflow/dags/batch_pipeline_dag.py took 0.136 seconds
[2026-04-24T14:00:45.970+0000] {processor.py:161} INFO - Started process (PID=104) to work on /opt/airflow/dags/batch_pipeline_dag.py
[2026-04-24T14:00:45.973+0000] {processor.py:830} INFO - Processing file /opt/airflow/dags/batch_pipeline_dag.py for tasks to queue
[2026-04-24T14:00:45.976+0000] {logging_mixin.py:188} INFO - [2026-04-24T14:00:45.976+0000] {dagbag.py:538} INFO - Filling up the DagBag from /opt/airflow/dags/batch_pipeline_dag.py
[2026-04-24T14:00:46.008+0000] {processor.py:840} INFO - DAG(s) 'batch_pipeline' retrieved from /opt/airflow/dags/batch_pipeline_dag.py
[2026-04-24T14:00:46.060+0000] {logging_mixin.py:188} INFO - [2026-04-24T14:00:46.060+0000] {dag.py:3036} INFO - Sync 1 DAGs
[2026-04-24T14:00:46.134+0000] {logging_mixin.py:188} INFO - [2026-04-24T14:00:46.134+0000] {dag.py:3823} INFO - Setting next_dagrun for batch_pipeline to 2026-04-24 14:00:00+00:00, run_after=2026-04-24 14:02:00+00:00
[2026-04-24T14:00:46.177+0000] {processor.py:183} INFO - Processing /opt/airflow/dags/batch_pipeline_dag.py took 0.216 seconds
[2026-04-24T14:01:16.335+0000] {processor.py:161} INFO - Started process (PID=105) to work on /opt/airflow/dags/batch_pipeline_dag.py
[2026-04-24T14:01:16.336+0000] {processor.py:830} INFO - Processing file /opt/airflow/dags/batch_pipeline_dag.py for tasks to queue
[2026-04-24T14:01:16.338+0000] {logging_mixin.py:188} INFO - [2026-04-24T14:01:16.338+0000] {dagbag.py:538} INFO - Filling up the DagBag from /opt/airflow/dags/batch_pipeline_dag.py
[2026-04-24T14:01:16.357+0000] {processor.py:840} INFO - DAG(s) 'batch_pipeline' retrieved from /opt/airflow/dags/batch_pipeline_dag.py
[2026-04-24T14:01:16.389+0000] {logging_mixin.py:188} INFO - [2026-04-24T14:01:16.388+0000] {dag.py:3036} INFO - Sync 1 DAGs
[2026-04-24T14:01:16.426+0000] {logging_mixin.py:188} INFO - [2026-04-24T14:01:16.425+0000] {dag.py:3823} INFO - Setting next_dagrun for batch_pipeline to 2026-04-24 14:00:00+00:00, run_after=2026-04-24 14:02:00+00:00
[2026-04-24T14:01:16.458+0000] {processor.py:183} INFO - Processing /opt/airflow/dags/batch_pipeline_dag.py took 0.126 seconds
[2026-04-24T14:01:46.566+0000] {processor.py:161} INFO - Started process (PID=106) to work on /opt/airflow/dags/batch_pipeline_dag.py
[2026-04-24T14:01:46.569+0000] {processor.py:830} INFO - Processing file /opt/airflow/dags/batch_pipeline_dag.py for tasks to queue
[2026-04-24T14:01:46.571+0000] {logging_mixin.py:188} INFO - [2026-04-24T14:01:46.571+0000] {dagbag.py:538} INFO - Filling up the DagBag from /opt/airflow/dags/batch_pipeline_dag.py
[2026-04-24T14:01:46.588+0000] {processor.py:840} INFO - DAG(s) 'batch_pipeline' retrieved from /opt/airflow/dags/batch_pipeline_dag.py
[2026-04-24T14:01:46.622+0000] {logging_mixin.py:188} INFO - [2026-04-24T14:01:46.622+0000] {dag.py:3036} INFO - Sync 1 DAGs
[2026-04-24T14:01:46.665+0000] {logging_mixin.py:188} INFO - [2026-04-24T14:01:46.664+0000] {dag.py:3823} INFO - Setting next_dagrun for batch_pipeline to 2026-04-24 14:00:00+00:00, run_after=2026-04-24 14:02:00+00:00
[2026-04-24T14:01:46.695+0000] {processor.py:183} INFO - Processing /opt/airflow/dags/batch_pipeline_dag.py took 0.132 seconds
[2026-04-24T14:02:16.841+0000] {processor.py:161} INFO - Started process (PID=107) to work on /opt/airflow/dags/batch_pipeline_dag.py
[2026-04-24T14:02:16.843+0000] {processor.py:830} INFO - Processing file /opt/airflow/dags/batch_pipeline_dag.py for tasks to queue
[2026-04-24T14:02:16.845+0000] {logging_mixin.py:188} INFO - [2026-04-24T14:02:16.845+0000] {dagbag.py:538} INFO - Filling up the DagBag from /opt/airflow/dags/batch_pipeline_dag.py
[2026-04-24T14:02:16.862+0000] {processor.py:840} INFO - DAG(s) 'batch_pipeline' retrieved from /opt/airflow/dags/batch_pipeline_dag.py
[2026-04-24T14:02:16.895+0000] {logging_mixin.py:188} INFO - [2026-04-24T14:02:16.895+0000] {dag.py:3036} INFO - Sync 1 DAGs
[2026-04-24T14:02:16.930+0000] {logging_mixin.py:188} INFO - [2026-04-24T14:02:16.930+0000] {dag.py:3823} INFO - Setting next_dagrun for batch_pipeline to 2026-04-24 14:02:00+00:00, run_after=2026-04-24 14:04:00+00:00
[2026-04-24T14:02:16.959+0000] {processor.py:183} INFO - Processing /opt/airflow/dags/batch_pipeline_dag.py took 0.122 seconds
[2026-04-24T14:02:47.083+0000] {processor.py:161} INFO - Started process (PID=108) to work on /opt/airflow/dags/batch_pipeline_dag.py
[2026-04-24T14:02:47.086+0000] {processor.py:830} INFO - Processing file /opt/airflow/dags/batch_pipeline_dag.py for tasks to queue
[2026-04-24T14:02:47.088+0000] {logging_mixin.py:188} INFO - [2026-04-24T14:02:47.087+0000] {dagbag.py:538} INFO - Filling up the DagBag from /opt/airflow/dags/batch_pipeline_dag.py
[2026-04-24T14:02:47.104+0000] {processor.py:840} INFO - DAG(s) 'batch_pipeline' retrieved from /opt/airflow/dags/batch_pipeline_dag.py
[2026-04-24T14:02:47.137+0000] {logging_mixin.py:188} INFO - [2026-04-24T14:02:47.137+0000] {dag.py:3036} INFO - Sync 1 DAGs
[2026-04-24T14:02:47.175+0000] {logging_mixin.py:188} INFO - [2026-04-24T14:02:47.174+0000] {dag.py:3823} INFO - Setting next_dagrun for batch_pipeline to 2026-04-24 14:02:00+00:00, run_after=2026-04-24 14:04:00+00:00
[2026-04-24T14:02:47.201+0000] {processor.py:183} INFO - Processing /opt/airflow/dags/batch_pipeline_dag.py took 0.121 seconds
[2026-04-24T14:03:17.314+0000] {processor.py:161} INFO - Started process (PID=109) to work on /opt/airflow/dags/batch_pipeline_dag.py
[2026-04-24T14:03:17.316+0000] {processor.py:830} INFO - Processing file /opt/airflow/dags/batch_pipeline_dag.py for tasks to queue
[2026-04-24T14:03:17.318+0000] {logging_mixin.py:188} INFO - [2026-04-24T14:03:17.317+0000] {dagbag.py:538} INFO - Filling up the DagBag from /opt/airflow/dags/batch_pipeline_dag.py
[2026-04-24T14:03:17.335+0000] {processor.py:840} INFO - DAG(s) 'batch_pipeline' retrieved from /opt/airflow/dags/batch_pipeline_dag.py
[2026-04-24T14:03:17.369+0000] {logging_mixin.py:188} INFO - [2026-04-24T14:03:17.369+0000] {dag.py:3036} INFO - Sync 1 DAGs
[2026-04-24T14:03:17.410+0000] {logging_mixin.py:188} INFO - [2026-04-24T14:03:17.409+0000] {dag.py:3823} INFO - Setting next_dagrun for batch_pipeline to 2026-04-24 14:02:00+00:00, run_after=2026-04-24 14:04:00+00:00
[2026-04-24T14:03:17.439+0000] {processor.py:183} INFO - Processing /opt/airflow/dags/batch_pipeline_dag.py took 0.129 seconds
[2026-04-24T14:03:47.601+0000] {processor.py:161} INFO - Started process (PID=110) to work on /opt/airflow/dags/batch_pipeline_dag.py
[2026-04-24T14:03:47.602+0000] {processor.py:830} INFO - Processing file /opt/airflow/dags/batch_pipeline_dag.py for tasks to queue
[2026-04-24T14:03:47.604+0000] {logging_mixin.py:188} INFO - [2026-04-24T14:03:47.603+0000] {dagbag.py:538} INFO - Filling up the DagBag from /opt/airflow/dags/batch_pipeline_dag.py
[2026-04-24T14:03:47.625+0000] {processor.py:840} INFO - DAG(s) 'batch_pipeline' retrieved from /opt/airflow/dags/batch_pipeline_dag.py
[2026-04-24T14:03:47.666+0000] {logging_mixin.py:188} INFO - [2026-04-24T14:03:47.666+0000] {dag.py:3036} INFO - Sync 1 DAGs
[2026-04-24T14:03:47.733+0000] {logging_mixin.py:188} INFO - [2026-04-24T14:03:47.732+0000] {dag.py:3823} INFO - Setting next_dagrun for batch_pipeline to 2026-04-24 14:02:00+00:00, run_after=2026-04-24 14:04:00+00:00
[2026-04-24T14:03:47.779+0000] {processor.py:183} INFO - Processing /opt/airflow/dags/batch_pipeline_dag.py took 0.182 seconds
[2026-04-24T14:04:17.821+0000] {processor.py:161} INFO - Started process (PID=111) to work on /opt/airflow/dags/batch_pipeline_dag.py
[2026-04-24T14:04:17.825+0000] {processor.py:830} INFO - Processing file /opt/airflow/dags/batch_pipeline_dag.py for tasks to queue
[2026-04-24T14:04:17.828+0000] {logging_mixin.py:188} INFO - [2026-04-24T14:04:17.827+0000] {dagbag.py:538} INFO - Filling up the DagBag from /opt/airflow/dags/batch_pipeline_dag.py
[2026-04-24T14:04:17.849+0000] {processor.py:840} INFO - DAG(s) 'batch_pipeline' retrieved from /opt/airflow/dags/batch_pipeline_dag.py
[2026-04-24T14:04:17.890+0000] {logging_mixin.py:188} INFO - [2026-04-24T14:04:17.889+0000] {dag.py:3036} INFO - Sync 1 DAGs
[2026-04-24T14:04:17.939+0000] {logging_mixin.py:188} INFO - [2026-04-24T14:04:17.939+0000] {dag.py:3823} INFO - Setting next_dagrun for batch_pipeline to 2026-04-24 14:04:00+00:00, run_after=2026-04-24 14:06:00+00:00
[2026-04-24T14:04:17.966+0000] {processor.py:183} INFO - Processing /opt/airflow/dags/batch_pipeline_dag.py took 0.151 seconds
[2026-04-24T14:04:48.056+0000] {processor.py:161} INFO - Started process (PID=112) to work on /opt/airflow/dags/batch_pipeline_dag.py
[2026-04-24T14:04:48.058+0000] {processor.py:830} INFO - Processing file /opt/airflow/dags/batch_pipeline_dag.py for tasks to queue
[2026-04-24T14:04:48.061+0000] {logging_mixin.py:188} INFO - [2026-04-24T14:04:48.060+0000] {dagbag.py:538} INFO - Filling up the DagBag from /opt/airflow/dags/batch_pipeline_dag.py
[2026-04-24T14:04:48.091+0000] {processor.py:840} INFO - DAG(s) 'batch_pipeline' retrieved from /opt/airflow/dags/batch_pipeline_dag.py
[2026-04-24T14:04:48.140+0000] {logging_mixin.py:188} INFO - [2026-04-24T14:04:48.139+0000] {dag.py:3036} INFO - Sync 1 DAGs
[2026-04-24T14:04:48.195+0000] {logging_mixin.py:188} INFO - [2026-04-24T14:04:48.195+0000] {dag.py:3823} INFO - Setting next_dagrun for batch_pipeline to 2026-04-24 14:04:00+00:00, run_after=2026-04-24 14:06:00+00:00
[2026-04-24T14:04:48.236+0000] {processor.py:183} INFO - Processing /opt/airflow/dags/batch_pipeline_dag.py took 0.188 seconds
[2026-04-24T14:05:18.412+0000] {processor.py:161} INFO - Started process (PID=113) to work on /opt/airflow/dags/batch_pipeline_dag.py
[2026-04-24T14:05:18.415+0000] {processor.py:830} INFO - Processing file /opt/airflow/dags/batch_pipeline_dag.py for tasks to queue
[2026-04-24T14:05:18.419+0000] {logging_mixin.py:188} INFO - [2026-04-24T14:05:18.419+0000] {dagbag.py:538} INFO - Filling up the DagBag from /opt/airflow/dags/batch_pipeline_dag.py
[2026-04-24T14:05:18.458+0000] {processor.py:840} INFO - DAG(s) 'batch_pipeline' retrieved from /opt/airflow/dags/batch_pipeline_dag.py
[2026-04-24T14:05:18.510+0000] {logging_mixin.py:188} INFO - [2026-04-24T14:05:18.509+0000] {dag.py:3036} INFO - Sync 1 DAGs
[2026-04-24T14:05:18.560+0000] {logging_mixin.py:188} INFO - [2026-04-24T14:05:18.560+0000] {dag.py:3823} INFO - Setting next_dagrun for batch_pipeline to 2026-04-24 14:04:00+00:00, run_after=2026-04-24 14:06:00+00:00
[2026-04-24T14:05:18.603+0000] {processor.py:183} INFO - Processing /opt/airflow/dags/batch_pipeline_dag.py took 0.198 seconds
[2026-04-24T14:05:48.649+0000] {processor.py:161} INFO - Started process (PID=114) to work on /opt/airflow/dags/batch_pipeline_dag.py
[2026-04-24T14:05:48.652+0000] {processor.py:830} INFO - Processing file /opt/airflow/dags/batch_pipeline_dag.py for tasks to queue
[2026-04-24T14:05:48.655+0000] {logging_mixin.py:188} INFO - [2026-04-24T14:05:48.654+0000] {dagbag.py:538} INFO - Filling up the DagBag from /opt/airflow/dags/batch_pipeline_dag.py
[2026-04-24T14:05:48.692+0000] {processor.py:840} INFO - DAG(s) 'batch_pipeline' retrieved from /opt/airflow/dags/batch_pipeline_dag.py
[2026-04-24T14:05:48.742+0000] {logging_mixin.py:188} INFO - [2026-04-24T14:05:48.742+0000] {dag.py:3036} INFO - Sync 1 DAGs
[2026-04-24T14:05:48.798+0000] {logging_mixin.py:188} INFO - [2026-04-24T14:05:48.797+0000] {dag.py:3823} INFO - Setting next_dagrun for batch_pipeline to 2026-04-24 14:04:00+00:00, run_after=2026-04-24 14:06:00+00:00
[2026-04-24T14:05:48.843+0000] {processor.py:183} INFO - Processing /opt/airflow/dags/batch_pipeline_dag.py took 0.199 seconds
[2026-04-24T14:06:19.016+0000] {processor.py:161} INFO - Started process (PID=115) to work on /opt/airflow/dags/batch_pipeline_dag.py
[2026-04-24T14:06:19.018+0000] {processor.py:830} INFO - Processing file /opt/airflow/dags/batch_pipeline_dag.py for tasks to queue
[2026-04-24T14:06:19.022+0000] {logging_mixin.py:188} INFO - [2026-04-24T14:06:19.021+0000] {dagbag.py:538} INFO - Filling up the DagBag from /opt/airflow/dags/batch_pipeline_dag.py
[2026-04-24T14:06:19.064+0000] {processor.py:840} INFO - DAG(s) 'batch_pipeline' retrieved from /opt/airflow/dags/batch_pipeline_dag.py
[2026-04-24T14:06:19.098+0000] {logging_mixin.py:188} INFO - [2026-04-24T14:06:19.098+0000] {dag.py:3036} INFO - Sync 1 DAGs
[2026-04-24T14:06:19.155+0000] {logging_mixin.py:188} INFO - [2026-04-24T14:06:19.155+0000] {dag.py:3823} INFO - Setting next_dagrun for batch_pipeline to 2026-04-24 14:06:00+00:00, run_after=2026-04-24 14:08:00+00:00
[2026-04-24T14:06:19.186+0000] {processor.py:183} INFO - Processing /opt/airflow/dags/batch_pipeline_dag.py took 0.174 seconds
[2026-04-24T14:06:49.275+0000] {processor.py:161} INFO - Started process (PID=116) to work on /opt/airflow/dags/batch_pipeline_dag.py
[2026-04-24T14:06:49.276+0000] {processor.py:830} INFO - Processing file /opt/airflow/dags/batch_pipeline_dag.py for tasks to queue
[2026-04-24T14:06:49.278+0000] {logging_mixin.py:188} INFO - [2026-04-24T14:06:49.277+0000] {dagbag.py:538} INFO - Filling up the DagBag from /opt/airflow/dags/batch_pipeline_dag.py
[2026-04-24T14:06:49.298+0000] {processor.py:840} INFO - DAG(s) 'batch_pipeline' retrieved from /opt/airflow/dags/batch_pipeline_dag.py
[2026-04-24T14:06:49.338+0000] {logging_mixin.py:188} INFO - [2026-04-24T14:06:49.337+0000] {dag.py:3036} INFO - Sync 1 DAGs
[2026-04-24T14:06:49.384+0000] {logging_mixin.py:188} INFO - [2026-04-24T14:06:49.383+0000] {dag.py:3823} INFO - Setting next_dagrun for batch_pipeline to 2026-04-24 14:06:00+00:00, run_after=2026-04-24 14:08:00+00:00
[2026-04-24T14:06:49.427+0000] {processor.py:183} INFO - Processing /opt/airflow/dags/batch_pipeline_dag.py took 0.159 seconds
[2026-04-24T14:07:19.586+0000] {processor.py:161} INFO - Started process (PID=117) to work on /opt/airflow/dags/batch_pipeline_dag.py
[2026-04-24T14:07:19.588+0000] {processor.py:830} INFO - Processing file /opt/airflow/dags/batch_pipeline_dag.py for tasks to queue
[2026-04-24T14:07:19.591+0000] {logging_mixin.py:188} INFO - [2026-04-24T14:07:19.590+0000] {dagbag.py:538} INFO - Filling up the DagBag from /opt/airflow/dags/batch_pipeline_dag.py
[2026-04-24T14:07:19.613+0000] {processor.py:840} INFO - DAG(s) 'batch_pipeline' retrieved from /opt/airflow/dags/batch_pipeline_dag.py
[2026-04-24T14:07:19.649+0000] {logging_mixin.py:188} INFO - [2026-04-24T14:07:19.649+0000] {dag.py:3036} INFO - Sync 1 DAGs
[2026-04-24T14:07:19.688+0000] {logging_mixin.py:188} INFO - [2026-04-24T14:07:19.688+0000] {dag.py:3823} INFO - Setting next_dagrun for batch_pipeline to 2026-04-24 14:06:00+00:00, run_after=2026-04-24 14:08:00+00:00
[2026-04-24T14:07:19.722+0000] {processor.py:183} INFO - Processing /opt/airflow/dags/batch_pipeline_dag.py took 0.140 seconds
[2026-04-24T14:07:49.837+0000] {processor.py:161} INFO - Started process (PID=118) to work on /opt/airflow/dags/batch_pipeline_dag.py
[2026-04-24T14:07:49.840+0000] {processor.py:830} INFO - Processing file /opt/airflow/dags/batch_pipeline_dag.py for tasks to queue
[2026-04-24T14:07:49.843+0000] {logging_mixin.py:188} INFO - [2026-04-24T14:07:49.842+0000] {dagbag.py:538} INFO - Filling up the DagBag from /opt/airflow/dags/batch_pipeline_dag.py
[2026-04-24T14:07:49.860+0000] {processor.py:840} INFO - DAG(s) 'batch_pipeline' retrieved from /opt/airflow/dags/batch_pipeline_dag.py
[2026-04-24T14:07:49.906+0000] {logging_mixin.py:188} INFO - [2026-04-24T14:07:49.906+0000] {dag.py:3036} INFO - Sync 1 DAGs
[2026-04-24T14:07:49.946+0000] {logging_mixin.py:188} INFO - [2026-04-24T14:07:49.946+0000] {dag.py:3823} INFO - Setting next_dagrun for batch_pipeline to 2026-04-24 14:06:00+00:00, run_after=2026-04-24 14:08:00+00:00
[2026-04-24T14:07:49.972+0000] {processor.py:183} INFO - Processing /opt/airflow/dags/batch_pipeline_dag.py took 0.139 seconds
[2026-04-24T14:08:20.163+0000] {processor.py:161} INFO - Started process (PID=119) to work on /opt/airflow/dags/batch_pipeline_dag.py
[2026-04-24T14:08:20.164+0000] {processor.py:830} INFO - Processing file /opt/airflow/dags/batch_pipeline_dag.py for tasks to queue
[2026-04-24T14:08:20.167+0000] {logging_mixin.py:188} INFO - [2026-04-24T14:08:20.166+0000] {dagbag.py:538} INFO - Filling up the DagBag from /opt/airflow/dags/batch_pipeline_dag.py
[2026-04-24T14:08:20.188+0000] {processor.py:840} INFO - DAG(s) 'batch_pipeline' retrieved from /opt/airflow/dags/batch_pipeline_dag.py
[2026-04-24T14:08:20.233+0000] {logging_mixin.py:188} INFO - [2026-04-24T14:08:20.232+0000] {dag.py:3036} INFO - Sync 1 DAGs
[2026-04-24T14:08:20.283+0000] {logging_mixin.py:188} INFO - [2026-04-24T14:08:20.283+0000] {dag.py:3823} INFO - Setting next_dagrun for batch_pipeline to 2026-04-24 14:08:00+00:00, run_after=2026-04-24 14:10:00+00:00
[2026-04-24T14:08:20.317+0000] {processor.py:183} INFO - Processing /opt/airflow/dags/batch_pipeline_dag.py took 0.162 seconds
[2026-04-24T14:08:50.404+0000] {processor.py:161} INFO - Started process (PID=120) to work on /opt/airflow/dags/batch_pipeline_dag.py
[2026-04-24T14:08:50.406+0000] {processor.py:830} INFO - Processing file /opt/airflow/dags/batch_pipeline_dag.py for tasks to queue
[2026-04-24T14:08:50.408+0000] {logging_mixin.py:188} INFO - [2026-04-24T14:08:50.408+0000] {dagbag.py:538} INFO - Filling up the DagBag from /opt/airflow/dags/batch_pipeline_dag.py
[2026-04-24T14:08:50.422+0000] {processor.py:840} INFO - DAG(s) 'batch_pipeline' retrieved from /opt/airflow/dags/batch_pipeline_dag.py
[2026-04-24T14:08:50.451+0000] {logging_mixin.py:188} INFO - [2026-04-24T14:08:50.451+0000] {dag.py:3036} INFO - Sync 1 DAGs
[2026-04-24T14:08:50.481+0000] {logging_mixin.py:188} INFO - [2026-04-24T14:08:50.481+0000] {dag.py:3823} INFO - Setting next_dagrun for batch_pipeline to 2026-04-24 14:08:00+00:00, run_after=2026-04-24 14:10:00+00:00
[2026-04-24T14:08:50.507+0000] {processor.py:183} INFO - Processing /opt/airflow/dags/batch_pipeline_dag.py took 0.107 seconds
[2026-04-24T14:09:20.721+0000] {processor.py:161} INFO - Started process (PID=121) to work on /opt/airflow/dags/batch_pipeline_dag.py
[2026-04-24T14:09:20.723+0000] {processor.py:830} INFO - Processing file /opt/airflow/dags/batch_pipeline_dag.py for tasks to queue
[2026-04-24T14:09:20.725+0000] {logging_mixin.py:188} INFO - [2026-04-24T14:09:20.724+0000] {dagbag.py:538} INFO - Filling up the DagBag from /opt/airflow/dags/batch_pipeline_dag.py
[2026-04-24T14:09:20.744+0000] {processor.py:840} INFO - DAG(s) 'batch_pipeline' retrieved from /opt/airflow/dags/batch_pipeline_dag.py
[2026-04-24T14:09:20.776+0000] {logging_mixin.py:188} INFO - [2026-04-24T14:09:20.776+0000] {dag.py:3036} INFO - Sync 1 DAGs
[2026-04-24T14:09:20.815+0000] {logging_mixin.py:188} INFO - [2026-04-24T14:09:20.815+0000] {dag.py:3823} INFO - Setting next_dagrun for batch_pipeline to 2026-04-24 14:08:00+00:00, run_after=2026-04-24 14:10:00+00:00
[2026-04-24T14:09:20.845+0000] {processor.py:183} INFO - Processing /opt/airflow/dags/batch_pipeline_dag.py took 0.130 seconds
[2026-04-24T14:09:50.933+0000] {processor.py:161} INFO - Started process (PID=122) to work on /opt/airflow/dags/batch_pipeline_dag.py
[2026-04-24T14:09:50.936+0000] {processor.py:830} INFO - Processing file /opt/airflow/dags/batch_pipeline_dag.py for tasks to queue
[2026-04-24T14:09:50.939+0000] {logging_mixin.py:188} INFO - [2026-04-24T14:09:50.938+0000] {dagbag.py:538} INFO - Filling up the DagBag from /opt/airflow/dags/batch_pipeline_dag.py
[2026-04-24T14:09:50.963+0000] {processor.py:840} INFO - DAG(s) 'batch_pipeline' retrieved from /opt/airflow/dags/batch_pipeline_dag.py
[2026-04-24T14:09:51.023+0000] {logging_mixin.py:188} INFO - [2026-04-24T14:09:51.022+0000] {dag.py:3036} INFO - Sync 1 DAGs
[2026-04-24T14:09:51.107+0000] {logging_mixin.py:188} INFO - [2026-04-24T14:09:51.107+0000] {dag.py:3823} INFO - Setting next_dagrun for batch_pipeline to 2026-04-24 14:08:00+00:00, run_after=2026-04-24 14:10:00+00:00
[2026-04-24T14:09:51.143+0000] {processor.py:183} INFO - Processing /opt/airflow/dags/batch_pipeline_dag.py took 0.213 seconds
[2026-04-24T14:10:21.255+0000] {processor.py:161} INFO - Started process (PID=123) to work on /opt/airflow/dags/batch_pipeline_dag.py
[2026-04-24T14:10:21.256+0000] {processor.py:830} INFO - Processing file /opt/airflow/dags/batch_pipeline_dag.py for tasks to queue
[2026-04-24T14:10:21.259+0000] {logging_mixin.py:188} INFO - [2026-04-24T14:10:21.258+0000] {dagbag.py:538} INFO - Filling up the DagBag from /opt/airflow/dags/batch_pipeline_dag.py
[2026-04-24T14:10:21.281+0000] {processor.py:840} INFO - DAG(s) 'batch_pipeline' retrieved from /opt/airflow/dags/batch_pipeline_dag.py
[2026-04-24T14:10:21.320+0000] {logging_mixin.py:188} INFO - [2026-04-24T14:10:21.320+0000] {dag.py:3036} INFO - Sync 1 DAGs
[2026-04-24T14:10:21.365+0000] {logging_mixin.py:188} INFO - [2026-04-24T14:10:21.365+0000] {dag.py:3823} INFO - Setting next_dagrun for batch_pipeline to 2026-04-24 14:10:00+00:00, run_after=2026-04-24 14:12:00+00:00
[2026-04-24T14:10:21.399+0000] {processor.py:183} INFO - Processing /opt/airflow/dags/batch_pipeline_dag.py took 0.148 seconds
[2026-04-24T14:10:51.579+0000] {processor.py:161} INFO - Started process (PID=124) to work on /opt/airflow/dags/batch_pipeline_dag.py
[2026-04-24T14:10:51.580+0000] {processor.py:830} INFO - Processing file /opt/airflow/dags/batch_pipeline_dag.py for tasks to queue
[2026-04-24T14:10:51.583+0000] {logging_mixin.py:188} INFO - [2026-04-24T14:10:51.582+0000] {dagbag.py:538} INFO - Filling up the DagBag from /opt/airflow/dags/batch_pipeline_dag.py
[2026-04-24T14:10:51.605+0000] {processor.py:840} INFO - DAG(s) 'batch_pipeline' retrieved from /opt/airflow/dags/batch_pipeline_dag.py
[2026-04-24T14:10:51.644+0000] {logging_mixin.py:188} INFO - [2026-04-24T14:10:51.644+0000] {dag.py:3036} INFO - Sync 1 DAGs
[2026-04-24T14:10:51.693+0000] {logging_mixin.py:188} INFO - [2026-04-24T14:10:51.692+0000] {dag.py:3823} INFO - Setting next_dagrun for batch_pipeline to 2026-04-24 14:10:00+00:00, run_after=2026-04-24 14:12:00+00:00
[2026-04-24T14:10:51.746+0000] {processor.py:183} INFO - Processing /opt/airflow/dags/batch_pipeline_dag.py took 0.172 seconds
[2026-04-24T14:11:21.805+0000] {processor.py:161} INFO - Started process (PID=125) to work on /opt/airflow/dags/batch_pipeline_dag.py
[2026-04-24T14:11:21.806+0000] {processor.py:830} INFO - Processing file /opt/airflow/dags/batch_pipeline_dag.py for tasks to queue
[2026-04-24T14:11:21.809+0000] {logging_mixin.py:188} INFO - [2026-04-24T14:11:21.809+0000] {dagbag.py:538} INFO - Filling up the DagBag from /opt/airflow/dags/batch_pipeline_dag.py
[2026-04-24T14:11:21.827+0000] {processor.py:840} INFO - DAG(s) 'batch_pipeline' retrieved from /opt/airflow/dags/batch_pipeline_dag.py
[2026-04-24T14:11:21.862+0000] {logging_mixin.py:188} INFO - [2026-04-24T14:11:21.861+0000] {dag.py:3036} INFO - Sync 1 DAGs
[2026-04-24T14:11:21.900+0000] {logging_mixin.py:188} INFO - [2026-04-24T14:11:21.900+0000] {dag.py:3823} INFO - Setting next_dagrun for batch_pipeline to 2026-04-24 14:10:00+00:00, run_after=2026-04-24 14:12:00+00:00
[2026-04-24T14:11:21.934+0000] {processor.py:183} INFO - Processing /opt/airflow/dags/batch_pipeline_dag.py took 0.133 seconds
[2026-04-24T14:11:52.123+0000] {processor.py:161} INFO - Started process (PID=126) to work on /opt/airflow/dags/batch_pipeline_dag.py
[2026-04-24T14:11:52.124+0000] {processor.py:830} INFO - Processing file /opt/airflow/dags/batch_pipeline_dag.py for tasks to queue
[2026-04-24T14:11:52.127+0000] {logging_mixin.py:188} INFO - [2026-04-24T14:11:52.126+0000] {dagbag.py:538} INFO - Filling up the DagBag from /opt/airflow/dags/batch_pipeline_dag.py
[2026-04-24T14:11:52.143+0000] {processor.py:840} INFO - DAG(s) 'batch_pipeline' retrieved from /opt/airflow/dags/batch_pipeline_dag.py
[2026-04-24T14:11:52.177+0000] {logging_mixin.py:188} INFO - [2026-04-24T14:11:52.176+0000] {dag.py:3036} INFO - Sync 1 DAGs
[2026-04-24T14:11:52.221+0000] {logging_mixin.py:188} INFO - [2026-04-24T14:11:52.221+0000] {dag.py:3823} INFO - Setting next_dagrun for batch_pipeline to 2026-04-24 14:10:00+00:00, run_after=2026-04-24 14:12:00+00:00
[2026-04-24T14:11:52.254+0000] {processor.py:183} INFO - Processing /opt/airflow/dags/batch_pipeline_dag.py took 0.136 seconds
[2026-04-24T14:12:22.348+0000] {processor.py:161} INFO - Started process (PID=127) to work on /opt/airflow/dags/batch_pipeline_dag.py
[2026-04-24T14:12:22.349+0000] {processor.py:830} INFO - Processing file /opt/airflow/dags/batch_pipeline_dag.py for tasks to queue
[2026-04-24T14:12:22.351+0000] {logging_mixin.py:188} INFO - [2026-04-24T14:12:22.350+0000] {dagbag.py:538} INFO - Filling up the DagBag from /opt/airflow/dags/batch_pipeline_dag.py
[2026-04-24T14:12:22.369+0000] {processor.py:840} INFO - DAG(s) 'batch_pipeline' retrieved from /opt/airflow/dags/batch_pipeline_dag.py
[2026-04-24T14:12:22.408+0000] {logging_mixin.py:188} INFO - [2026-04-24T14:12:22.407+0000] {dag.py:3036} INFO - Sync 1 DAGs
[2026-04-24T14:12:22.451+0000] {logging_mixin.py:188} INFO - [2026-04-24T14:12:22.451+0000] {dag.py:3823} INFO - Setting next_dagrun for batch_pipeline to 2026-04-24 14:12:00+00:00, run_after=2026-04-24 14:14:00+00:00
[2026-04-24T14:12:22.493+0000] {processor.py:183} INFO - Processing /opt/airflow/dags/batch_pipeline_dag.py took 0.150 seconds
[2026-04-24T14:12:52.722+0000] {processor.py:161} INFO - Started process (PID=128) to work on /opt/airflow/dags/batch_pipeline_dag.py
[2026-04-24T14:12:52.726+0000] {processor.py:830} INFO - Processing file /opt/airflow/dags/batch_pipeline_dag.py for tasks to queue
[2026-04-24T14:12:52.729+0000] {logging_mixin.py:188} INFO - [2026-04-24T14:12:52.729+0000] {dagbag.py:538} INFO - Filling up the DagBag from /opt/airflow/dags/batch_pipeline_dag.py
[2026-04-24T14:12:52.748+0000] {processor.py:840} INFO - DAG(s) 'batch_pipeline' retrieved from /opt/airflow/dags/batch_pipeline_dag.py
[2026-04-24T14:12:52.786+0000] {logging_mixin.py:188} INFO - [2026-04-24T14:12:52.786+0000] {dag.py:3036} INFO - Sync 1 DAGs
[2026-04-24T14:12:52.832+0000] {logging_mixin.py:188} INFO - [2026-04-24T14:12:52.832+0000] {dag.py:3823} INFO - Setting next_dagrun for batch_pipeline to 2026-04-24 14:12:00+00:00, run_after=2026-04-24 14:14:00+00:00
[2026-04-24T14:12:52.864+0000] {processor.py:183} INFO - Processing /opt/airflow/dags/batch_pipeline_dag.py took 0.148 seconds
[2026-04-24T14:13:22.938+0000] {processor.py:161} INFO - Started process (PID=129) to work on /opt/airflow/dags/batch_pipeline_dag.py
[2026-04-24T14:13:22.939+0000] {processor.py:830} INFO - Processing file /opt/airflow/dags/batch_pipeline_dag.py for tasks to queue
[2026-04-24T14:13:22.942+0000] {logging_mixin.py:188} INFO - [2026-04-24T14:13:22.941+0000] {dagbag.py:538} INFO - Filling up the DagBag from /opt/airflow/dags/batch_pipeline_dag.py
[2026-04-24T14:13:22.961+0000] {processor.py:840} INFO - DAG(s) 'batch_pipeline' retrieved from /opt/airflow/dags/batch_pipeline_dag.py
[2026-04-24T14:13:22.997+0000] {logging_mixin.py:188} INFO - [2026-04-24T14:13:22.996+0000] {dag.py:3036} INFO - Sync 1 DAGs
[2026-04-24T14:13:23.032+0000] {logging_mixin.py:188} INFO - [2026-04-24T14:13:23.032+0000] {dag.py:3823} INFO - Setting next_dagrun for batch_pipeline to 2026-04-24 14:12:00+00:00, run_after=2026-04-24 14:14:00+00:00
[2026-04-24T14:13:23.059+0000] {processor.py:183} INFO - Processing /opt/airflow/dags/batch_pipeline_dag.py took 0.127 seconds
[2026-04-24T14:13:53.266+0000] {processor.py:161} INFO - Started process (PID=130) to work on /opt/airflow/dags/batch_pipeline_dag.py
[2026-04-24T14:13:53.269+0000] {processor.py:830} INFO - Processing file /opt/airflow/dags/batch_pipeline_dag.py for tasks to queue
[2026-04-24T14:13:53.272+0000] {logging_mixin.py:188} INFO - [2026-04-24T14:13:53.272+0000] {dagbag.py:538} INFO - Filling up the DagBag from /opt/airflow/dags/batch_pipeline_dag.py
[2026-04-24T14:13:53.289+0000] {processor.py:840} INFO - DAG(s) 'batch_pipeline' retrieved from /opt/airflow/dags/batch_pipeline_dag.py
[2026-04-24T14:13:53.322+0000] {logging_mixin.py:188} INFO - [2026-04-24T14:13:53.321+0000] {dag.py:3036} INFO - Sync 1 DAGs
[2026-04-24T14:13:53.364+0000] {logging_mixin.py:188} INFO - [2026-04-24T14:13:53.364+0000] {dag.py:3823} INFO - Setting next_dagrun for batch_pipeline to 2026-04-24 14:12:00+00:00, run_after=2026-04-24 14:14:00+00:00
[2026-04-24T14:13:53.395+0000] {processor.py:183} INFO - Processing /opt/airflow/dags/batch_pipeline_dag.py took 0.133 seconds
[2026-04-24T14:14:23.483+0000] {processor.py:161} INFO - Started process (PID=131) to work on /opt/airflow/dags/batch_pipeline_dag.py
[2026-04-24T14:14:23.484+0000] {processor.py:830} INFO - Processing file /opt/airflow/dags/batch_pipeline_dag.py for tasks to queue
[2026-04-24T14:14:23.488+0000] {logging_mixin.py:188} INFO - [2026-04-24T14:14:23.488+0000] {dagbag.py:538} INFO - Filling up the DagBag from /opt/airflow/dags/batch_pipeline_dag.py
[2026-04-24T14:14:23.505+0000] {processor.py:840} INFO - DAG(s) 'batch_pipeline' retrieved from /opt/airflow/dags/batch_pipeline_dag.py
[2026-04-24T14:14:23.539+0000] {logging_mixin.py:188} INFO - [2026-04-24T14:14:23.539+0000] {dag.py:3036} INFO - Sync 1 DAGs
[2026-04-24T14:14:23.574+0000] {logging_mixin.py:188} INFO - [2026-04-24T14:14:23.574+0000] {dag.py:3823} INFO - Setting next_dagrun for batch_pipeline to 2026-04-24 14:14:00+00:00, run_after=2026-04-24 14:16:00+00:00
[2026-04-24T14:14:23.599+0000] {processor.py:183} INFO - Processing /opt/airflow/dags/batch_pipeline_dag.py took 0.120 seconds
[2026-04-24T14:14:53.811+0000] {processor.py:161} INFO - Started process (PID=132) to work on /opt/airflow/dags/batch_pipeline_dag.py
[2026-04-24T14:14:53.813+0000] {processor.py:830} INFO - Processing file /opt/airflow/dags/batch_pipeline_dag.py for tasks to queue
[2026-04-24T14:14:53.816+0000] {logging_mixin.py:188} INFO - [2026-04-24T14:14:53.815+0000] {dagbag.py:538} INFO - Filling up the DagBag from /opt/airflow/dags/batch_pipeline_dag.py
[2026-04-24T14:14:53.831+0000] {processor.py:840} INFO - DAG(s) 'batch_pipeline' retrieved from /opt/airflow/dags/batch_pipeline_dag.py
[2026-04-24T14:14:53.864+0000] {logging_mixin.py:188} INFO - [2026-04-24T14:14:53.863+0000] {dag.py:3036} INFO - Sync 1 DAGs
[2026-04-24T14:14:53.901+0000] {logging_mixin.py:188} INFO - [2026-04-24T14:14:53.901+0000] {dag.py:3823} INFO - Setting next_dagrun for batch_pipeline to 2026-04-24 14:14:00+00:00, run_after=2026-04-24 14:16:00+00:00
[2026-04-24T14:14:53.929+0000] {processor.py:183} INFO - Processing /opt/airflow/dags/batch_pipeline_dag.py took 0.122 seconds
[2026-04-24T14:15:24.015+0000] {processor.py:161} INFO - Started process (PID=133) to work on /opt/airflow/dags/batch_pipeline_dag.py
[2026-04-24T14:15:24.017+0000] {processor.py:830} INFO - Processing file /opt/airflow/dags/batch_pipeline_dag.py for tasks to queue
[2026-04-24T14:15:24.020+0000] {logging_mixin.py:188} INFO - [2026-04-24T14:15:24.020+0000] {dagbag.py:538} INFO - Filling up the DagBag from /opt/airflow/dags/batch_pipeline_dag.py
[2026-04-24T14:15:24.036+0000] {processor.py:840} INFO - DAG(s) 'batch_pipeline' retrieved from /opt/airflow/dags/batch_pipeline_dag.py
[2026-04-24T14:15:24.070+0000] {logging_mixin.py:188} INFO - [2026-04-24T14:15:24.069+0000] {dag.py:3036} INFO - Sync 1 DAGs
[2026-04-24T14:15:24.106+0000] {logging_mixin.py:188} INFO - [2026-04-24T14:15:24.106+0000] {dag.py:3823} INFO - Setting next_dagrun for batch_pipeline to 2026-04-24 14:14:00+00:00, run_after=2026-04-24 14:16:00+00:00
[2026-04-24T14:15:24.138+0000] {processor.py:183} INFO - Processing /opt/airflow/dags/batch_pipeline_dag.py took 0.126 seconds
[2026-04-24T14:15:54.347+0000] {processor.py:161} INFO - Started process (PID=134) to work on /opt/airflow/dags/batch_pipeline_dag.py
[2026-04-24T14:15:54.351+0000] {processor.py:830} INFO - Processing file /opt/airflow/dags/batch_pipeline_dag.py for tasks to queue
[2026-04-24T14:15:54.353+0000] {logging_mixin.py:188} INFO - [2026-04-24T14:15:54.353+0000] {dagbag.py:538} INFO - Filling up the DagBag from /opt/airflow/dags/batch_pipeline_dag.py
[2026-04-24T14:15:54.371+0000] {processor.py:840} INFO - DAG(s) 'batch_pipeline' retrieved from /opt/airflow/dags/batch_pipeline_dag.py
[2026-04-24T14:15:54.403+0000] {logging_mixin.py:188} INFO - [2026-04-24T14:15:54.403+0000] {dag.py:3036} INFO - Sync 1 DAGs
[2026-04-24T14:15:54.438+0000] {logging_mixin.py:188} INFO - [2026-04-24T14:15:54.438+0000] {dag.py:3823} INFO - Setting next_dagrun for batch_pipeline to 2026-04-24 14:14:00+00:00, run_after=2026-04-24 14:16:00+00:00
[2026-04-24T14:15:54.469+0000] {processor.py:183} INFO - Processing /opt/airflow/dags/batch_pipeline_dag.py took 0.127 seconds
[2026-04-24T14:16:24.560+0000] {processor.py:161} INFO - Started process (PID=135) to work on /opt/airflow/dags/batch_pipeline_dag.py
[2026-04-24T14:16:24.561+0000] {processor.py:830} INFO - Processing file /opt/airflow/dags/batch_pipeline_dag.py for tasks to queue
[2026-04-24T14:16:24.563+0000] {logging_mixin.py:188} INFO - [2026-04-24T14:16:24.562+0000] {dagbag.py:538} INFO - Filling up the DagBag from /opt/airflow/dags/batch_pipeline_dag.py
[2026-04-24T14:16:24.579+0000] {processor.py:840} INFO - DAG(s) 'batch_pipeline' retrieved from /opt/airflow/dags/batch_pipeline_dag.py
[2026-04-24T14:16:24.611+0000] {logging_mixin.py:188} INFO - [2026-04-24T14:16:24.611+0000] {dag.py:3036} INFO - Sync 1 DAGs
[2026-04-24T14:16:24.651+0000] {logging_mixin.py:188} INFO - [2026-04-24T14:16:24.651+0000] {dag.py:3823} INFO - Setting next_dagrun for batch_pipeline to 2026-04-24 14:16:00+00:00, run_after=2026-04-24 14:18:00+00:00
[2026-04-24T14:16:24.676+0000] {processor.py:183} INFO - Processing /opt/airflow/dags/batch_pipeline_dag.py took 0.120 seconds
[2026-04-24T14:16:54.871+0000] {processor.py:161} INFO - Started process (PID=136) to work on /opt/airflow/dags/batch_pipeline_dag.py
[2026-04-24T14:16:54.873+0000] {processor.py:830} INFO - Processing file /opt/airflow/dags/batch_pipeline_dag.py for tasks to queue
[2026-04-24T14:16:54.876+0000] {logging_mixin.py:188} INFO - [2026-04-24T14:16:54.875+0000] {dagbag.py:538} INFO - Filling up the DagBag from /opt/airflow/dags/batch_pipeline_dag.py
[2026-04-24T14:16:54.908+0000] {processor.py:840} INFO - DAG(s) 'batch_pipeline' retrieved from /opt/airflow/dags/batch_pipeline_dag.py
[2026-04-24T14:16:54.953+0000] {logging_mixin.py:188} INFO - [2026-04-24T14:16:54.953+0000] {dag.py:3036} INFO - Sync 1 DAGs
[2026-04-24T14:16:54.990+0000] {logging_mixin.py:188} INFO - [2026-04-24T14:16:54.990+0000] {dag.py:3823} INFO - Setting next_dagrun for batch_pipeline to 2026-04-24 14:16:00+00:00, run_after=2026-04-24 14:18:00+00:00
[2026-04-24T14:16:55.020+0000] {processor.py:183} INFO - Processing /opt/airflow/dags/batch_pipeline_dag.py took 0.153 seconds
[2026-04-24T14:17:25.100+0000] {processor.py:161} INFO - Started process (PID=137) to work on /opt/airflow/dags/batch_pipeline_dag.py
[2026-04-24T14:17:25.102+0000] {processor.py:830} INFO - Processing file /opt/airflow/dags/batch_pipeline_dag.py for tasks to queue
[2026-04-24T14:17:25.104+0000] {logging_mixin.py:188} INFO - [2026-04-24T14:17:25.103+0000] {dagbag.py:538} INFO - Filling up the DagBag from /opt/airflow/dags/batch_pipeline_dag.py
[2026-04-24T14:17:25.120+0000] {processor.py:840} INFO - DAG(s) 'batch_pipeline' retrieved from /opt/airflow/dags/batch_pipeline_dag.py
[2026-04-24T14:17:25.152+0000] {logging_mixin.py:188} INFO - [2026-04-24T14:17:25.152+0000] {dag.py:3036} INFO - Sync 1 DAGs
[2026-04-24T14:17:25.189+0000] {logging_mixin.py:188} INFO - [2026-04-24T14:17:25.189+0000] {dag.py:3823} INFO - Setting next_dagrun for batch_pipeline to 2026-04-24 14:16:00+00:00, run_after=2026-04-24 14:18:00+00:00
[2026-04-24T14:17:25.220+0000] {processor.py:183} INFO - Processing /opt/airflow/dags/batch_pipeline_dag.py took 0.125 seconds
[2026-04-24T14:17:55.455+0000] {processor.py:161} INFO - Started process (PID=138) to work on /opt/airflow/dags/batch_pipeline_dag.py
[2026-04-24T14:17:55.457+0000] {processor.py:830} INFO - Processing file /opt/airflow/dags/batch_pipeline_dag.py for tasks to queue
[2026-04-24T14:17:55.459+0000] {logging_mixin.py:188} INFO - [2026-04-24T14:17:55.459+0000] {dagbag.py:538} INFO - Filling up the DagBag from /opt/airflow/dags/batch_pipeline_dag.py
[2026-04-24T14:17:55.478+0000] {processor.py:840} INFO - DAG(s) 'batch_pipeline' retrieved from /opt/airflow/dags/batch_pipeline_dag.py
[2026-04-24T14:17:55.511+0000] {logging_mixin.py:188} INFO - [2026-04-24T14:17:55.511+0000] {dag.py:3036} INFO - Sync 1 DAGs
[2026-04-24T14:17:55.550+0000] {logging_mixin.py:188} INFO - [2026-04-24T14:17:55.550+0000] {dag.py:3823} INFO - Setting next_dagrun for batch_pipeline to 2026-04-24 14:16:00+00:00, run_after=2026-04-24 14:18:00+00:00
[2026-04-24T14:17:55.577+0000] {processor.py:183} INFO - Processing /opt/airflow/dags/batch_pipeline_dag.py took 0.125 seconds
[2026-04-24T14:18:25.658+0000] {processor.py:161} INFO - Started process (PID=139) to work on /opt/airflow/dags/batch_pipeline_dag.py
[2026-04-24T14:18:25.659+0000] {processor.py:830} INFO - Processing file /opt/airflow/dags/batch_pipeline_dag.py for tasks to queue
[2026-04-24T14:18:25.663+0000] {logging_mixin.py:188} INFO - [2026-04-24T14:18:25.662+0000] {dagbag.py:538} INFO - Filling up the DagBag from /opt/airflow/dags/batch_pipeline_dag.py
[2026-04-24T14:18:25.679+0000] {processor.py:840} INFO - DAG(s) 'batch_pipeline' retrieved from /opt/airflow/dags/batch_pipeline_dag.py
[2026-04-24T14:18:25.715+0000] {logging_mixin.py:188} INFO - [2026-04-24T14:18:25.715+0000] {dag.py:3036} INFO - Sync 1 DAGs
[2026-04-24T14:18:25.751+0000] {logging_mixin.py:188} INFO - [2026-04-24T14:18:25.751+0000] {dag.py:3823} INFO - Setting next_dagrun for batch_pipeline to 2026-04-24 14:18:00+00:00, run_after=2026-04-24 14:20:00+00:00
[2026-04-24T14:18:25.784+0000] {processor.py:183} INFO - Processing /opt/airflow/dags/batch_pipeline_dag.py took 0.129 seconds
[2026-04-24T14:18:56.004+0000] {processor.py:161} INFO - Started process (PID=140) to work on /opt/airflow/dags/batch_pipeline_dag.py
[2026-04-24T14:18:56.007+0000] {processor.py:830} INFO - Processing file /opt/airflow/dags/batch_pipeline_dag.py for tasks to queue
[2026-04-24T14:18:56.010+0000] {logging_mixin.py:188} INFO - [2026-04-24T14:18:56.009+0000] {dagbag.py:538} INFO - Filling up the DagBag from /opt/airflow/dags/batch_pipeline_dag.py
[2026-04-24T14:18:56.027+0000] {processor.py:840} INFO - DAG(s) 'batch_pipeline' retrieved from /opt/airflow/dags/batch_pipeline_dag.py
[2026-04-24T14:18:56.057+0000] {logging_mixin.py:188} INFO - [2026-04-24T14:18:56.056+0000] {dag.py:3036} INFO - Sync 1 DAGs
[2026-04-24T14:18:56.091+0000] {logging_mixin.py:188} INFO - [2026-04-24T14:18:56.091+0000] {dag.py:3823} INFO - Setting next_dagrun for batch_pipeline to 2026-04-24 14:18:00+00:00, run_after=2026-04-24 14:20:00+00:00
[2026-04-24T14:18:56.120+0000] {processor.py:183} INFO - Processing /opt/airflow/dags/batch_pipeline_dag.py took 0.120 seconds
[2026-04-24T14:19:26.221+0000] {processor.py:161} INFO - Started process (PID=141) to work on /opt/airflow/dags/batch_pipeline_dag.py
[2026-04-24T14:19:26.222+0000] {processor.py:830} INFO - Processing file /opt/airflow/dags/batch_pipeline_dag.py for tasks to queue
[2026-04-24T14:19:26.224+0000] {logging_mixin.py:188} INFO - [2026-04-24T14:19:26.223+0000] {dagbag.py:538} INFO - Filling up the DagBag from /opt/airflow/dags/batch_pipeline_dag.py
[2026-04-24T14:19:26.240+0000] {processor.py:840} INFO - DAG(s) 'batch_pipeline' retrieved from /opt/airflow/dags/batch_pipeline_dag.py
[2026-04-24T14:19:26.275+0000] {logging_mixin.py:188} INFO - [2026-04-24T14:19:26.274+0000] {dag.py:3036} INFO - Sync 1 DAGs
[2026-04-24T14:19:26.315+0000] {logging_mixin.py:188} INFO - [2026-04-24T14:19:26.315+0000] {dag.py:3823} INFO - Setting next_dagrun for batch_pipeline to 2026-04-24 14:18:00+00:00, run_after=2026-04-24 14:20:00+00:00
[2026-04-24T14:19:26.345+0000] {processor.py:183} INFO - Processing /opt/airflow/dags/batch_pipeline_dag.py took 0.127 seconds
[2026-04-24T14:19:56.532+0000] {processor.py:161} INFO - Started process (PID=142) to work on /opt/airflow/dags/batch_pipeline_dag.py
[2026-04-24T14:19:56.535+0000] {processor.py:830} INFO - Processing file /opt/airflow/dags/batch_pipeline_dag.py for tasks to queue
[2026-04-24T14:19:56.537+0000] {logging_mixin.py:188} INFO - [2026-04-24T14:19:56.537+0000] {dagbag.py:538} INFO - Filling up the DagBag from /opt/airflow/dags/batch_pipeline_dag.py
[2026-04-24T14:19:56.565+0000] {processor.py:840} INFO - DAG(s) 'batch_pipeline' retrieved from /opt/airflow/dags/batch_pipeline_dag.py
[2026-04-24T14:19:56.614+0000] {logging_mixin.py:188} INFO - [2026-04-24T14:19:56.613+0000] {dag.py:3036} INFO - Sync 1 DAGs
[2026-04-24T14:19:56.672+0000] {logging_mixin.py:188} INFO - [2026-04-24T14:19:56.671+0000] {dag.py:3823} INFO - Setting next_dagrun for batch_pipeline to 2026-04-24 14:18:00+00:00, run_after=2026-04-24 14:20:00+00:00
[2026-04-24T14:19:56.714+0000] {processor.py:183} INFO - Processing /opt/airflow/dags/batch_pipeline_dag.py took 0.189 seconds
[2026-04-24T14:20:26.775+0000] {processor.py:161} INFO - Started process (PID=143) to work on /opt/airflow/dags/batch_pipeline_dag.py
[2026-04-24T14:20:26.777+0000] {processor.py:830} INFO - Processing file /opt/airflow/dags/batch_pipeline_dag.py for tasks to queue
[2026-04-24T14:20:26.780+0000] {logging_mixin.py:188} INFO - [2026-04-24T14:20:26.779+0000] {dagbag.py:538} INFO - Filling up the DagBag from /opt/airflow/dags/batch_pipeline_dag.py
[2026-04-24T14:20:26.811+0000] {processor.py:840} INFO - DAG(s) 'batch_pipeline' retrieved from /opt/airflow/dags/batch_pipeline_dag.py
[2026-04-24T14:20:26.863+0000] {logging_mixin.py:188} INFO - [2026-04-24T14:20:26.863+0000] {dag.py:3036} INFO - Sync 1 DAGs
[2026-04-24T14:20:26.909+0000] {logging_mixin.py:188} INFO - [2026-04-24T14:20:26.908+0000] {dag.py:3823} INFO - Setting next_dagrun for batch_pipeline to 2026-04-24 14:20:00+00:00, run_after=2026-04-24 14:22:00+00:00
[2026-04-24T14:20:26.944+0000] {processor.py:183} INFO - Processing /opt/airflow/dags/batch_pipeline_dag.py took 0.174 seconds
[2026-04-24T14:20:57.149+0000] {processor.py:161} INFO - Started process (PID=144) to work on /opt/airflow/dags/batch_pipeline_dag.py
[2026-04-24T14:20:57.150+0000] {processor.py:830} INFO - Processing file /opt/airflow/dags/batch_pipeline_dag.py for tasks to queue
[2026-04-24T14:20:57.153+0000] {logging_mixin.py:188} INFO - [2026-04-24T14:20:57.152+0000] {dagbag.py:538} INFO - Filling up the DagBag from /opt/airflow/dags/batch_pipeline_dag.py
[2026-04-24T14:20:57.168+0000] {processor.py:840} INFO - DAG(s) 'batch_pipeline' retrieved from /opt/airflow/dags/batch_pipeline_dag.py
[2026-04-24T14:20:57.205+0000] {logging_mixin.py:188} INFO - [2026-04-24T14:20:57.205+0000] {dag.py:3036} INFO - Sync 1 DAGs
[2026-04-24T14:20:57.244+0000] {logging_mixin.py:188} INFO - [2026-04-24T14:20:57.244+0000] {dag.py:3823} INFO - Setting next_dagrun for batch_pipeline to 2026-04-24 14:20:00+00:00, run_after=2026-04-24 14:22:00+00:00
[2026-04-24T14:20:57.276+0000] {processor.py:183} INFO - Processing /opt/airflow/dags/batch_pipeline_dag.py took 0.131 seconds
[2026-04-24T14:21:27.351+0000] {processor.py:161} INFO - Started process (PID=145) to work on /opt/airflow/dags/batch_pipeline_dag.py
[2026-04-24T14:21:27.354+0000] {processor.py:830} INFO - Processing file /opt/airflow/dags/batch_pipeline_dag.py for tasks to queue
[2026-04-24T14:21:27.358+0000] {logging_mixin.py:188} INFO - [2026-04-24T14:21:27.358+0000] {dagbag.py:538} INFO - Filling up the DagBag from /opt/airflow/dags/batch_pipeline_dag.py
[2026-04-24T14:21:27.374+0000] {processor.py:840} INFO - DAG(s) 'batch_pipeline' retrieved from /opt/airflow/dags/batch_pipeline_dag.py
[2026-04-24T14:21:27.408+0000] {logging_mixin.py:188} INFO - [2026-04-24T14:21:27.407+0000] {dag.py:3036} INFO - Sync 1 DAGs
[2026-04-24T14:21:27.443+0000] {logging_mixin.py:188} INFO - [2026-04-24T14:21:27.443+0000] {dag.py:3823} INFO - Setting next_dagrun for batch_pipeline to 2026-04-24 14:20:00+00:00, run_after=2026-04-24 14:22:00+00:00
[2026-04-24T14:21:27.470+0000] {processor.py:183} INFO - Processing /opt/airflow/dags/batch_pipeline_dag.py took 0.122 seconds
[2026-04-24T14:21:57.650+0000] {processor.py:161} INFO - Started process (PID=146) to work on /opt/airflow/dags/batch_pipeline_dag.py
[2026-04-24T14:21:57.651+0000] {processor.py:830} INFO - Processing file /opt/airflow/dags/batch_pipeline_dag.py for tasks to queue
[2026-04-24T14:21:57.654+0000] {logging_mixin.py:188} INFO - [2026-04-24T14:21:57.654+0000] {dagbag.py:538} INFO - Filling up the DagBag from /opt/airflow/dags/batch_pipeline_dag.py
[2026-04-24T14:21:57.680+0000] {processor.py:840} INFO - DAG(s) 'batch_pipeline' retrieved from /opt/airflow/dags/batch_pipeline_dag.py
[2026-04-24T14:21:57.717+0000] {logging_mixin.py:188} INFO - [2026-04-24T14:21:57.717+0000] {dag.py:3036} INFO - Sync 1 DAGs
[2026-04-24T14:21:57.759+0000] {logging_mixin.py:188} INFO - [2026-04-24T14:21:57.758+0000] {dag.py:3823} INFO - Setting next_dagrun for batch_pipeline to 2026-04-24 14:20:00+00:00, run_after=2026-04-24 14:22:00+00:00
[2026-04-24T14:21:57.789+0000] {processor.py:183} INFO - Processing /opt/airflow/dags/batch_pipeline_dag.py took 0.144 seconds
[2026-04-24T14:22:27.879+0000] {processor.py:161} INFO - Started process (PID=147) to work on /opt/airflow/dags/batch_pipeline_dag.py
[2026-04-24T14:22:27.880+0000] {processor.py:830} INFO - Processing file /opt/airflow/dags/batch_pipeline_dag.py for tasks to queue
[2026-04-24T14:22:27.882+0000] {logging_mixin.py:188} INFO - [2026-04-24T14:22:27.882+0000] {dagbag.py:538} INFO - Filling up the DagBag from /opt/airflow/dags/batch_pipeline_dag.py
[2026-04-24T14:22:27.897+0000] {processor.py:840} INFO - DAG(s) 'batch_pipeline' retrieved from /opt/airflow/dags/batch_pipeline_dag.py
[2026-04-24T14:22:27.931+0000] {logging_mixin.py:188} INFO - [2026-04-24T14:22:27.931+0000] {dag.py:3036} INFO - Sync 1 DAGs
[2026-04-24T14:22:27.974+0000] {logging_mixin.py:188} INFO - [2026-04-24T14:22:27.974+0000] {dag.py:3823} INFO - Setting next_dagrun for batch_pipeline to 2026-04-24 14:22:00+00:00, run_after=2026-04-24 14:24:00+00:00
[2026-04-24T14:22:28.007+0000] {processor.py:183} INFO - Processing /opt/airflow/dags/batch_pipeline_dag.py took 0.132 seconds
[2026-04-24T14:22:58.183+0000] {processor.py:161} INFO - Started process (PID=148) to work on /opt/airflow/dags/batch_pipeline_dag.py
[2026-04-24T14:22:58.186+0000] {processor.py:830} INFO - Processing file /opt/airflow/dags/batch_pipeline_dag.py for tasks to queue
[2026-04-24T14:22:58.189+0000] {logging_mixin.py:188} INFO - [2026-04-24T14:22:58.188+0000] {dagbag.py:538} INFO - Filling up the DagBag from /opt/airflow/dags/batch_pipeline_dag.py
[2026-04-24T14:22:58.207+0000] {processor.py:840} INFO - DAG(s) 'batch_pipeline' retrieved from /opt/airflow/dags/batch_pipeline_dag.py
[2026-04-24T14:22:58.239+0000] {logging_mixin.py:188} INFO - [2026-04-24T14:22:58.239+0000] {dag.py:3036} INFO - Sync 1 DAGs
[2026-04-24T14:22:58.283+0000] {logging_mixin.py:188} INFO - [2026-04-24T14:22:58.282+0000] {dag.py:3823} INFO - Setting next_dagrun for batch_pipeline to 2026-04-24 14:22:00+00:00, run_after=2026-04-24 14:24:00+00:00
[2026-04-24T14:22:58.313+0000] {processor.py:183} INFO - Processing /opt/airflow/dags/batch_pipeline_dag.py took 0.134 seconds
[2026-04-24T14:23:28.399+0000] {processor.py:161} INFO - Started process (PID=149) to work on /opt/airflow/dags/batch_pipeline_dag.py
[2026-04-24T14:23:28.399+0000] {processor.py:830} INFO - Processing file /opt/airflow/dags/batch_pipeline_dag.py for tasks to queue
[2026-04-24T14:23:28.404+0000] {logging_mixin.py:188} INFO - [2026-04-24T14:23:28.403+0000] {dagbag.py:538} INFO - Filling up the DagBag from /opt/airflow/dags/batch_pipeline_dag.py
[2026-04-24T14:23:28.422+0000] {processor.py:840} INFO - DAG(s) 'batch_pipeline' retrieved from /opt/airflow/dags/batch_pipeline_dag.py
[2026-04-24T14:23:28.455+0000] {logging_mixin.py:188} INFO - [2026-04-24T14:23:28.455+0000] {dag.py:3036} INFO - Sync 1 DAGs
[2026-04-24T14:23:28.494+0000] {logging_mixin.py:188} INFO - [2026-04-24T14:23:28.494+0000] {dag.py:3823} INFO - Setting next_dagrun for batch_pipeline to 2026-04-24 14:22:00+00:00, run_after=2026-04-24 14:24:00+00:00
[2026-04-24T14:23:28.530+0000] {processor.py:183} INFO - Processing /opt/airflow/dags/batch_pipeline_dag.py took 0.135 seconds
[2026-04-24T14:23:58.730+0000] {processor.py:161} INFO - Started process (PID=150) to work on /opt/airflow/dags/batch_pipeline_dag.py
[2026-04-24T14:23:58.733+0000] {processor.py:830} INFO - Processing file /opt/airflow/dags/batch_pipeline_dag.py for tasks to queue
[2026-04-24T14:23:58.736+0000] {logging_mixin.py:188} INFO - [2026-04-24T14:23:58.735+0000] {dagbag.py:538} INFO - Filling up the DagBag from /opt/airflow/dags/batch_pipeline_dag.py
[2026-04-24T14:23:58.761+0000] {processor.py:840} INFO - DAG(s) 'batch_pipeline' retrieved from /opt/airflow/dags/batch_pipeline_dag.py
[2026-04-24T14:23:58.804+0000] {logging_mixin.py:188} INFO - [2026-04-24T14:23:58.804+0000] {dag.py:3036} INFO - Sync 1 DAGs
[2026-04-24T14:23:58.845+0000] {logging_mixin.py:188} INFO - [2026-04-24T14:23:58.844+0000] {dag.py:3823} INFO - Setting next_dagrun for batch_pipeline to 2026-04-24 14:22:00+00:00, run_after=2026-04-24 14:24:00+00:00
[2026-04-24T14:23:58.880+0000] {processor.py:183} INFO - Processing /opt/airflow/dags/batch_pipeline_dag.py took 0.154 seconds
[2026-04-24T14:24:28.955+0000] {processor.py:161} INFO - Started process (PID=151) to work on /opt/airflow/dags/batch_pipeline_dag.py
[2026-04-24T14:24:28.956+0000] {processor.py:830} INFO - Processing file /opt/airflow/dags/batch_pipeline_dag.py for tasks to queue
[2026-04-24T14:24:28.958+0000] {logging_mixin.py:188} INFO - [2026-04-24T14:24:28.957+0000] {dagbag.py:538} INFO - Filling up the DagBag from /opt/airflow/dags/batch_pipeline_dag.py
[2026-04-24T14:24:28.974+0000] {processor.py:840} INFO - DAG(s) 'batch_pipeline' retrieved from /opt/airflow/dags/batch_pipeline_dag.py
[2026-04-24T14:24:29.005+0000] {logging_mixin.py:188} INFO - [2026-04-24T14:24:29.005+0000] {dag.py:3036} INFO - Sync 1 DAGs
[2026-04-24T14:24:29.040+0000] {logging_mixin.py:188} INFO - [2026-04-24T14:24:29.040+0000] {dag.py:3823} INFO - Setting next_dagrun for batch_pipeline to 2026-04-24 14:24:00+00:00, run_after=2026-04-24 14:26:00+00:00
[2026-04-24T14:24:29.070+0000] {processor.py:183} INFO - Processing /opt/airflow/dags/batch_pipeline_dag.py took 0.119 seconds
[2026-04-24T14:24:59.285+0000] {processor.py:161} INFO - Started process (PID=152) to work on /opt/airflow/dags/batch_pipeline_dag.py
[2026-04-24T14:24:59.288+0000] {processor.py:830} INFO - Processing file /opt/airflow/dags/batch_pipeline_dag.py for tasks to queue
[2026-04-24T14:24:59.290+0000] {logging_mixin.py:188} INFO - [2026-04-24T14:24:59.290+0000] {dagbag.py:538} INFO - Filling up the DagBag from /opt/airflow/dags/batch_pipeline_dag.py
[2026-04-24T14:24:59.307+0000] {processor.py:840} INFO - DAG(s) 'batch_pipeline' retrieved from /opt/airflow/dags/batch_pipeline_dag.py
[2026-04-24T14:24:59.340+0000] {logging_mixin.py:188} INFO - [2026-04-24T14:24:59.340+0000] {dag.py:3036} INFO - Sync 1 DAGs
[2026-04-24T14:24:59.379+0000] {logging_mixin.py:188} INFO - [2026-04-24T14:24:59.378+0000] {dag.py:3823} INFO - Setting next_dagrun for batch_pipeline to 2026-04-24 14:24:00+00:00, run_after=2026-04-24 14:26:00+00:00
[2026-04-24T14:24:59.410+0000] {processor.py:183} INFO - Processing /opt/airflow/dags/batch_pipeline_dag.py took 0.131 seconds
[2026-04-24T14:25:29.481+0000] {processor.py:161} INFO - Started process (PID=153) to work on /opt/airflow/dags/batch_pipeline_dag.py
[2026-04-24T14:25:29.483+0000] {processor.py:830} INFO - Processing file /opt/airflow/dags/batch_pipeline_dag.py for tasks to queue
[2026-04-24T14:25:29.485+0000] {logging_mixin.py:188} INFO - [2026-04-24T14:25:29.485+0000] {dagbag.py:538} INFO - Filling up the DagBag from /opt/airflow/dags/batch_pipeline_dag.py
[2026-04-24T14:25:29.503+0000] {processor.py:840} INFO - DAG(s) 'batch_pipeline' retrieved from /opt/airflow/dags/batch_pipeline_dag.py
[2026-04-24T14:25:29.536+0000] {logging_mixin.py:188} INFO - [2026-04-24T14:25:29.536+0000] {dag.py:3036} INFO - Sync 1 DAGs
[2026-04-24T14:25:29.572+0000] {logging_mixin.py:188} INFO - [2026-04-24T14:25:29.572+0000] {dag.py:3823} INFO - Setting next_dagrun for batch_pipeline to 2026-04-24 14:24:00+00:00, run_after=2026-04-24 14:26:00+00:00
[2026-04-24T14:25:29.605+0000] {processor.py:183} INFO - Processing /opt/airflow/dags/batch_pipeline_dag.py took 0.128 seconds
[2026-04-24T14:25:59.821+0000] {processor.py:161} INFO - Started process (PID=154) to work on /opt/airflow/dags/batch_pipeline_dag.py
[2026-04-24T14:25:59.824+0000] {processor.py:830} INFO - Processing file /opt/airflow/dags/batch_pipeline_dag.py for tasks to queue
[2026-04-24T14:25:59.826+0000] {logging_mixin.py:188} INFO - [2026-04-24T14:25:59.825+0000] {dagbag.py:538} INFO - Filling up the DagBag from /opt/airflow/dags/batch_pipeline_dag.py
[2026-04-24T14:25:59.845+0000] {processor.py:840} INFO - DAG(s) 'batch_pipeline' retrieved from /opt/airflow/dags/batch_pipeline_dag.py
[2026-04-24T14:25:59.878+0000] {logging_mixin.py:188} INFO - [2026-04-24T14:25:59.878+0000] {dag.py:3036} INFO - Sync 1 DAGs
[2026-04-24T14:25:59.914+0000] {logging_mixin.py:188} INFO - [2026-04-24T14:25:59.914+0000] {dag.py:3823} INFO - Setting next_dagrun for batch_pipeline to 2026-04-24 14:24:00+00:00, run_after=2026-04-24 14:26:00+00:00
[2026-04-24T14:25:59.943+0000] {processor.py:183} INFO - Processing /opt/airflow/dags/batch_pipeline_dag.py took 0.126 seconds
[2026-04-24T14:26:30.022+0000] {processor.py:161} INFO - Started process (PID=155) to work on /opt/airflow/dags/batch_pipeline_dag.py
[2026-04-24T14:26:30.023+0000] {processor.py:830} INFO - Processing file /opt/airflow/dags/batch_pipeline_dag.py for tasks to queue
[2026-04-24T14:26:30.025+0000] {logging_mixin.py:188} INFO - [2026-04-24T14:26:30.024+0000] {dagbag.py:538} INFO - Filling up the DagBag from /opt/airflow/dags/batch_pipeline_dag.py
[2026-04-24T14:26:30.041+0000] {processor.py:840} INFO - DAG(s) 'batch_pipeline' retrieved from /opt/airflow/dags/batch_pipeline_dag.py
[2026-04-24T14:26:30.075+0000] {logging_mixin.py:188} INFO - [2026-04-24T14:26:30.075+0000] {dag.py:3036} INFO - Sync 1 DAGs
[2026-04-24T14:26:30.112+0000] {logging_mixin.py:188} INFO - [2026-04-24T14:26:30.111+0000] {dag.py:3823} INFO - Setting next_dagrun for batch_pipeline to 2026-04-24 14:26:00+00:00, run_after=2026-04-24 14:28:00+00:00
[2026-04-24T14:26:30.152+0000] {processor.py:183} INFO - Processing /opt/airflow/dags/batch_pipeline_dag.py took 0.134 seconds
[2026-04-24T14:27:00.341+0000] {processor.py:161} INFO - Started process (PID=156) to work on /opt/airflow/dags/batch_pipeline_dag.py
[2026-04-24T14:27:00.344+0000] {processor.py:830} INFO - Processing file /opt/airflow/dags/batch_pipeline_dag.py for tasks to queue
[2026-04-24T14:27:00.349+0000] {logging_mixin.py:188} INFO - [2026-04-24T14:27:00.349+0000] {dagbag.py:538} INFO - Filling up the DagBag from /opt/airflow/dags/batch_pipeline_dag.py
[2026-04-24T14:27:00.373+0000] {processor.py:840} INFO - DAG(s) 'batch_pipeline' retrieved from /opt/airflow/dags/batch_pipeline_dag.py
[2026-04-24T14:27:00.409+0000] {logging_mixin.py:188} INFO - [2026-04-24T14:27:00.409+0000] {dag.py:3036} INFO - Sync 1 DAGs
[2026-04-24T14:27:00.449+0000] {logging_mixin.py:188} INFO - [2026-04-24T14:27:00.449+0000] {dag.py:3823} INFO - Setting next_dagrun for batch_pipeline to 2026-04-24 14:26:00+00:00, run_after=2026-04-24 14:28:00+00:00
[2026-04-24T14:27:00.481+0000] {processor.py:183} INFO - Processing /opt/airflow/dags/batch_pipeline_dag.py took 0.145 seconds
[2026-04-24T14:27:30.565+0000] {processor.py:161} INFO - Started process (PID=157) to work on /opt/airflow/dags/batch_pipeline_dag.py
[2026-04-24T14:27:30.567+0000] {processor.py:830} INFO - Processing file /opt/airflow/dags/batch_pipeline_dag.py for tasks to queue
[2026-04-24T14:27:30.570+0000] {logging_mixin.py:188} INFO - [2026-04-24T14:27:30.570+0000] {dagbag.py:538} INFO - Filling up the DagBag from /opt/airflow/dags/batch_pipeline_dag.py
[2026-04-24T14:27:30.590+0000] {processor.py:840} INFO - DAG(s) 'batch_pipeline' retrieved from /opt/airflow/dags/batch_pipeline_dag.py
[2026-04-24T14:27:30.632+0000] {logging_mixin.py:188} INFO - [2026-04-24T14:27:30.631+0000] {dag.py:3036} INFO - Sync 1 DAGs
[2026-04-24T14:27:30.674+0000] {logging_mixin.py:188} INFO - [2026-04-24T14:27:30.673+0000] {dag.py:3823} INFO - Setting next_dagrun for batch_pipeline to 2026-04-24 14:26:00+00:00, run_after=2026-04-24 14:28:00+00:00
[2026-04-24T14:27:30.705+0000] {processor.py:183} INFO - Processing /opt/airflow/dags/batch_pipeline_dag.py took 0.147 seconds
[2026-04-24T14:28:00.950+0000] {processor.py:161} INFO - Started process (PID=158) to work on /opt/airflow/dags/batch_pipeline_dag.py
[2026-04-24T14:28:00.953+0000] {processor.py:830} INFO - Processing file /opt/airflow/dags/batch_pipeline_dag.py for tasks to queue
[2026-04-24T14:28:00.956+0000] {logging_mixin.py:188} INFO - [2026-04-24T14:28:00.956+0000] {dagbag.py:538} INFO - Filling up the DagBag from /opt/airflow/dags/batch_pipeline_dag.py
[2026-04-24T14:28:00.996+0000] {processor.py:840} INFO - DAG(s) 'batch_pipeline' retrieved from /opt/airflow/dags/batch_pipeline_dag.py
[2026-04-24T14:28:01.039+0000] {logging_mixin.py:188} INFO - [2026-04-24T14:28:01.038+0000] {dag.py:3036} INFO - Sync 1 DAGs
[2026-04-24T14:28:01.080+0000] {logging_mixin.py:188} INFO - [2026-04-24T14:28:01.080+0000] {dag.py:3823} INFO - Setting next_dagrun for batch_pipeline to 2026-04-24 14:28:00+00:00, run_after=2026-04-24 14:30:00+00:00
[2026-04-24T14:28:01.119+0000] {processor.py:183} INFO - Processing /opt/airflow/dags/batch_pipeline_dag.py took 0.179 seconds
[2026-04-24T14:28:31.160+0000] {processor.py:161} INFO - Started process (PID=159) to work on /opt/airflow/dags/batch_pipeline_dag.py
[2026-04-24T14:28:31.163+0000] {processor.py:830} INFO - Processing file /opt/airflow/dags/batch_pipeline_dag.py for tasks to queue
[2026-04-24T14:28:31.166+0000] {logging_mixin.py:188} INFO - [2026-04-24T14:28:31.165+0000] {dagbag.py:538} INFO - Filling up the DagBag from /opt/airflow/dags/batch_pipeline_dag.py
[2026-04-24T14:28:31.185+0000] {processor.py:840} INFO - DAG(s) 'batch_pipeline' retrieved from /opt/airflow/dags/batch_pipeline_dag.py
[2026-04-24T14:28:31.223+0000] {logging_mixin.py:188} INFO - [2026-04-24T14:28:31.222+0000] {dag.py:3036} INFO - Sync 1 DAGs
[2026-04-24T14:28:31.264+0000] {logging_mixin.py:188} INFO - [2026-04-24T14:28:31.264+0000] {dag.py:3823} INFO - Setting next_dagrun for batch_pipeline to 2026-04-24 14:28:00+00:00, run_after=2026-04-24 14:30:00+00:00
[2026-04-24T14:28:31.296+0000] {processor.py:183} INFO - Processing /opt/airflow/dags/batch_pipeline_dag.py took 0.141 seconds
[2026-04-24T14:29:01.376+0000] {processor.py:161} INFO - Started process (PID=160) to work on /opt/airflow/dags/batch_pipeline_dag.py
[2026-04-24T14:29:01.377+0000] {processor.py:830} INFO - Processing file /opt/airflow/dags/batch_pipeline_dag.py for tasks to queue
[2026-04-24T14:29:01.379+0000] {logging_mixin.py:188} INFO - [2026-04-24T14:29:01.378+0000] {dagbag.py:538} INFO - Filling up the DagBag from /opt/airflow/dags/batch_pipeline_dag.py
[2026-04-24T14:29:01.398+0000] {processor.py:840} INFO - DAG(s) 'batch_pipeline' retrieved from /opt/airflow/dags/batch_pipeline_dag.py
[2026-04-24T14:29:01.430+0000] {logging_mixin.py:188} INFO - [2026-04-24T14:29:01.430+0000] {dag.py:3036} INFO - Sync 1 DAGs
[2026-04-24T14:29:01.467+0000] {logging_mixin.py:188} INFO - [2026-04-24T14:29:01.466+0000] {dag.py:3823} INFO - Setting next_dagrun for batch_pipeline to 2026-04-24 14:28:00+00:00, run_after=2026-04-24 14:30:00+00:00
[2026-04-24T14:29:01.500+0000] {processor.py:183} INFO - Processing /opt/airflow/dags/batch_pipeline_dag.py took 0.129 seconds
[2026-04-24T14:29:31.731+0000] {processor.py:161} INFO - Started process (PID=161) to work on /opt/airflow/dags/batch_pipeline_dag.py
[2026-04-24T14:29:31.734+0000] {processor.py:830} INFO - Processing file /opt/airflow/dags/batch_pipeline_dag.py for tasks to queue
[2026-04-24T14:29:31.736+0000] {logging_mixin.py:188} INFO - [2026-04-24T14:29:31.736+0000] {dagbag.py:538} INFO - Filling up the DagBag from /opt/airflow/dags/batch_pipeline_dag.py
[2026-04-24T14:29:31.761+0000] {processor.py:840} INFO - DAG(s) 'batch_pipeline' retrieved from /opt/airflow/dags/batch_pipeline_dag.py
[2026-04-24T14:29:31.793+0000] {logging_mixin.py:188} INFO - [2026-04-24T14:29:31.793+0000] {dag.py:3036} INFO - Sync 1 DAGs
[2026-04-24T14:29:31.829+0000] {logging_mixin.py:188} INFO - [2026-04-24T14:29:31.828+0000] {dag.py:3823} INFO - Setting next_dagrun for batch_pipeline to 2026-04-24 14:28:00+00:00, run_after=2026-04-24 14:30:00+00:00
[2026-04-24T14:29:31.855+0000] {processor.py:183} INFO - Processing /opt/airflow/dags/batch_pipeline_dag.py took 0.131 seconds
[2026-04-24T14:30:01.938+0000] {processor.py:161} INFO - Started process (PID=162) to work on /opt/airflow/dags/batch_pipeline_dag.py
[2026-04-24T14:30:01.939+0000] {processor.py:830} INFO - Processing file /opt/airflow/dags/batch_pipeline_dag.py for tasks to queue
[2026-04-24T14:30:01.941+0000] {logging_mixin.py:188} INFO - [2026-04-24T14:30:01.941+0000] {dagbag.py:538} INFO - Filling up the DagBag from /opt/airflow/dags/batch_pipeline_dag.py
[2026-04-24T14:30:01.961+0000] {processor.py:840} INFO - DAG(s) 'batch_pipeline' retrieved from /opt/airflow/dags/batch_pipeline_dag.py
[2026-04-24T14:30:02.001+0000] {logging_mixin.py:188} INFO - [2026-04-24T14:30:02.000+0000] {dag.py:3036} INFO - Sync 1 DAGs
[2026-04-24T14:30:02.045+0000] {logging_mixin.py:188} INFO - [2026-04-24T14:30:02.045+0000] {dag.py:3823} INFO - Setting next_dagrun for batch_pipeline to 2026-04-24 14:30:00+00:00, run_after=2026-04-24 14:32:00+00:00
[2026-04-24T14:30:02.081+0000] {processor.py:183} INFO - Processing /opt/airflow/dags/batch_pipeline_dag.py took 0.147 seconds
[2026-04-24T14:30:32.262+0000] {processor.py:161} INFO - Started process (PID=163) to work on /opt/airflow/dags/batch_pipeline_dag.py
[2026-04-24T14:30:32.264+0000] {processor.py:830} INFO - Processing file /opt/airflow/dags/batch_pipeline_dag.py for tasks to queue
[2026-04-24T14:30:32.266+0000] {logging_mixin.py:188} INFO - [2026-04-24T14:30:32.266+0000] {dagbag.py:538} INFO - Filling up the DagBag from /opt/airflow/dags/batch_pipeline_dag.py
[2026-04-24T14:30:32.286+0000] {processor.py:840} INFO - DAG(s) 'batch_pipeline' retrieved from /opt/airflow/dags/batch_pipeline_dag.py
[2026-04-24T14:30:32.318+0000] {logging_mixin.py:188} INFO - [2026-04-24T14:30:32.318+0000] {dag.py:3036} INFO - Sync 1 DAGs
[2026-04-24T14:30:32.355+0000] {logging_mixin.py:188} INFO - [2026-04-24T14:30:32.355+0000] {dag.py:3823} INFO - Setting next_dagrun for batch_pipeline to 2026-04-24 14:30:00+00:00, run_after=2026-04-24 14:32:00+00:00
[2026-04-24T14:30:32.386+0000] {processor.py:183} INFO - Processing /opt/airflow/dags/batch_pipeline_dag.py took 0.129 seconds
[2026-04-24T14:31:02.499+0000] {processor.py:161} INFO - Started process (PID=164) to work on /opt/airflow/dags/batch_pipeline_dag.py
[2026-04-24T14:31:02.502+0000] {processor.py:830} INFO - Processing file /opt/airflow/dags/batch_pipeline_dag.py for tasks to queue
[2026-04-24T14:31:02.504+0000] {logging_mixin.py:188} INFO - [2026-04-24T14:31:02.503+0000] {dagbag.py:538} INFO - Filling up the DagBag from /opt/airflow/dags/batch_pipeline_dag.py
[2026-04-24T14:31:02.520+0000] {processor.py:840} INFO - DAG(s) 'batch_pipeline' retrieved from /opt/airflow/dags/batch_pipeline_dag.py
[2026-04-24T14:31:02.554+0000] {logging_mixin.py:188} INFO - [2026-04-24T14:31:02.554+0000] {dag.py:3036} INFO - Sync 1 DAGs
[2026-04-24T14:31:02.594+0000] {logging_mixin.py:188} INFO - [2026-04-24T14:31:02.594+0000] {dag.py:3823} INFO - Setting next_dagrun for batch_pipeline to 2026-04-24 14:30:00+00:00, run_after=2026-04-24 14:32:00+00:00
[2026-04-24T14:31:02.620+0000] {processor.py:183} INFO - Processing /opt/airflow/dags/batch_pipeline_dag.py took 0.124 seconds
[2026-04-24T14:31:32.784+0000] {processor.py:161} INFO - Started process (PID=165) to work on /opt/airflow/dags/batch_pipeline_dag.py
[2026-04-24T14:31:32.785+0000] {processor.py:830} INFO - Processing file /opt/airflow/dags/batch_pipeline_dag.py for tasks to queue
[2026-04-24T14:31:32.786+0000] {logging_mixin.py:188} INFO - [2026-04-24T14:31:32.786+0000] {dagbag.py:538} INFO - Filling up the DagBag from /opt/airflow/dags/batch_pipeline_dag.py
[2026-04-24T14:31:32.803+0000] {processor.py:840} INFO - DAG(s) 'batch_pipeline' retrieved from /opt/airflow/dags/batch_pipeline_dag.py
[2026-04-24T14:31:32.832+0000] {logging_mixin.py:188} INFO - [2026-04-24T14:31:32.831+0000] {dag.py:3036} INFO - Sync 1 DAGs
[2026-04-24T14:31:32.865+0000] {logging_mixin.py:188} INFO - [2026-04-24T14:31:32.864+0000] {dag.py:3823} INFO - Setting next_dagrun for batch_pipeline to 2026-04-24 14:30:00+00:00, run_after=2026-04-24 14:32:00+00:00
[2026-04-24T14:31:32.892+0000] {processor.py:183} INFO - Processing /opt/airflow/dags/batch_pipeline_dag.py took 0.112 seconds
[2026-04-24T14:32:03.031+0000] {processor.py:161} INFO - Started process (PID=166) to work on /opt/airflow/dags/batch_pipeline_dag.py
[2026-04-24T14:32:03.035+0000] {processor.py:830} INFO - Processing file /opt/airflow/dags/batch_pipeline_dag.py for tasks to queue
[2026-04-24T14:32:03.040+0000] {logging_mixin.py:188} INFO - [2026-04-24T14:32:03.039+0000] {dagbag.py:538} INFO - Filling up the DagBag from /opt/airflow/dags/batch_pipeline_dag.py
[2026-04-24T14:32:03.072+0000] {processor.py:840} INFO - DAG(s) 'batch_pipeline' retrieved from /opt/airflow/dags/batch_pipeline_dag.py
[2026-04-24T14:32:03.133+0000] {logging_mixin.py:188} INFO - [2026-04-24T14:32:03.133+0000] {dag.py:3036} INFO - Sync 1 DAGs
[2026-04-24T14:32:03.196+0000] {logging_mixin.py:188} INFO - [2026-04-24T14:32:03.196+0000] {dag.py:3823} INFO - Setting next_dagrun for batch_pipeline to 2026-04-24 14:32:00+00:00, run_after=2026-04-24 14:34:00+00:00
[2026-04-24T14:32:03.247+0000] {processor.py:183} INFO - Processing /opt/airflow/dags/batch_pipeline_dag.py took 0.225 seconds
[2026-04-24T14:32:33.293+0000] {processor.py:161} INFO - Started process (PID=167) to work on /opt/airflow/dags/batch_pipeline_dag.py
[2026-04-24T14:32:33.296+0000] {processor.py:830} INFO - Processing file /opt/airflow/dags/batch_pipeline_dag.py for tasks to queue
[2026-04-24T14:32:33.300+0000] {logging_mixin.py:188} INFO - [2026-04-24T14:32:33.299+0000] {dagbag.py:538} INFO - Filling up the DagBag from /opt/airflow/dags/batch_pipeline_dag.py
[2026-04-24T14:32:33.322+0000] {processor.py:840} INFO - DAG(s) 'batch_pipeline' retrieved from /opt/airflow/dags/batch_pipeline_dag.py
[2026-04-24T14:32:33.375+0000] {logging_mixin.py:188} INFO - [2026-04-24T14:32:33.373+0000] {dag.py:3036} INFO - Sync 1 DAGs
[2026-04-24T14:32:33.417+0000] {logging_mixin.py:188} INFO - [2026-04-24T14:32:33.417+0000] {dag.py:3823} INFO - Setting next_dagrun for batch_pipeline to 2026-04-24 14:32:00+00:00, run_after=2026-04-24 14:34:00+00:00
[2026-04-24T14:32:33.451+0000] {processor.py:183} INFO - Processing /opt/airflow/dags/batch_pipeline_dag.py took 0.167 seconds
[2026-04-24T14:33:03.685+0000] {processor.py:161} INFO - Started process (PID=168) to work on /opt/airflow/dags/batch_pipeline_dag.py
[2026-04-24T14:33:03.688+0000] {processor.py:830} INFO - Processing file /opt/airflow/dags/batch_pipeline_dag.py for tasks to queue
[2026-04-24T14:33:03.691+0000] {logging_mixin.py:188} INFO - [2026-04-24T14:33:03.691+0000] {dagbag.py:538} INFO - Filling up the DagBag from /opt/airflow/dags/batch_pipeline_dag.py
[2026-04-24T14:33:03.707+0000] {processor.py:840} INFO - DAG(s) 'batch_pipeline' retrieved from /opt/airflow/dags/batch_pipeline_dag.py
[2026-04-24T14:33:03.740+0000] {logging_mixin.py:188} INFO - [2026-04-24T14:33:03.740+0000] {dag.py:3036} INFO - Sync 1 DAGs
[2026-04-24T14:33:03.777+0000] {logging_mixin.py:188} INFO - [2026-04-24T14:33:03.777+0000] {dag.py:3823} INFO - Setting next_dagrun for batch_pipeline to 2026-04-24 14:32:00+00:00, run_after=2026-04-24 14:34:00+00:00
[2026-04-24T14:33:03.808+0000] {processor.py:183} INFO - Processing /opt/airflow/dags/batch_pipeline_dag.py took 0.127 seconds
[2026-04-24T14:33:33.892+0000] {processor.py:161} INFO - Started process (PID=169) to work on /opt/airflow/dags/batch_pipeline_dag.py
[2026-04-24T14:33:33.893+0000] {processor.py:830} INFO - Processing file /opt/airflow/dags/batch_pipeline_dag.py for tasks to queue
[2026-04-24T14:33:33.896+0000] {logging_mixin.py:188} INFO - [2026-04-24T14:33:33.895+0000] {dagbag.py:538} INFO - Filling up the DagBag from /opt/airflow/dags/batch_pipeline_dag.py
[2026-04-24T14:33:33.917+0000] {processor.py:840} INFO - DAG(s) 'batch_pipeline' retrieved from /opt/airflow/dags/batch_pipeline_dag.py
[2026-04-24T14:33:33.959+0000] {logging_mixin.py:188} INFO - [2026-04-24T14:33:33.959+0000] {dag.py:3036} INFO - Sync 1 DAGs
[2026-04-24T14:33:34.000+0000] {logging_mixin.py:188} INFO - [2026-04-24T14:33:34.000+0000] {dag.py:3823} INFO - Setting next_dagrun for batch_pipeline to 2026-04-24 14:32:00+00:00, run_after=2026-04-24 14:34:00+00:00
[2026-04-24T14:33:34.029+0000] {processor.py:183} INFO - Processing /opt/airflow/dags/batch_pipeline_dag.py took 0.143 seconds
[2026-04-24T14:33:44.077+0000] {processor.py:161} INFO - Started process (PID=170) to work on /opt/airflow/dags/batch_pipeline_dag.py
[2026-04-24T14:33:44.080+0000] {processor.py:830} INFO - Processing file /opt/airflow/dags/batch_pipeline_dag.py for tasks to queue
[2026-04-24T14:33:44.082+0000] {logging_mixin.py:188} INFO - [2026-04-24T14:33:44.081+0000] {dagbag.py:538} INFO - Filling up the DagBag from /opt/airflow/dags/batch_pipeline_dag.py
[2026-04-24T14:33:44.098+0000] {processor.py:840} INFO - DAG(s) 'batch_pipeline' retrieved from /opt/airflow/dags/batch_pipeline_dag.py
[2026-04-24T14:33:44.127+0000] {logging_mixin.py:188} INFO - [2026-04-24T14:33:44.127+0000] {dag.py:3036} INFO - Sync 1 DAGs
[2026-04-24T14:33:44.158+0000] {logging_mixin.py:188} INFO - [2026-04-24T14:33:44.158+0000] {dag.py:3823} INFO - Setting next_dagrun for batch_pipeline to 2026-04-24 14:32:00+00:00, run_after=2026-04-24 14:34:00+00:00
[2026-04-24T14:33:44.190+0000] {processor.py:183} INFO - Processing /opt/airflow/dags/batch_pipeline_dag.py took 0.117 seconds
[2026-04-24T14:34:14.312+0000] {processor.py:161} INFO - Started process (PID=171) to work on /opt/airflow/dags/batch_pipeline_dag.py
[2026-04-24T14:34:14.313+0000] {processor.py:830} INFO - Processing file /opt/airflow/dags/batch_pipeline_dag.py for tasks to queue
[2026-04-24T14:34:14.316+0000] {logging_mixin.py:188} INFO - [2026-04-24T14:34:14.316+0000] {dagbag.py:538} INFO - Filling up the DagBag from /opt/airflow/dags/batch_pipeline_dag.py
[2026-04-24T14:34:14.331+0000] {processor.py:840} INFO - DAG(s) 'batch_pipeline' retrieved from /opt/airflow/dags/batch_pipeline_dag.py
[2026-04-24T14:34:14.363+0000] {logging_mixin.py:188} INFO - [2026-04-24T14:34:14.362+0000] {dag.py:3036} INFO - Sync 1 DAGs
[2026-04-24T14:34:14.398+0000] {logging_mixin.py:188} INFO - [2026-04-24T14:34:14.397+0000] {dag.py:3823} INFO - Setting next_dagrun for batch_pipeline to 2026-04-24 14:34:00+00:00, run_after=2026-04-24 14:36:00+00:00
[2026-04-24T14:34:14.427+0000] {processor.py:183} INFO - Processing /opt/airflow/dags/batch_pipeline_dag.py took 0.118 seconds
[2026-04-24T14:34:44.580+0000] {processor.py:161} INFO - Started process (PID=172) to work on /opt/airflow/dags/batch_pipeline_dag.py
[2026-04-24T14:34:44.582+0000] {processor.py:830} INFO - Processing file /opt/airflow/dags/batch_pipeline_dag.py for tasks to queue
[2026-04-24T14:34:44.586+0000] {logging_mixin.py:188} INFO - [2026-04-24T14:34:44.585+0000] {dagbag.py:538} INFO - Filling up the DagBag from /opt/airflow/dags/batch_pipeline_dag.py
[2026-04-24T14:34:44.601+0000] {processor.py:840} INFO - DAG(s) 'batch_pipeline' retrieved from /opt/airflow/dags/batch_pipeline_dag.py
[2026-04-24T14:34:44.633+0000] {logging_mixin.py:188} INFO - [2026-04-24T14:34:44.632+0000] {dag.py:3036} INFO - Sync 1 DAGs
[2026-04-24T14:34:44.667+0000] {logging_mixin.py:188} INFO - [2026-04-24T14:34:44.667+0000] {dag.py:3823} INFO - Setting next_dagrun for batch_pipeline to 2026-04-24 14:34:00+00:00, run_after=2026-04-24 14:36:00+00:00
[2026-04-24T14:34:44.695+0000] {processor.py:183} INFO - Processing /opt/airflow/dags/batch_pipeline_dag.py took 0.118 seconds
[2026-04-24T14:35:14.831+0000] {processor.py:161} INFO - Started process (PID=173) to work on /opt/airflow/dags/batch_pipeline_dag.py
[2026-04-24T14:35:14.832+0000] {processor.py:830} INFO - Processing file /opt/airflow/dags/batch_pipeline_dag.py for tasks to queue
[2026-04-24T14:35:14.836+0000] {logging_mixin.py:188} INFO - [2026-04-24T14:35:14.836+0000] {dagbag.py:538} INFO - Filling up the DagBag from /opt/airflow/dags/batch_pipeline_dag.py
[2026-04-24T14:35:14.852+0000] {processor.py:840} INFO - DAG(s) 'batch_pipeline' retrieved from /opt/airflow/dags/batch_pipeline_dag.py
[2026-04-24T14:35:14.888+0000] {logging_mixin.py:188} INFO - [2026-04-24T14:35:14.888+0000] {dag.py:3036} INFO - Sync 1 DAGs
[2026-04-24T14:35:14.923+0000] {logging_mixin.py:188} INFO - [2026-04-24T14:35:14.923+0000] {dag.py:3823} INFO - Setting next_dagrun for batch_pipeline to 2026-04-24 14:34:00+00:00, run_after=2026-04-24 14:36:00+00:00
[2026-04-24T14:35:14.952+0000] {processor.py:183} INFO - Processing /opt/airflow/dags/batch_pipeline_dag.py took 0.124 seconds
[2026-04-24T14:35:45.087+0000] {processor.py:161} INFO - Started process (PID=174) to work on /opt/airflow/dags/batch_pipeline_dag.py
[2026-04-24T14:35:45.088+0000] {processor.py:830} INFO - Processing file /opt/airflow/dags/batch_pipeline_dag.py for tasks to queue
[2026-04-24T14:35:45.090+0000] {logging_mixin.py:188} INFO - [2026-04-24T14:35:45.090+0000] {dagbag.py:538} INFO - Filling up the DagBag from /opt/airflow/dags/batch_pipeline_dag.py
[2026-04-24T14:35:45.106+0000] {processor.py:840} INFO - DAG(s) 'batch_pipeline' retrieved from /opt/airflow/dags/batch_pipeline_dag.py
[2026-04-24T14:35:45.140+0000] {logging_mixin.py:188} INFO - [2026-04-24T14:35:45.139+0000] {dag.py:3036} INFO - Sync 1 DAGs
[2026-04-24T14:35:45.174+0000] {logging_mixin.py:188} INFO - [2026-04-24T14:35:45.173+0000] {dag.py:3823} INFO - Setting next_dagrun for batch_pipeline to 2026-04-24 14:34:00+00:00, run_after=2026-04-24 14:36:00+00:00
[2026-04-24T14:35:45.203+0000] {processor.py:183} INFO - Processing /opt/airflow/dags/batch_pipeline_dag.py took 0.121 seconds
[2026-04-24T14:36:15.337+0000] {processor.py:161} INFO - Started process (PID=175) to work on /opt/airflow/dags/batch_pipeline_dag.py
[2026-04-24T14:36:15.340+0000] {processor.py:830} INFO - Processing file /opt/airflow/dags/batch_pipeline_dag.py for tasks to queue
[2026-04-24T14:36:15.342+0000] {logging_mixin.py:188} INFO - [2026-04-24T14:36:15.341+0000] {dagbag.py:538} INFO - Filling up the DagBag from /opt/airflow/dags/batch_pipeline_dag.py
[2026-04-24T14:36:15.357+0000] {processor.py:840} INFO - DAG(s) 'batch_pipeline' retrieved from /opt/airflow/dags/batch_pipeline_dag.py
[2026-04-24T14:36:15.386+0000] {logging_mixin.py:188} INFO - [2026-04-24T14:36:15.385+0000] {dag.py:3036} INFO - Sync 1 DAGs
[2026-04-24T14:36:15.418+0000] {logging_mixin.py:188} INFO - [2026-04-24T14:36:15.417+0000] {dag.py:3823} INFO - Setting next_dagrun for batch_pipeline to 2026-04-24 14:36:00+00:00, run_after=2026-04-24 14:38:00+00:00
[2026-04-24T14:36:15.444+0000] {processor.py:183} INFO - Processing /opt/airflow/dags/batch_pipeline_dag.py took 0.111 seconds
[2026-04-24T14:36:45.615+0000] {processor.py:161} INFO - Started process (PID=176) to work on /opt/airflow/dags/batch_pipeline_dag.py
[2026-04-24T14:36:45.616+0000] {processor.py:830} INFO - Processing file /opt/airflow/dags/batch_pipeline_dag.py for tasks to queue
[2026-04-24T14:36:45.618+0000] {logging_mixin.py:188} INFO - [2026-04-24T14:36:45.617+0000] {dagbag.py:538} INFO - Filling up the DagBag from /opt/airflow/dags/batch_pipeline_dag.py
[2026-04-24T14:36:45.633+0000] {processor.py:840} INFO - DAG(s) 'batch_pipeline' retrieved from /opt/airflow/dags/batch_pipeline_dag.py
[2026-04-24T14:36:45.665+0000] {logging_mixin.py:188} INFO - [2026-04-24T14:36:45.665+0000] {dag.py:3036} INFO - Sync 1 DAGs
[2026-04-24T14:36:45.707+0000] {logging_mixin.py:188} INFO - [2026-04-24T14:36:45.706+0000] {dag.py:3823} INFO - Setting next_dagrun for batch_pipeline to 2026-04-24 14:36:00+00:00, run_after=2026-04-24 14:38:00+00:00
[2026-04-24T14:36:45.733+0000] {processor.py:183} INFO - Processing /opt/airflow/dags/batch_pipeline_dag.py took 0.123 seconds
[2026-04-24T14:37:15.861+0000] {processor.py:161} INFO - Started process (PID=177) to work on /opt/airflow/dags/batch_pipeline_dag.py
[2026-04-24T14:37:15.863+0000] {processor.py:830} INFO - Processing file /opt/airflow/dags/batch_pipeline_dag.py for tasks to queue
[2026-04-24T14:37:15.867+0000] {logging_mixin.py:188} INFO - [2026-04-24T14:37:15.866+0000] {dagbag.py:538} INFO - Filling up the DagBag from /opt/airflow/dags/batch_pipeline_dag.py
[2026-04-24T14:37:15.886+0000] {processor.py:840} INFO - DAG(s) 'batch_pipeline' retrieved from /opt/airflow/dags/batch_pipeline_dag.py
[2026-04-24T14:37:15.922+0000] {logging_mixin.py:188} INFO - [2026-04-24T14:37:15.922+0000] {dag.py:3036} INFO - Sync 1 DAGs
[2026-04-24T14:37:15.959+0000] {logging_mixin.py:188} INFO - [2026-04-24T14:37:15.959+0000] {dag.py:3823} INFO - Setting next_dagrun for batch_pipeline to 2026-04-24 14:36:00+00:00, run_after=2026-04-24 14:38:00+00:00
[2026-04-24T14:37:15.987+0000] {processor.py:183} INFO - Processing /opt/airflow/dags/batch_pipeline_dag.py took 0.130 seconds
[2026-04-24T14:37:46.168+0000] {processor.py:161} INFO - Started process (PID=178) to work on /opt/airflow/dags/batch_pipeline_dag.py
[2026-04-24T14:37:46.169+0000] {processor.py:830} INFO - Processing file /opt/airflow/dags/batch_pipeline_dag.py for tasks to queue
[2026-04-24T14:37:46.172+0000] {logging_mixin.py:188} INFO - [2026-04-24T14:37:46.171+0000] {dagbag.py:538} INFO - Filling up the DagBag from /opt/airflow/dags/batch_pipeline_dag.py
[2026-04-24T14:37:46.192+0000] {processor.py:840} INFO - DAG(s) 'batch_pipeline' retrieved from /opt/airflow/dags/batch_pipeline_dag.py
[2026-04-24T14:37:46.227+0000] {logging_mixin.py:188} INFO - [2026-04-24T14:37:46.227+0000] {dag.py:3036} INFO - Sync 1 DAGs
[2026-04-24T14:37:46.270+0000] {logging_mixin.py:188} INFO - [2026-04-24T14:37:46.270+0000] {dag.py:3823} INFO - Setting next_dagrun for batch_pipeline to 2026-04-24 14:36:00+00:00, run_after=2026-04-24 14:38:00+00:00
[2026-04-24T14:37:46.302+0000] {processor.py:183} INFO - Processing /opt/airflow/dags/batch_pipeline_dag.py took 0.140 seconds
[2026-04-24T14:38:16.421+0000] {processor.py:161} INFO - Started process (PID=179) to work on /opt/airflow/dags/batch_pipeline_dag.py
[2026-04-24T14:38:16.422+0000] {processor.py:830} INFO - Processing file /opt/airflow/dags/batch_pipeline_dag.py for tasks to queue
[2026-04-24T14:38:16.425+0000] {logging_mixin.py:188} INFO - [2026-04-24T14:38:16.424+0000] {dagbag.py:538} INFO - Filling up the DagBag from /opt/airflow/dags/batch_pipeline_dag.py
[2026-04-24T14:38:16.453+0000] {processor.py:840} INFO - DAG(s) 'batch_pipeline' retrieved from /opt/airflow/dags/batch_pipeline_dag.py
[2026-04-24T14:38:16.505+0000] {logging_mixin.py:188} INFO - [2026-04-24T14:38:16.504+0000] {dag.py:3036} INFO - Sync 1 DAGs
[2026-04-24T14:38:16.574+0000] {logging_mixin.py:188} INFO - [2026-04-24T14:38:16.573+0000] {dag.py:3823} INFO - Setting next_dagrun for batch_pipeline to 2026-04-24 14:38:00+00:00, run_after=2026-04-24 14:40:00+00:00
[2026-04-24T14:38:16.609+0000] {processor.py:183} INFO - Processing /opt/airflow/dags/batch_pipeline_dag.py took 0.194 seconds
[2026-04-24T14:38:46.711+0000] {processor.py:161} INFO - Started process (PID=180) to work on /opt/airflow/dags/batch_pipeline_dag.py
[2026-04-24T14:38:46.713+0000] {processor.py:830} INFO - Processing file /opt/airflow/dags/batch_pipeline_dag.py for tasks to queue
[2026-04-24T14:38:46.715+0000] {logging_mixin.py:188} INFO - [2026-04-24T14:38:46.715+0000] {dagbag.py:538} INFO - Filling up the DagBag from /opt/airflow/dags/batch_pipeline_dag.py
[2026-04-24T14:38:46.739+0000] {processor.py:840} INFO - DAG(s) 'batch_pipeline' retrieved from /opt/airflow/dags/batch_pipeline_dag.py
[2026-04-24T14:38:46.787+0000] {logging_mixin.py:188} INFO - [2026-04-24T14:38:46.786+0000] {dag.py:3036} INFO - Sync 1 DAGs
[2026-04-24T14:38:46.842+0000] {logging_mixin.py:188} INFO - [2026-04-24T14:38:46.842+0000] {dag.py:3823} INFO - Setting next_dagrun for batch_pipeline to 2026-04-24 14:38:00+00:00, run_after=2026-04-24 14:40:00+00:00
[2026-04-24T14:38:46.876+0000] {processor.py:183} INFO - Processing /opt/airflow/dags/batch_pipeline_dag.py took 0.169 seconds
[2026-04-24T14:39:16.995+0000] {processor.py:161} INFO - Started process (PID=181) to work on /opt/airflow/dags/batch_pipeline_dag.py
[2026-04-24T14:39:16.998+0000] {processor.py:830} INFO - Processing file /opt/airflow/dags/batch_pipeline_dag.py for tasks to queue
[2026-04-24T14:39:17.000+0000] {logging_mixin.py:188} INFO - [2026-04-24T14:39:17.000+0000] {dagbag.py:538} INFO - Filling up the DagBag from /opt/airflow/dags/batch_pipeline_dag.py
[2026-04-24T14:39:17.018+0000] {processor.py:840} INFO - DAG(s) 'batch_pipeline' retrieved from /opt/airflow/dags/batch_pipeline_dag.py
[2026-04-24T14:39:17.062+0000] {logging_mixin.py:188} INFO - [2026-04-24T14:39:17.061+0000] {dag.py:3036} INFO - Sync 1 DAGs
[2026-04-24T14:39:17.104+0000] {logging_mixin.py:188} INFO - [2026-04-24T14:39:17.103+0000] {dag.py:3823} INFO - Setting next_dagrun for batch_pipeline to 2026-04-24 14:38:00+00:00, run_after=2026-04-24 14:40:00+00:00
[2026-04-24T14:39:17.133+0000] {processor.py:183} INFO - Processing /opt/airflow/dags/batch_pipeline_dag.py took 0.143 seconds
[2026-04-24T14:39:47.280+0000] {processor.py:161} INFO - Started process (PID=182) to work on /opt/airflow/dags/batch_pipeline_dag.py
[2026-04-24T14:39:47.281+0000] {processor.py:830} INFO - Processing file /opt/airflow/dags/batch_pipeline_dag.py for tasks to queue
[2026-04-24T14:39:47.284+0000] {logging_mixin.py:188} INFO - [2026-04-24T14:39:47.283+0000] {dagbag.py:538} INFO - Filling up the DagBag from /opt/airflow/dags/batch_pipeline_dag.py
[2026-04-24T14:39:47.309+0000] {processor.py:840} INFO - DAG(s) 'batch_pipeline' retrieved from /opt/airflow/dags/batch_pipeline_dag.py
[2026-04-24T14:39:47.356+0000] {logging_mixin.py:188} INFO - [2026-04-24T14:39:47.356+0000] {dag.py:3036} INFO - Sync 1 DAGs
[2026-04-24T14:39:47.436+0000] {logging_mixin.py:188} INFO - [2026-04-24T14:39:47.435+0000] {dag.py:3823} INFO - Setting next_dagrun for batch_pipeline to 2026-04-24 14:38:00+00:00, run_after=2026-04-24 14:40:00+00:00
[2026-04-24T14:39:47.481+0000] {processor.py:183} INFO - Processing /opt/airflow/dags/batch_pipeline_dag.py took 0.209 seconds
[2026-04-24T14:40:17.684+0000] {processor.py:161} INFO - Started process (PID=183) to work on /opt/airflow/dags/batch_pipeline_dag.py
[2026-04-24T14:40:17.687+0000] {processor.py:830} INFO - Processing file /opt/airflow/dags/batch_pipeline_dag.py for tasks to queue
[2026-04-24T14:40:17.689+0000] {logging_mixin.py:188} INFO - [2026-04-24T14:40:17.689+0000] {dagbag.py:538} INFO - Filling up the DagBag from /opt/airflow/dags/batch_pipeline_dag.py
[2026-04-24T14:40:17.705+0000] {processor.py:840} INFO - DAG(s) 'batch_pipeline' retrieved from /opt/airflow/dags/batch_pipeline_dag.py
[2026-04-24T14:40:17.737+0000] {logging_mixin.py:188} INFO - [2026-04-24T14:40:17.737+0000] {dag.py:3036} INFO - Sync 1 DAGs
[2026-04-24T14:40:17.772+0000] {logging_mixin.py:188} INFO - [2026-04-24T14:40:17.772+0000] {dag.py:3823} INFO - Setting next_dagrun for batch_pipeline to 2026-04-24 14:40:00+00:00, run_after=2026-04-24 14:42:00+00:00
[2026-04-24T14:40:17.802+0000] {processor.py:183} INFO - Processing /opt/airflow/dags/batch_pipeline_dag.py took 0.121 seconds
[2026-04-24T14:40:47.876+0000] {processor.py:161} INFO - Started process (PID=184) to work on /opt/airflow/dags/batch_pipeline_dag.py
[2026-04-24T14:40:47.877+0000] {processor.py:830} INFO - Processing file /opt/airflow/dags/batch_pipeline_dag.py for tasks to queue
[2026-04-24T14:40:47.880+0000] {logging_mixin.py:188} INFO - [2026-04-24T14:40:47.880+0000] {dagbag.py:538} INFO - Filling up the DagBag from /opt/airflow/dags/batch_pipeline_dag.py
[2026-04-24T14:40:47.896+0000] {processor.py:840} INFO - DAG(s) 'batch_pipeline' retrieved from /opt/airflow/dags/batch_pipeline_dag.py
[2026-04-24T14:40:47.928+0000] {logging_mixin.py:188} INFO - [2026-04-24T14:40:47.928+0000] {dag.py:3036} INFO - Sync 1 DAGs
[2026-04-24T14:40:47.966+0000] {logging_mixin.py:188} INFO - [2026-04-24T14:40:47.966+0000] {dag.py:3823} INFO - Setting next_dagrun for batch_pipeline to 2026-04-24 14:40:00+00:00, run_after=2026-04-24 14:42:00+00:00
[2026-04-24T14:40:47.998+0000] {processor.py:183} INFO - Processing /opt/airflow/dags/batch_pipeline_dag.py took 0.127 seconds
[2026-04-24T14:41:18.185+0000] {processor.py:161} INFO - Started process (PID=185) to work on /opt/airflow/dags/batch_pipeline_dag.py
[2026-04-24T14:41:18.187+0000] {processor.py:830} INFO - Processing file /opt/airflow/dags/batch_pipeline_dag.py for tasks to queue
[2026-04-24T14:41:18.192+0000] {logging_mixin.py:188} INFO - [2026-04-24T14:41:18.191+0000] {dagbag.py:538} INFO - Filling up the DagBag from /opt/airflow/dags/batch_pipeline_dag.py
[2026-04-24T14:41:18.207+0000] {processor.py:840} INFO - DAG(s) 'batch_pipeline' retrieved from /opt/airflow/dags/batch_pipeline_dag.py
[2026-04-24T14:41:18.241+0000] {logging_mixin.py:188} INFO - [2026-04-24T14:41:18.240+0000] {dag.py:3036} INFO - Sync 1 DAGs
[2026-04-24T14:41:18.279+0000] {logging_mixin.py:188} INFO - [2026-04-24T14:41:18.279+0000] {dag.py:3823} INFO - Setting next_dagrun for batch_pipeline to 2026-04-24 14:40:00+00:00, run_after=2026-04-24 14:42:00+00:00
[2026-04-24T14:41:18.311+0000] {processor.py:183} INFO - Processing /opt/airflow/dags/batch_pipeline_dag.py took 0.130 seconds
[2026-04-24T14:41:48.388+0000] {processor.py:161} INFO - Started process (PID=186) to work on /opt/airflow/dags/batch_pipeline_dag.py
[2026-04-24T14:41:48.390+0000] {processor.py:830} INFO - Processing file /opt/airflow/dags/batch_pipeline_dag.py for tasks to queue
[2026-04-24T14:41:48.393+0000] {logging_mixin.py:188} INFO - [2026-04-24T14:41:48.393+0000] {dagbag.py:538} INFO - Filling up the DagBag from /opt/airflow/dags/batch_pipeline_dag.py
[2026-04-24T14:41:48.414+0000] {processor.py:840} INFO - DAG(s) 'batch_pipeline' retrieved from /opt/airflow/dags/batch_pipeline_dag.py
[2026-04-24T14:41:48.450+0000] {logging_mixin.py:188} INFO - [2026-04-24T14:41:48.450+0000] {dag.py:3036} INFO - Sync 1 DAGs
[2026-04-24T14:41:48.494+0000] {logging_mixin.py:188} INFO - [2026-04-24T14:41:48.493+0000] {dag.py:3823} INFO - Setting next_dagrun for batch_pipeline to 2026-04-24 14:40:00+00:00, run_after=2026-04-24 14:42:00+00:00
[2026-04-24T14:41:48.526+0000] {processor.py:183} INFO - Processing /opt/airflow/dags/batch_pipeline_dag.py took 0.141 seconds
[2026-04-24T14:42:18.729+0000] {processor.py:161} INFO - Started process (PID=187) to work on /opt/airflow/dags/batch_pipeline_dag.py
[2026-04-24T14:42:18.732+0000] {processor.py:830} INFO - Processing file /opt/airflow/dags/batch_pipeline_dag.py for tasks to queue
[2026-04-24T14:42:18.734+0000] {logging_mixin.py:188} INFO - [2026-04-24T14:42:18.734+0000] {dagbag.py:538} INFO - Filling up the DagBag from /opt/airflow/dags/batch_pipeline_dag.py
[2026-04-24T14:42:18.763+0000] {processor.py:840} INFO - DAG(s) 'batch_pipeline' retrieved from /opt/airflow/dags/batch_pipeline_dag.py
[2026-04-24T14:42:18.813+0000] {logging_mixin.py:188} INFO - [2026-04-24T14:42:18.813+0000] {dag.py:3036} INFO - Sync 1 DAGs
[2026-04-24T14:42:18.869+0000] {logging_mixin.py:188} INFO - [2026-04-24T14:42:18.868+0000] {dag.py:3823} INFO - Setting next_dagrun for batch_pipeline to 2026-04-24 14:42:00+00:00, run_after=2026-04-24 14:44:00+00:00
[2026-04-24T14:42:18.917+0000] {processor.py:183} INFO - Processing /opt/airflow/dags/batch_pipeline_dag.py took 0.198 seconds
[2026-04-24T14:42:48.968+0000] {processor.py:161} INFO - Started process (PID=188) to work on /opt/airflow/dags/batch_pipeline_dag.py
[2026-04-24T14:42:48.971+0000] {processor.py:830} INFO - Processing file /opt/airflow/dags/batch_pipeline_dag.py for tasks to queue
[2026-04-24T14:42:48.977+0000] {logging_mixin.py:188} INFO - [2026-04-24T14:42:48.976+0000] {dagbag.py:538} INFO - Filling up the DagBag from /opt/airflow/dags/batch_pipeline_dag.py
[2026-04-24T14:42:49.004+0000] {processor.py:840} INFO - DAG(s) 'batch_pipeline' retrieved from /opt/airflow/dags/batch_pipeline_dag.py
[2026-04-24T14:42:49.044+0000] {logging_mixin.py:188} INFO - [2026-04-24T14:42:49.044+0000] {dag.py:3036} INFO - Sync 1 DAGs
[2026-04-24T14:42:49.096+0000] {logging_mixin.py:188} INFO - [2026-04-24T14:42:49.096+0000] {dag.py:3823} INFO - Setting next_dagrun for batch_pipeline to 2026-04-24 14:42:00+00:00, run_after=2026-04-24 14:44:00+00:00
[2026-04-24T14:42:49.129+0000] {processor.py:183} INFO - Processing /opt/airflow/dags/batch_pipeline_dag.py took 0.167 seconds
[2026-04-24T14:43:19.366+0000] {processor.py:161} INFO - Started process (PID=189) to work on /opt/airflow/dags/batch_pipeline_dag.py
[2026-04-24T14:43:19.369+0000] {processor.py:830} INFO - Processing file /opt/airflow/dags/batch_pipeline_dag.py for tasks to queue
[2026-04-24T14:43:19.373+0000] {logging_mixin.py:188} INFO - [2026-04-24T14:43:19.372+0000] {dagbag.py:538} INFO - Filling up the DagBag from /opt/airflow/dags/batch_pipeline_dag.py
[2026-04-24T14:43:19.395+0000] {processor.py:840} INFO - DAG(s) 'batch_pipeline' retrieved from /opt/airflow/dags/batch_pipeline_dag.py
[2026-04-24T14:43:19.433+0000] {logging_mixin.py:188} INFO - [2026-04-24T14:43:19.433+0000] {dag.py:3036} INFO - Sync 1 DAGs
[2026-04-24T14:43:19.479+0000] {logging_mixin.py:188} INFO - [2026-04-24T14:43:19.479+0000] {dag.py:3823} INFO - Setting next_dagrun for batch_pipeline to 2026-04-24 14:42:00+00:00, run_after=2026-04-24 14:44:00+00:00
[2026-04-24T14:43:19.516+0000] {processor.py:183} INFO - Processing /opt/airflow/dags/batch_pipeline_dag.py took 0.154 seconds
[2026-04-24T14:43:49.573+0000] {processor.py:161} INFO - Started process (PID=190) to work on /opt/airflow/dags/batch_pipeline_dag.py
[2026-04-24T14:43:49.575+0000] {processor.py:830} INFO - Processing file /opt/airflow/dags/batch_pipeline_dag.py for tasks to queue
[2026-04-24T14:43:49.578+0000] {logging_mixin.py:188} INFO - [2026-04-24T14:43:49.578+0000] {dagbag.py:538} INFO - Filling up the DagBag from /opt/airflow/dags/batch_pipeline_dag.py
[2026-04-24T14:43:49.600+0000] {processor.py:840} INFO - DAG(s) 'batch_pipeline' retrieved from /opt/airflow/dags/batch_pipeline_dag.py
[2026-04-24T14:43:49.636+0000] {logging_mixin.py:188} INFO - [2026-04-24T14:43:49.635+0000] {dag.py:3036} INFO - Sync 1 DAGs
[2026-04-24T14:43:49.675+0000] {logging_mixin.py:188} INFO - [2026-04-24T14:43:49.674+0000] {dag.py:3823} INFO - Setting next_dagrun for batch_pipeline to 2026-04-24 14:42:00+00:00, run_after=2026-04-24 14:44:00+00:00
[2026-04-24T14:43:49.702+0000] {processor.py:183} INFO - Processing /opt/airflow/dags/batch_pipeline_dag.py took 0.133 seconds
[2026-04-24T14:44:03.826+0000] {processor.py:161} INFO - Started process (PID=191) to work on /opt/airflow/dags/batch_pipeline_dag.py
[2026-04-24T14:44:03.828+0000] {processor.py:830} INFO - Processing file /opt/airflow/dags/batch_pipeline_dag.py for tasks to queue
[2026-04-24T14:44:03.830+0000] {logging_mixin.py:188} INFO - [2026-04-24T14:44:03.830+0000] {dagbag.py:538} INFO - Filling up the DagBag from /opt/airflow/dags/batch_pipeline_dag.py
[2026-04-24T14:44:03.835+0000] {logging_mixin.py:188} INFO - [2026-04-24T14:44:03.834+0000] {dagbag.py:348} ERROR - Failed to import: /opt/airflow/dags/batch_pipeline_dag.py
Traceback (most recent call last):
  File "/home/airflow/.local/lib/python3.8/site-packages/airflow/models/dagbag.py", line 344, in parse
    loader.exec_module(new_module)
  File "<frozen importlib._bootstrap_external>", line 843, in exec_module
  File "<frozen importlib._bootstrap>", line 219, in _call_with_frames_removed
  File "/opt/airflow/dags/batch_pipeline_dag.py", line 6, in <module>
    from batch_pipeline_steps import check_health, run_batch_pipeline
  File "/opt/airflow/dags/batch_pipeline_steps.py", line 3, in <module>
    from batch_pipeline_settings import COUNTER_TABLE, DB_CONFIG
ImportError: cannot import name 'COUNTER_TABLE' from 'batch_pipeline_settings' (/opt/airflow/dags/batch_pipeline_settings.py)
[2026-04-24T14:44:03.836+0000] {processor.py:842} WARNING - No viable dags retrieved from /opt/airflow/dags/batch_pipeline_dag.py
[2026-04-24T14:44:03.863+0000] {processor.py:183} INFO - Processing /opt/airflow/dags/batch_pipeline_dag.py took 0.042 seconds
[2026-04-24T14:44:34.029+0000] {processor.py:161} INFO - Started process (PID=192) to work on /opt/airflow/dags/batch_pipeline_dag.py
[2026-04-24T14:44:34.030+0000] {processor.py:830} INFO - Processing file /opt/airflow/dags/batch_pipeline_dag.py for tasks to queue
[2026-04-24T14:44:34.032+0000] {logging_mixin.py:188} INFO - [2026-04-24T14:44:34.031+0000] {dagbag.py:538} INFO - Filling up the DagBag from /opt/airflow/dags/batch_pipeline_dag.py
[2026-04-24T14:44:34.052+0000] {processor.py:840} INFO - DAG(s) 'batch_pipeline' retrieved from /opt/airflow/dags/batch_pipeline_dag.py
[2026-04-24T14:44:34.087+0000] {logging_mixin.py:188} INFO - [2026-04-24T14:44:34.087+0000] {dag.py:3036} INFO - Sync 1 DAGs
[2026-04-24T14:44:34.138+0000] {logging_mixin.py:188} INFO - [2026-04-24T14:44:34.137+0000] {dag.py:3823} INFO - Setting next_dagrun for batch_pipeline to 2026-04-24 14:44:00+00:00, run_after=2026-04-24 14:46:00+00:00
[2026-04-24T14:44:34.179+0000] {processor.py:183} INFO - Processing /opt/airflow/dags/batch_pipeline_dag.py took 0.154 seconds
[2026-04-24T14:45:04.254+0000] {processor.py:161} INFO - Started process (PID=193) to work on /opt/airflow/dags/batch_pipeline_dag.py
[2026-04-24T14:45:04.255+0000] {processor.py:830} INFO - Processing file /opt/airflow/dags/batch_pipeline_dag.py for tasks to queue
[2026-04-24T14:45:04.257+0000] {logging_mixin.py:188} INFO - [2026-04-24T14:45:04.257+0000] {dagbag.py:538} INFO - Filling up the DagBag from /opt/airflow/dags/batch_pipeline_dag.py
[2026-04-24T14:45:04.277+0000] {processor.py:840} INFO - DAG(s) 'batch_pipeline' retrieved from /opt/airflow/dags/batch_pipeline_dag.py
[2026-04-24T14:45:04.313+0000] {logging_mixin.py:188} INFO - [2026-04-24T14:45:04.312+0000] {dag.py:3036} INFO - Sync 1 DAGs
[2026-04-24T14:45:04.353+0000] {logging_mixin.py:188} INFO - [2026-04-24T14:45:04.353+0000] {dag.py:3823} INFO - Setting next_dagrun for batch_pipeline to 2026-04-24 14:44:00+00:00, run_after=2026-04-24 14:46:00+00:00
[2026-04-24T14:45:04.382+0000] {processor.py:183} INFO - Processing /opt/airflow/dags/batch_pipeline_dag.py took 0.135 seconds
[2026-04-24T14:45:34.589+0000] {processor.py:161} INFO - Started process (PID=194) to work on /opt/airflow/dags/batch_pipeline_dag.py
[2026-04-24T14:45:34.590+0000] {processor.py:830} INFO - Processing file /opt/airflow/dags/batch_pipeline_dag.py for tasks to queue
[2026-04-24T14:45:34.592+0000] {logging_mixin.py:188} INFO - [2026-04-24T14:45:34.591+0000] {dagbag.py:538} INFO - Filling up the DagBag from /opt/airflow/dags/batch_pipeline_dag.py
[2026-04-24T14:45:34.613+0000] {processor.py:840} INFO - DAG(s) 'batch_pipeline' retrieved from /opt/airflow/dags/batch_pipeline_dag.py
[2026-04-24T14:45:34.657+0000] {logging_mixin.py:188} INFO - [2026-04-24T14:45:34.657+0000] {dag.py:3036} INFO - Sync 1 DAGs
[2026-04-24T14:45:34.721+0000] {logging_mixin.py:188} INFO - [2026-04-24T14:45:34.721+0000] {dag.py:3823} INFO - Setting next_dagrun for batch_pipeline to 2026-04-24 14:44:00+00:00, run_after=2026-04-24 14:46:00+00:00
[2026-04-24T14:45:34.755+0000] {processor.py:183} INFO - Processing /opt/airflow/dags/batch_pipeline_dag.py took 0.172 seconds
[2026-04-24T14:46:04.793+0000] {processor.py:161} INFO - Started process (PID=195) to work on /opt/airflow/dags/batch_pipeline_dag.py
[2026-04-24T14:46:04.796+0000] {processor.py:830} INFO - Processing file /opt/airflow/dags/batch_pipeline_dag.py for tasks to queue
[2026-04-24T14:46:04.800+0000] {logging_mixin.py:188} INFO - [2026-04-24T14:46:04.799+0000] {dagbag.py:538} INFO - Filling up the DagBag from /opt/airflow/dags/batch_pipeline_dag.py
[2026-04-24T14:46:04.820+0000] {processor.py:840} INFO - DAG(s) 'batch_pipeline' retrieved from /opt/airflow/dags/batch_pipeline_dag.py
[2026-04-24T14:46:04.858+0000] {logging_mixin.py:188} INFO - [2026-04-24T14:46:04.858+0000] {dag.py:3036} INFO - Sync 1 DAGs
[2026-04-24T14:46:04.894+0000] {logging_mixin.py:188} INFO - [2026-04-24T14:46:04.894+0000] {dag.py:3823} INFO - Setting next_dagrun for batch_pipeline to 2026-04-24 14:46:00+00:00, run_after=2026-04-24 14:48:00+00:00
[2026-04-24T14:46:04.924+0000] {processor.py:183} INFO - Processing /opt/airflow/dags/batch_pipeline_dag.py took 0.134 seconds
[2026-04-24T14:46:34.993+0000] {processor.py:161} INFO - Started process (PID=196) to work on /opt/airflow/dags/batch_pipeline_dag.py
[2026-04-24T14:46:34.994+0000] {processor.py:830} INFO - Processing file /opt/airflow/dags/batch_pipeline_dag.py for tasks to queue
[2026-04-24T14:46:34.997+0000] {logging_mixin.py:188} INFO - [2026-04-24T14:46:34.997+0000] {dagbag.py:538} INFO - Filling up the DagBag from /opt/airflow/dags/batch_pipeline_dag.py
[2026-04-24T14:46:35.013+0000] {processor.py:840} INFO - DAG(s) 'batch_pipeline' retrieved from /opt/airflow/dags/batch_pipeline_dag.py
[2026-04-24T14:46:35.045+0000] {logging_mixin.py:188} INFO - [2026-04-24T14:46:35.045+0000] {dag.py:3036} INFO - Sync 1 DAGs
[2026-04-24T14:46:35.082+0000] {logging_mixin.py:188} INFO - [2026-04-24T14:46:35.081+0000] {dag.py:3823} INFO - Setting next_dagrun for batch_pipeline to 2026-04-24 14:46:00+00:00, run_after=2026-04-24 14:48:00+00:00
[2026-04-24T14:46:35.109+0000] {processor.py:183} INFO - Processing /opt/airflow/dags/batch_pipeline_dag.py took 0.119 seconds
[2026-04-24T14:47:05.325+0000] {processor.py:161} INFO - Started process (PID=197) to work on /opt/airflow/dags/batch_pipeline_dag.py
[2026-04-24T14:47:05.327+0000] {processor.py:830} INFO - Processing file /opt/airflow/dags/batch_pipeline_dag.py for tasks to queue
[2026-04-24T14:47:05.329+0000] {logging_mixin.py:188} INFO - [2026-04-24T14:47:05.329+0000] {dagbag.py:538} INFO - Filling up the DagBag from /opt/airflow/dags/batch_pipeline_dag.py
[2026-04-24T14:47:05.349+0000] {processor.py:840} INFO - DAG(s) 'batch_pipeline' retrieved from /opt/airflow/dags/batch_pipeline_dag.py
[2026-04-24T14:47:05.387+0000] {logging_mixin.py:188} INFO - [2026-04-24T14:47:05.386+0000] {dag.py:3036} INFO - Sync 1 DAGs
[2026-04-24T14:47:05.428+0000] {logging_mixin.py:188} INFO - [2026-04-24T14:47:05.428+0000] {dag.py:3823} INFO - Setting next_dagrun for batch_pipeline to 2026-04-24 14:46:00+00:00, run_after=2026-04-24 14:48:00+00:00
[2026-04-24T14:47:05.462+0000] {processor.py:183} INFO - Processing /opt/airflow/dags/batch_pipeline_dag.py took 0.144 seconds
[2026-04-24T14:47:35.537+0000] {processor.py:161} INFO - Started process (PID=198) to work on /opt/airflow/dags/batch_pipeline_dag.py
[2026-04-24T14:47:35.538+0000] {processor.py:830} INFO - Processing file /opt/airflow/dags/batch_pipeline_dag.py for tasks to queue
[2026-04-24T14:47:35.540+0000] {logging_mixin.py:188} INFO - [2026-04-24T14:47:35.540+0000] {dagbag.py:538} INFO - Filling up the DagBag from /opt/airflow/dags/batch_pipeline_dag.py
[2026-04-24T14:47:35.559+0000] {processor.py:840} INFO - DAG(s) 'batch_pipeline' retrieved from /opt/airflow/dags/batch_pipeline_dag.py
[2026-04-24T14:47:35.596+0000] {logging_mixin.py:188} INFO - [2026-04-24T14:47:35.596+0000] {dag.py:3036} INFO - Sync 1 DAGs
[2026-04-24T14:47:35.642+0000] {logging_mixin.py:188} INFO - [2026-04-24T14:47:35.641+0000] {dag.py:3823} INFO - Setting next_dagrun for batch_pipeline to 2026-04-24 14:46:00+00:00, run_after=2026-04-24 14:48:00+00:00
[2026-04-24T14:47:35.675+0000] {processor.py:183} INFO - Processing /opt/airflow/dags/batch_pipeline_dag.py took 0.144 seconds
[2026-04-24T14:48:05.908+0000] {processor.py:161} INFO - Started process (PID=199) to work on /opt/airflow/dags/batch_pipeline_dag.py
[2026-04-24T14:48:05.910+0000] {processor.py:830} INFO - Processing file /opt/airflow/dags/batch_pipeline_dag.py for tasks to queue
[2026-04-24T14:48:05.913+0000] {logging_mixin.py:188} INFO - [2026-04-24T14:48:05.913+0000] {dagbag.py:538} INFO - Filling up the DagBag from /opt/airflow/dags/batch_pipeline_dag.py
[2026-04-24T14:48:05.939+0000] {processor.py:840} INFO - DAG(s) 'batch_pipeline' retrieved from /opt/airflow/dags/batch_pipeline_dag.py
[2026-04-24T14:48:05.974+0000] {logging_mixin.py:188} INFO - [2026-04-24T14:48:05.973+0000] {dag.py:3036} INFO - Sync 1 DAGs
[2026-04-24T14:48:06.015+0000] {logging_mixin.py:188} INFO - [2026-04-24T14:48:06.015+0000] {dag.py:3823} INFO - Setting next_dagrun for batch_pipeline to 2026-04-24 14:48:00+00:00, run_after=2026-04-24 14:50:00+00:00
[2026-04-24T14:48:06.046+0000] {processor.py:183} INFO - Processing /opt/airflow/dags/batch_pipeline_dag.py took 0.143 seconds
[2026-04-24T14:48:36.101+0000] {processor.py:161} INFO - Started process (PID=200) to work on /opt/airflow/dags/batch_pipeline_dag.py
[2026-04-24T14:48:36.101+0000] {processor.py:830} INFO - Processing file /opt/airflow/dags/batch_pipeline_dag.py for tasks to queue
[2026-04-24T14:48:36.103+0000] {logging_mixin.py:188} INFO - [2026-04-24T14:48:36.103+0000] {dagbag.py:538} INFO - Filling up the DagBag from /opt/airflow/dags/batch_pipeline_dag.py
[2026-04-24T14:48:36.121+0000] {processor.py:840} INFO - DAG(s) 'batch_pipeline' retrieved from /opt/airflow/dags/batch_pipeline_dag.py
[2026-04-24T14:48:36.165+0000] {logging_mixin.py:188} INFO - [2026-04-24T14:48:36.164+0000] {dag.py:3036} INFO - Sync 1 DAGs
[2026-04-24T14:48:36.208+0000] {logging_mixin.py:188} INFO - [2026-04-24T14:48:36.208+0000] {dag.py:3823} INFO - Setting next_dagrun for batch_pipeline to 2026-04-24 14:48:00+00:00, run_after=2026-04-24 14:50:00+00:00
[2026-04-24T14:48:36.239+0000] {processor.py:183} INFO - Processing /opt/airflow/dags/batch_pipeline_dag.py took 0.142 seconds
[2026-04-24T14:48:50.339+0000] {processor.py:161} INFO - Started process (PID=201) to work on /opt/airflow/dags/batch_pipeline_dag.py
[2026-04-24T14:48:50.340+0000] {processor.py:830} INFO - Processing file /opt/airflow/dags/batch_pipeline_dag.py for tasks to queue
[2026-04-24T14:48:50.343+0000] {logging_mixin.py:188} INFO - [2026-04-24T14:48:50.342+0000] {dagbag.py:538} INFO - Filling up the DagBag from /opt/airflow/dags/batch_pipeline_dag.py
[2026-04-24T14:48:50.364+0000] {processor.py:840} INFO - DAG(s) 'batch_pipeline' retrieved from /opt/airflow/dags/batch_pipeline_dag.py
[2026-04-24T14:48:50.592+0000] {logging_mixin.py:188} INFO - [2026-04-24T14:48:50.592+0000] {dag.py:3036} INFO - Sync 1 DAGs
[2026-04-24T14:48:50.621+0000] {logging_mixin.py:188} INFO - [2026-04-24T14:48:50.621+0000] {dag.py:3823} INFO - Setting next_dagrun for batch_pipeline to 2026-04-24 14:48:00+00:00, run_after=2026-04-24 14:50:00+00:00
[2026-04-24T14:48:50.652+0000] {processor.py:183} INFO - Processing /opt/airflow/dags/batch_pipeline_dag.py took 0.317 seconds
[2026-04-24T14:49:20.857+0000] {processor.py:161} INFO - Started process (PID=202) to work on /opt/airflow/dags/batch_pipeline_dag.py
[2026-04-24T14:49:20.858+0000] {processor.py:830} INFO - Processing file /opt/airflow/dags/batch_pipeline_dag.py for tasks to queue
[2026-04-24T14:49:20.861+0000] {logging_mixin.py:188} INFO - [2026-04-24T14:49:20.861+0000] {dagbag.py:538} INFO - Filling up the DagBag from /opt/airflow/dags/batch_pipeline_dag.py
[2026-04-24T14:49:20.883+0000] {processor.py:840} INFO - DAG(s) 'batch_pipeline' retrieved from /opt/airflow/dags/batch_pipeline_dag.py
[2026-04-24T14:49:20.922+0000] {logging_mixin.py:188} INFO - [2026-04-24T14:49:20.921+0000] {dag.py:3036} INFO - Sync 1 DAGs
[2026-04-24T14:49:20.967+0000] {logging_mixin.py:188} INFO - [2026-04-24T14:49:20.967+0000] {dag.py:3823} INFO - Setting next_dagrun for batch_pipeline to 2026-04-24 14:48:00+00:00, run_after=2026-04-24 14:50:00+00:00
[2026-04-24T14:49:20.998+0000] {processor.py:183} INFO - Processing /opt/airflow/dags/batch_pipeline_dag.py took 0.145 seconds
[2026-04-24T14:49:51.059+0000] {processor.py:161} INFO - Started process (PID=203) to work on /opt/airflow/dags/batch_pipeline_dag.py
[2026-04-24T14:49:51.062+0000] {processor.py:830} INFO - Processing file /opt/airflow/dags/batch_pipeline_dag.py for tasks to queue
[2026-04-24T14:49:51.065+0000] {logging_mixin.py:188} INFO - [2026-04-24T14:49:51.064+0000] {dagbag.py:538} INFO - Filling up the DagBag from /opt/airflow/dags/batch_pipeline_dag.py
[2026-04-24T14:49:51.081+0000] {processor.py:840} INFO - DAG(s) 'batch_pipeline' retrieved from /opt/airflow/dags/batch_pipeline_dag.py
[2026-04-24T14:49:51.114+0000] {logging_mixin.py:188} INFO - [2026-04-24T14:49:51.113+0000] {dag.py:3036} INFO - Sync 1 DAGs
[2026-04-24T14:49:51.148+0000] {logging_mixin.py:188} INFO - [2026-04-24T14:49:51.147+0000] {dag.py:3823} INFO - Setting next_dagrun for batch_pipeline to 2026-04-24 14:48:00+00:00, run_after=2026-04-24 14:50:00+00:00
[2026-04-24T14:49:51.181+0000] {processor.py:183} INFO - Processing /opt/airflow/dags/batch_pipeline_dag.py took 0.126 seconds
[2026-04-24T14:50:21.246+0000] {processor.py:161} INFO - Started process (PID=204) to work on /opt/airflow/dags/batch_pipeline_dag.py
[2026-04-24T14:50:21.247+0000] {processor.py:830} INFO - Processing file /opt/airflow/dags/batch_pipeline_dag.py for tasks to queue
[2026-04-24T14:50:21.250+0000] {logging_mixin.py:188} INFO - [2026-04-24T14:50:21.249+0000] {dagbag.py:538} INFO - Filling up the DagBag from /opt/airflow/dags/batch_pipeline_dag.py
[2026-04-24T14:50:21.269+0000] {processor.py:840} INFO - DAG(s) 'batch_pipeline' retrieved from /opt/airflow/dags/batch_pipeline_dag.py
[2026-04-24T14:50:21.315+0000] {logging_mixin.py:188} INFO - [2026-04-24T14:50:21.315+0000] {dag.py:3036} INFO - Sync 1 DAGs
[2026-04-24T14:50:21.352+0000] {logging_mixin.py:188} INFO - [2026-04-24T14:50:21.352+0000] {dag.py:3823} INFO - Setting next_dagrun for batch_pipeline to 2026-04-24 14:50:00+00:00, run_after=2026-04-24 14:52:00+00:00
[2026-04-24T14:50:21.386+0000] {processor.py:183} INFO - Processing /opt/airflow/dags/batch_pipeline_dag.py took 0.147 seconds
[2026-04-24T15:11:15.574+0000] {processor.py:161} INFO - Started process (PID=29) to work on /opt/airflow/dags/batch_pipeline_dag.py
[2026-04-24T15:11:15.576+0000] {processor.py:830} INFO - Processing file /opt/airflow/dags/batch_pipeline_dag.py for tasks to queue
[2026-04-24T15:11:15.582+0000] {logging_mixin.py:188} INFO - [2026-04-24T15:11:15.581+0000] {dagbag.py:538} INFO - Filling up the DagBag from /opt/airflow/dags/batch_pipeline_dag.py
[2026-04-24T15:11:15.670+0000] {processor.py:840} INFO - DAG(s) 'batch_pipeline' retrieved from /opt/airflow/dags/batch_pipeline_dag.py
[2026-04-24T15:11:15.727+0000] {logging_mixin.py:188} INFO - [2026-04-24T15:11:15.726+0000] {dag.py:3036} INFO - Sync 1 DAGs
[2026-04-24T15:11:15.788+0000] {logging_mixin.py:188} INFO - [2026-04-24T15:11:15.788+0000] {dag.py:3823} INFO - Setting next_dagrun for batch_pipeline to 2026-04-24 15:08:00+00:00, run_after=2026-04-24 15:10:00+00:00
[2026-04-24T15:11:15.834+0000] {processor.py:183} INFO - Processing /opt/airflow/dags/batch_pipeline_dag.py took 0.265 seconds
[2026-04-24T15:11:45.905+0000] {processor.py:161} INFO - Started process (PID=30) to work on /opt/airflow/dags/batch_pipeline_dag.py
[2026-04-24T15:11:45.906+0000] {processor.py:830} INFO - Processing file /opt/airflow/dags/batch_pipeline_dag.py for tasks to queue
[2026-04-24T15:11:45.908+0000] {logging_mixin.py:188} INFO - [2026-04-24T15:11:45.908+0000] {dagbag.py:538} INFO - Filling up the DagBag from /opt/airflow/dags/batch_pipeline_dag.py
[2026-04-24T15:11:45.931+0000] {processor.py:840} INFO - DAG(s) 'batch_pipeline' retrieved from /opt/airflow/dags/batch_pipeline_dag.py
[2026-04-24T15:11:46.524+0000] {logging_mixin.py:188} INFO - [2026-04-24T15:11:46.524+0000] {dag.py:3036} INFO - Sync 1 DAGs
[2026-04-24T15:11:46.560+0000] {logging_mixin.py:188} INFO - [2026-04-24T15:11:46.559+0000] {dag.py:3823} INFO - Setting next_dagrun for batch_pipeline to 2026-04-24 15:10:00+00:00, run_after=2026-04-24 15:12:00+00:00
[2026-04-24T15:11:46.590+0000] {processor.py:183} INFO - Processing /opt/airflow/dags/batch_pipeline_dag.py took 0.694 seconds
[2026-04-24T15:12:16.810+0000] {processor.py:161} INFO - Started process (PID=31) to work on /opt/airflow/dags/batch_pipeline_dag.py
[2026-04-24T15:12:16.811+0000] {processor.py:830} INFO - Processing file /opt/airflow/dags/batch_pipeline_dag.py for tasks to queue
[2026-04-24T15:12:16.814+0000] {logging_mixin.py:188} INFO - [2026-04-24T15:12:16.813+0000] {dagbag.py:538} INFO - Filling up the DagBag from /opt/airflow/dags/batch_pipeline_dag.py
[2026-04-24T15:12:16.835+0000] {processor.py:840} INFO - DAG(s) 'batch_pipeline' retrieved from /opt/airflow/dags/batch_pipeline_dag.py
[2026-04-24T15:12:16.869+0000] {logging_mixin.py:188} INFO - [2026-04-24T15:12:16.869+0000] {dag.py:3036} INFO - Sync 1 DAGs
[2026-04-24T15:12:16.906+0000] {logging_mixin.py:188} INFO - [2026-04-24T15:12:16.906+0000] {dag.py:3823} INFO - Setting next_dagrun for batch_pipeline to 2026-04-24 15:12:00+00:00, run_after=2026-04-24 15:14:00+00:00
[2026-04-24T15:12:16.935+0000] {processor.py:183} INFO - Processing /opt/airflow/dags/batch_pipeline_dag.py took 0.129 seconds
[2026-04-24T15:12:47.023+0000] {processor.py:161} INFO - Started process (PID=32) to work on /opt/airflow/dags/batch_pipeline_dag.py
[2026-04-24T15:12:47.023+0000] {processor.py:830} INFO - Processing file /opt/airflow/dags/batch_pipeline_dag.py for tasks to queue
[2026-04-24T15:12:47.025+0000] {logging_mixin.py:188} INFO - [2026-04-24T15:12:47.025+0000] {dagbag.py:538} INFO - Filling up the DagBag from /opt/airflow/dags/batch_pipeline_dag.py
[2026-04-24T15:12:47.040+0000] {processor.py:840} INFO - DAG(s) 'batch_pipeline' retrieved from /opt/airflow/dags/batch_pipeline_dag.py
[2026-04-24T15:12:47.080+0000] {logging_mixin.py:188} INFO - [2026-04-24T15:12:47.079+0000] {dag.py:3036} INFO - Sync 1 DAGs
[2026-04-24T15:12:47.127+0000] {logging_mixin.py:188} INFO - [2026-04-24T15:12:47.127+0000] {dag.py:3823} INFO - Setting next_dagrun for batch_pipeline to 2026-04-24 15:12:00+00:00, run_after=2026-04-24 15:14:00+00:00
[2026-04-24T15:12:47.166+0000] {processor.py:183} INFO - Processing /opt/airflow/dags/batch_pipeline_dag.py took 0.146 seconds
[2026-04-24T15:13:17.348+0000] {processor.py:161} INFO - Started process (PID=33) to work on /opt/airflow/dags/batch_pipeline_dag.py
[2026-04-24T15:13:17.350+0000] {processor.py:830} INFO - Processing file /opt/airflow/dags/batch_pipeline_dag.py for tasks to queue
[2026-04-24T15:13:17.353+0000] {logging_mixin.py:188} INFO - [2026-04-24T15:13:17.352+0000] {dagbag.py:538} INFO - Filling up the DagBag from /opt/airflow/dags/batch_pipeline_dag.py
[2026-04-24T15:13:17.370+0000] {processor.py:840} INFO - DAG(s) 'batch_pipeline' retrieved from /opt/airflow/dags/batch_pipeline_dag.py
[2026-04-24T15:13:17.409+0000] {logging_mixin.py:188} INFO - [2026-04-24T15:13:17.408+0000] {dag.py:3036} INFO - Sync 1 DAGs
[2026-04-24T15:13:17.464+0000] {logging_mixin.py:188} INFO - [2026-04-24T15:13:17.462+0000] {dag.py:3823} INFO - Setting next_dagrun for batch_pipeline to 2026-04-24 15:12:00+00:00, run_after=2026-04-24 15:14:00+00:00
[2026-04-24T15:13:17.503+0000] {processor.py:183} INFO - Processing /opt/airflow/dags/batch_pipeline_dag.py took 0.161 seconds
[2026-04-24T15:13:47.571+0000] {processor.py:161} INFO - Started process (PID=34) to work on /opt/airflow/dags/batch_pipeline_dag.py
[2026-04-24T15:13:47.572+0000] {processor.py:830} INFO - Processing file /opt/airflow/dags/batch_pipeline_dag.py for tasks to queue
[2026-04-24T15:13:47.574+0000] {logging_mixin.py:188} INFO - [2026-04-24T15:13:47.573+0000] {dagbag.py:538} INFO - Filling up the DagBag from /opt/airflow/dags/batch_pipeline_dag.py
[2026-04-24T15:13:47.591+0000] {processor.py:840} INFO - DAG(s) 'batch_pipeline' retrieved from /opt/airflow/dags/batch_pipeline_dag.py
[2026-04-24T15:13:47.626+0000] {logging_mixin.py:188} INFO - [2026-04-24T15:13:47.626+0000] {dag.py:3036} INFO - Sync 1 DAGs
[2026-04-24T15:13:47.661+0000] {logging_mixin.py:188} INFO - [2026-04-24T15:13:47.661+0000] {dag.py:3823} INFO - Setting next_dagrun for batch_pipeline to 2026-04-24 15:12:00+00:00, run_after=2026-04-24 15:14:00+00:00
[2026-04-24T15:13:47.690+0000] {processor.py:183} INFO - Processing /opt/airflow/dags/batch_pipeline_dag.py took 0.123 seconds
[2026-04-24T15:14:17.924+0000] {processor.py:161} INFO - Started process (PID=35) to work on /opt/airflow/dags/batch_pipeline_dag.py
[2026-04-24T15:14:17.925+0000] {processor.py:830} INFO - Processing file /opt/airflow/dags/batch_pipeline_dag.py for tasks to queue
[2026-04-24T15:14:17.928+0000] {logging_mixin.py:188} INFO - [2026-04-24T15:14:17.927+0000] {dagbag.py:538} INFO - Filling up the DagBag from /opt/airflow/dags/batch_pipeline_dag.py
[2026-04-24T15:14:17.944+0000] {processor.py:840} INFO - DAG(s) 'batch_pipeline' retrieved from /opt/airflow/dags/batch_pipeline_dag.py
[2026-04-24T15:14:17.984+0000] {logging_mixin.py:188} INFO - [2026-04-24T15:14:17.984+0000] {dag.py:3036} INFO - Sync 1 DAGs
[2026-04-24T15:14:18.029+0000] {logging_mixin.py:188} INFO - [2026-04-24T15:14:18.027+0000] {dag.py:3823} INFO - Setting next_dagrun for batch_pipeline to 2026-04-24 15:14:00+00:00, run_after=2026-04-24 15:16:00+00:00
[2026-04-24T15:14:18.056+0000] {processor.py:183} INFO - Processing /opt/airflow/dags/batch_pipeline_dag.py took 0.136 seconds
[2026-04-24T15:14:48.152+0000] {processor.py:161} INFO - Started process (PID=36) to work on /opt/airflow/dags/batch_pipeline_dag.py
[2026-04-24T15:14:48.153+0000] {processor.py:830} INFO - Processing file /opt/airflow/dags/batch_pipeline_dag.py for tasks to queue
[2026-04-24T15:14:48.155+0000] {logging_mixin.py:188} INFO - [2026-04-24T15:14:48.154+0000] {dagbag.py:538} INFO - Filling up the DagBag from /opt/airflow/dags/batch_pipeline_dag.py
[2026-04-24T15:14:48.170+0000] {processor.py:840} INFO - DAG(s) 'batch_pipeline' retrieved from /opt/airflow/dags/batch_pipeline_dag.py
[2026-04-24T15:14:48.203+0000] {logging_mixin.py:188} INFO - [2026-04-24T15:14:48.203+0000] {dag.py:3036} INFO - Sync 1 DAGs
[2026-04-24T15:14:48.238+0000] {logging_mixin.py:188} INFO - [2026-04-24T15:14:48.237+0000] {dag.py:3823} INFO - Setting next_dagrun for batch_pipeline to 2026-04-24 15:14:00+00:00, run_after=2026-04-24 15:16:00+00:00
[2026-04-24T15:14:48.267+0000] {processor.py:183} INFO - Processing /opt/airflow/dags/batch_pipeline_dag.py took 0.118 seconds
[2026-04-24T15:15:18.458+0000] {processor.py:161} INFO - Started process (PID=37) to work on /opt/airflow/dags/batch_pipeline_dag.py
[2026-04-24T15:15:18.461+0000] {processor.py:830} INFO - Processing file /opt/airflow/dags/batch_pipeline_dag.py for tasks to queue
[2026-04-24T15:15:18.463+0000] {logging_mixin.py:188} INFO - [2026-04-24T15:15:18.463+0000] {dagbag.py:538} INFO - Filling up the DagBag from /opt/airflow/dags/batch_pipeline_dag.py
[2026-04-24T15:15:18.478+0000] {processor.py:840} INFO - DAG(s) 'batch_pipeline' retrieved from /opt/airflow/dags/batch_pipeline_dag.py
[2026-04-24T15:15:18.512+0000] {logging_mixin.py:188} INFO - [2026-04-24T15:15:18.512+0000] {dag.py:3036} INFO - Sync 1 DAGs
[2026-04-24T15:15:18.547+0000] {logging_mixin.py:188} INFO - [2026-04-24T15:15:18.547+0000] {dag.py:3823} INFO - Setting next_dagrun for batch_pipeline to 2026-04-24 15:14:00+00:00, run_after=2026-04-24 15:16:00+00:00
[2026-04-24T15:15:18.573+0000] {processor.py:183} INFO - Processing /opt/airflow/dags/batch_pipeline_dag.py took 0.119 seconds
[2026-04-24T15:15:48.703+0000] {processor.py:161} INFO - Started process (PID=38) to work on /opt/airflow/dags/batch_pipeline_dag.py
[2026-04-24T15:15:48.705+0000] {processor.py:830} INFO - Processing file /opt/airflow/dags/batch_pipeline_dag.py for tasks to queue
[2026-04-24T15:15:48.711+0000] {logging_mixin.py:188} INFO - [2026-04-24T15:15:48.710+0000] {dagbag.py:538} INFO - Filling up the DagBag from /opt/airflow/dags/batch_pipeline_dag.py
[2026-04-24T15:15:48.744+0000] {processor.py:840} INFO - DAG(s) 'batch_pipeline' retrieved from /opt/airflow/dags/batch_pipeline_dag.py
[2026-04-24T15:15:48.815+0000] {logging_mixin.py:188} INFO - [2026-04-24T15:15:48.814+0000] {dag.py:3036} INFO - Sync 1 DAGs
[2026-04-24T15:15:48.915+0000] {logging_mixin.py:188} INFO - [2026-04-24T15:15:48.915+0000] {dag.py:3823} INFO - Setting next_dagrun for batch_pipeline to 2026-04-24 15:14:00+00:00, run_after=2026-04-24 15:16:00+00:00
[2026-04-24T15:15:48.970+0000] {processor.py:183} INFO - Processing /opt/airflow/dags/batch_pipeline_dag.py took 0.274 seconds
[2026-04-24T15:16:19.070+0000] {processor.py:161} INFO - Started process (PID=39) to work on /opt/airflow/dags/batch_pipeline_dag.py
[2026-04-24T15:16:19.072+0000] {processor.py:830} INFO - Processing file /opt/airflow/dags/batch_pipeline_dag.py for tasks to queue
[2026-04-24T15:16:19.075+0000] {logging_mixin.py:188} INFO - [2026-04-24T15:16:19.075+0000] {dagbag.py:538} INFO - Filling up the DagBag from /opt/airflow/dags/batch_pipeline_dag.py
[2026-04-24T15:16:19.090+0000] {processor.py:840} INFO - DAG(s) 'batch_pipeline' retrieved from /opt/airflow/dags/batch_pipeline_dag.py
[2026-04-24T15:16:19.124+0000] {logging_mixin.py:188} INFO - [2026-04-24T15:16:19.124+0000] {dag.py:3036} INFO - Sync 1 DAGs
[2026-04-24T15:16:19.161+0000] {logging_mixin.py:188} INFO - [2026-04-24T15:16:19.160+0000] {dag.py:3823} INFO - Setting next_dagrun for batch_pipeline to 2026-04-24 15:16:00+00:00, run_after=2026-04-24 15:18:00+00:00
[2026-04-24T15:16:19.192+0000] {processor.py:183} INFO - Processing /opt/airflow/dags/batch_pipeline_dag.py took 0.128 seconds
[2026-04-24T15:16:49.417+0000] {processor.py:161} INFO - Started process (PID=40) to work on /opt/airflow/dags/batch_pipeline_dag.py
[2026-04-24T15:16:49.418+0000] {processor.py:830} INFO - Processing file /opt/airflow/dags/batch_pipeline_dag.py for tasks to queue
[2026-04-24T15:16:49.420+0000] {logging_mixin.py:188} INFO - [2026-04-24T15:16:49.420+0000] {dagbag.py:538} INFO - Filling up the DagBag from /opt/airflow/dags/batch_pipeline_dag.py
[2026-04-24T15:16:49.435+0000] {processor.py:840} INFO - DAG(s) 'batch_pipeline' retrieved from /opt/airflow/dags/batch_pipeline_dag.py
[2026-04-24T15:16:49.469+0000] {logging_mixin.py:188} INFO - [2026-04-24T15:16:49.469+0000] {dag.py:3036} INFO - Sync 1 DAGs
[2026-04-24T15:16:49.507+0000] {logging_mixin.py:188} INFO - [2026-04-24T15:16:49.507+0000] {dag.py:3823} INFO - Setting next_dagrun for batch_pipeline to 2026-04-24 15:16:00+00:00, run_after=2026-04-24 15:18:00+00:00
[2026-04-24T15:16:49.534+0000] {processor.py:183} INFO - Processing /opt/airflow/dags/batch_pipeline_dag.py took 0.121 seconds
[2026-04-24T15:17:19.632+0000] {processor.py:161} INFO - Started process (PID=41) to work on /opt/airflow/dags/batch_pipeline_dag.py
[2026-04-24T15:17:19.634+0000] {processor.py:830} INFO - Processing file /opt/airflow/dags/batch_pipeline_dag.py for tasks to queue
[2026-04-24T15:17:19.636+0000] {logging_mixin.py:188} INFO - [2026-04-24T15:17:19.636+0000] {dagbag.py:538} INFO - Filling up the DagBag from /opt/airflow/dags/batch_pipeline_dag.py
[2026-04-24T15:17:19.659+0000] {processor.py:840} INFO - DAG(s) 'batch_pipeline' retrieved from /opt/airflow/dags/batch_pipeline_dag.py
[2026-04-24T15:17:19.704+0000] {logging_mixin.py:188} INFO - [2026-04-24T15:17:19.704+0000] {dag.py:3036} INFO - Sync 1 DAGs
[2026-04-24T15:17:19.753+0000] {logging_mixin.py:188} INFO - [2026-04-24T15:17:19.753+0000] {dag.py:3823} INFO - Setting next_dagrun for batch_pipeline to 2026-04-24 15:16:00+00:00, run_after=2026-04-24 15:18:00+00:00
[2026-04-24T15:17:19.791+0000] {processor.py:183} INFO - Processing /opt/airflow/dags/batch_pipeline_dag.py took 0.168 seconds
[2026-04-24T15:17:49.998+0000] {processor.py:161} INFO - Started process (PID=42) to work on /opt/airflow/dags/batch_pipeline_dag.py
[2026-04-24T15:17:49.999+0000] {processor.py:830} INFO - Processing file /opt/airflow/dags/batch_pipeline_dag.py for tasks to queue
[2026-04-24T15:17:50.002+0000] {logging_mixin.py:188} INFO - [2026-04-24T15:17:50.001+0000] {dagbag.py:538} INFO - Filling up the DagBag from /opt/airflow/dags/batch_pipeline_dag.py
[2026-04-24T15:17:50.035+0000] {processor.py:840} INFO - DAG(s) 'batch_pipeline' retrieved from /opt/airflow/dags/batch_pipeline_dag.py
[2026-04-24T15:17:50.081+0000] {logging_mixin.py:188} INFO - [2026-04-24T15:17:50.081+0000] {dag.py:3036} INFO - Sync 1 DAGs
[2026-04-24T15:17:50.131+0000] {logging_mixin.py:188} INFO - [2026-04-24T15:17:50.131+0000] {dag.py:3823} INFO - Setting next_dagrun for batch_pipeline to 2026-04-24 15:16:00+00:00, run_after=2026-04-24 15:18:00+00:00
[2026-04-24T15:17:50.163+0000] {processor.py:183} INFO - Processing /opt/airflow/dags/batch_pipeline_dag.py took 0.174 seconds
[2026-04-24T15:18:20.247+0000] {processor.py:161} INFO - Started process (PID=53) to work on /opt/airflow/dags/batch_pipeline_dag.py
[2026-04-24T15:18:20.250+0000] {processor.py:830} INFO - Processing file /opt/airflow/dags/batch_pipeline_dag.py for tasks to queue
[2026-04-24T15:18:20.252+0000] {logging_mixin.py:188} INFO - [2026-04-24T15:18:20.251+0000] {dagbag.py:538} INFO - Filling up the DagBag from /opt/airflow/dags/batch_pipeline_dag.py
[2026-04-24T15:18:20.274+0000] {processor.py:840} INFO - DAG(s) 'batch_pipeline' retrieved from /opt/airflow/dags/batch_pipeline_dag.py
[2026-04-24T15:18:20.338+0000] {logging_mixin.py:188} INFO - [2026-04-24T15:18:20.337+0000] {dag.py:3036} INFO - Sync 1 DAGs
[2026-04-24T15:18:20.395+0000] {logging_mixin.py:188} INFO - [2026-04-24T15:18:20.394+0000] {dag.py:3823} INFO - Setting next_dagrun for batch_pipeline to 2026-04-24 15:18:00+00:00, run_after=2026-04-24 15:20:00+00:00
[2026-04-24T15:18:20.440+0000] {processor.py:183} INFO - Processing /opt/airflow/dags/batch_pipeline_dag.py took 0.202 seconds
[2026-04-24T15:18:50.612+0000] {processor.py:161} INFO - Started process (PID=54) to work on /opt/airflow/dags/batch_pipeline_dag.py
[2026-04-24T15:18:50.613+0000] {processor.py:830} INFO - Processing file /opt/airflow/dags/batch_pipeline_dag.py for tasks to queue
[2026-04-24T15:18:50.615+0000] {logging_mixin.py:188} INFO - [2026-04-24T15:18:50.614+0000] {dagbag.py:538} INFO - Filling up the DagBag from /opt/airflow/dags/batch_pipeline_dag.py
[2026-04-24T15:18:50.632+0000] {processor.py:840} INFO - DAG(s) 'batch_pipeline' retrieved from /opt/airflow/dags/batch_pipeline_dag.py
[2026-04-24T15:18:50.663+0000] {logging_mixin.py:188} INFO - [2026-04-24T15:18:50.663+0000] {dag.py:3036} INFO - Sync 1 DAGs
[2026-04-24T15:18:50.699+0000] {logging_mixin.py:188} INFO - [2026-04-24T15:18:50.699+0000] {dag.py:3823} INFO - Setting next_dagrun for batch_pipeline to 2026-04-24 15:18:00+00:00, run_after=2026-04-24 15:20:00+00:00
[2026-04-24T15:18:50.729+0000] {processor.py:183} INFO - Processing /opt/airflow/dags/batch_pipeline_dag.py took 0.120 seconds
[2026-04-24T15:19:20.854+0000] {processor.py:161} INFO - Started process (PID=55) to work on /opt/airflow/dags/batch_pipeline_dag.py
[2026-04-24T15:19:20.855+0000] {processor.py:830} INFO - Processing file /opt/airflow/dags/batch_pipeline_dag.py for tasks to queue
[2026-04-24T15:19:20.857+0000] {logging_mixin.py:188} INFO - [2026-04-24T15:19:20.857+0000] {dagbag.py:538} INFO - Filling up the DagBag from /opt/airflow/dags/batch_pipeline_dag.py
[2026-04-24T15:19:20.872+0000] {processor.py:840} INFO - DAG(s) 'batch_pipeline' retrieved from /opt/airflow/dags/batch_pipeline_dag.py
[2026-04-24T15:19:20.907+0000] {logging_mixin.py:188} INFO - [2026-04-24T15:19:20.906+0000] {dag.py:3036} INFO - Sync 1 DAGs
[2026-04-24T15:19:20.944+0000] {logging_mixin.py:188} INFO - [2026-04-24T15:19:20.943+0000] {dag.py:3823} INFO - Setting next_dagrun for batch_pipeline to 2026-04-24 15:18:00+00:00, run_after=2026-04-24 15:20:00+00:00
[2026-04-24T15:19:20.973+0000] {processor.py:183} INFO - Processing /opt/airflow/dags/batch_pipeline_dag.py took 0.124 seconds
[2026-04-24T15:19:51.162+0000] {processor.py:161} INFO - Started process (PID=56) to work on /opt/airflow/dags/batch_pipeline_dag.py
[2026-04-24T15:19:51.163+0000] {processor.py:830} INFO - Processing file /opt/airflow/dags/batch_pipeline_dag.py for tasks to queue
[2026-04-24T15:19:51.166+0000] {logging_mixin.py:188} INFO - [2026-04-24T15:19:51.165+0000] {dagbag.py:538} INFO - Filling up the DagBag from /opt/airflow/dags/batch_pipeline_dag.py
[2026-04-24T15:19:51.181+0000] {processor.py:840} INFO - DAG(s) 'batch_pipeline' retrieved from /opt/airflow/dags/batch_pipeline_dag.py
[2026-04-24T15:19:51.212+0000] {logging_mixin.py:188} INFO - [2026-04-24T15:19:51.212+0000] {dag.py:3036} INFO - Sync 1 DAGs
[2026-04-24T15:19:51.246+0000] {logging_mixin.py:188} INFO - [2026-04-24T15:19:51.245+0000] {dag.py:3823} INFO - Setting next_dagrun for batch_pipeline to 2026-04-24 15:18:00+00:00, run_after=2026-04-24 15:20:00+00:00
[2026-04-24T15:19:51.274+0000] {processor.py:183} INFO - Processing /opt/airflow/dags/batch_pipeline_dag.py took 0.115 seconds
[2026-04-24T15:20:21.378+0000] {processor.py:161} INFO - Started process (PID=57) to work on /opt/airflow/dags/batch_pipeline_dag.py
[2026-04-24T15:20:21.381+0000] {processor.py:830} INFO - Processing file /opt/airflow/dags/batch_pipeline_dag.py for tasks to queue
[2026-04-24T15:20:21.383+0000] {logging_mixin.py:188} INFO - [2026-04-24T15:20:21.382+0000] {dagbag.py:538} INFO - Filling up the DagBag from /opt/airflow/dags/batch_pipeline_dag.py
[2026-04-24T15:20:21.397+0000] {processor.py:840} INFO - DAG(s) 'batch_pipeline' retrieved from /opt/airflow/dags/batch_pipeline_dag.py
[2026-04-24T15:20:21.428+0000] {logging_mixin.py:188} INFO - [2026-04-24T15:20:21.428+0000] {dag.py:3036} INFO - Sync 1 DAGs
[2026-04-24T15:20:21.463+0000] {logging_mixin.py:188} INFO - [2026-04-24T15:20:21.462+0000] {dag.py:3823} INFO - Setting next_dagrun for batch_pipeline to 2026-04-24 15:20:00+00:00, run_after=2026-04-24 15:22:00+00:00
[2026-04-24T15:20:21.491+0000] {processor.py:183} INFO - Processing /opt/airflow/dags/batch_pipeline_dag.py took 0.117 seconds
[2026-04-24T15:20:51.650+0000] {processor.py:161} INFO - Started process (PID=58) to work on /opt/airflow/dags/batch_pipeline_dag.py
[2026-04-24T15:20:51.651+0000] {processor.py:830} INFO - Processing file /opt/airflow/dags/batch_pipeline_dag.py for tasks to queue
[2026-04-24T15:20:51.653+0000] {logging_mixin.py:188} INFO - [2026-04-24T15:20:51.653+0000] {dagbag.py:538} INFO - Filling up the DagBag from /opt/airflow/dags/batch_pipeline_dag.py
[2026-04-24T15:20:51.667+0000] {processor.py:840} INFO - DAG(s) 'batch_pipeline' retrieved from /opt/airflow/dags/batch_pipeline_dag.py
[2026-04-24T15:20:51.698+0000] {logging_mixin.py:188} INFO - [2026-04-24T15:20:51.698+0000] {dag.py:3036} INFO - Sync 1 DAGs
[2026-04-24T15:20:51.739+0000] {logging_mixin.py:188} INFO - [2026-04-24T15:20:51.739+0000] {dag.py:3823} INFO - Setting next_dagrun for batch_pipeline to 2026-04-24 15:20:00+00:00, run_after=2026-04-24 15:22:00+00:00
[2026-04-24T15:20:51.768+0000] {processor.py:183} INFO - Processing /opt/airflow/dags/batch_pipeline_dag.py took 0.123 seconds
[2026-04-24T15:21:21.910+0000] {processor.py:161} INFO - Started process (PID=59) to work on /opt/airflow/dags/batch_pipeline_dag.py
[2026-04-24T15:21:21.912+0000] {processor.py:830} INFO - Processing file /opt/airflow/dags/batch_pipeline_dag.py for tasks to queue
[2026-04-24T15:21:21.916+0000] {logging_mixin.py:188} INFO - [2026-04-24T15:21:21.914+0000] {dagbag.py:538} INFO - Filling up the DagBag from /opt/airflow/dags/batch_pipeline_dag.py
[2026-04-24T15:21:21.930+0000] {processor.py:840} INFO - DAG(s) 'batch_pipeline' retrieved from /opt/airflow/dags/batch_pipeline_dag.py
[2026-04-24T15:21:21.967+0000] {logging_mixin.py:188} INFO - [2026-04-24T15:21:21.967+0000] {dag.py:3036} INFO - Sync 1 DAGs
[2026-04-24T15:21:22.003+0000] {logging_mixin.py:188} INFO - [2026-04-24T15:21:22.003+0000] {dag.py:3823} INFO - Setting next_dagrun for batch_pipeline to 2026-04-24 15:20:00+00:00, run_after=2026-04-24 15:22:00+00:00
[2026-04-24T15:21:22.032+0000] {processor.py:183} INFO - Processing /opt/airflow/dags/batch_pipeline_dag.py took 0.126 seconds
[2026-04-24T15:21:52.165+0000] {processor.py:161} INFO - Started process (PID=60) to work on /opt/airflow/dags/batch_pipeline_dag.py
[2026-04-24T15:21:52.166+0000] {processor.py:830} INFO - Processing file /opt/airflow/dags/batch_pipeline_dag.py for tasks to queue
[2026-04-24T15:21:52.168+0000] {logging_mixin.py:188} INFO - [2026-04-24T15:21:52.167+0000] {dagbag.py:538} INFO - Filling up the DagBag from /opt/airflow/dags/batch_pipeline_dag.py
[2026-04-24T15:21:52.182+0000] {processor.py:840} INFO - DAG(s) 'batch_pipeline' retrieved from /opt/airflow/dags/batch_pipeline_dag.py
[2026-04-24T15:21:52.216+0000] {logging_mixin.py:188} INFO - [2026-04-24T15:21:52.215+0000] {dag.py:3036} INFO - Sync 1 DAGs
[2026-04-24T15:21:52.252+0000] {logging_mixin.py:188} INFO - [2026-04-24T15:21:52.252+0000] {dag.py:3823} INFO - Setting next_dagrun for batch_pipeline to 2026-04-24 15:20:00+00:00, run_after=2026-04-24 15:22:00+00:00
[2026-04-24T15:21:52.278+0000] {processor.py:183} INFO - Processing /opt/airflow/dags/batch_pipeline_dag.py took 0.118 seconds
[2026-04-24T15:22:22.444+0000] {processor.py:161} INFO - Started process (PID=61) to work on /opt/airflow/dags/batch_pipeline_dag.py
[2026-04-24T15:22:22.447+0000] {processor.py:830} INFO - Processing file /opt/airflow/dags/batch_pipeline_dag.py for tasks to queue
[2026-04-24T15:22:22.450+0000] {logging_mixin.py:188} INFO - [2026-04-24T15:22:22.450+0000] {dagbag.py:538} INFO - Filling up the DagBag from /opt/airflow/dags/batch_pipeline_dag.py
[2026-04-24T15:22:22.465+0000] {processor.py:840} INFO - DAG(s) 'batch_pipeline' retrieved from /opt/airflow/dags/batch_pipeline_dag.py
[2026-04-24T15:22:22.499+0000] {logging_mixin.py:188} INFO - [2026-04-24T15:22:22.499+0000] {dag.py:3036} INFO - Sync 1 DAGs
[2026-04-24T15:22:22.534+0000] {logging_mixin.py:188} INFO - [2026-04-24T15:22:22.533+0000] {dag.py:3823} INFO - Setting next_dagrun for batch_pipeline to 2026-04-24 15:22:00+00:00, run_after=2026-04-24 15:24:00+00:00
[2026-04-24T15:22:22.559+0000] {processor.py:183} INFO - Processing /opt/airflow/dags/batch_pipeline_dag.py took 0.119 seconds
[2026-04-24T15:22:52.720+0000] {processor.py:161} INFO - Started process (PID=62) to work on /opt/airflow/dags/batch_pipeline_dag.py
[2026-04-24T15:22:52.720+0000] {processor.py:830} INFO - Processing file /opt/airflow/dags/batch_pipeline_dag.py for tasks to queue
[2026-04-24T15:22:52.723+0000] {logging_mixin.py:188} INFO - [2026-04-24T15:22:52.723+0000] {dagbag.py:538} INFO - Filling up the DagBag from /opt/airflow/dags/batch_pipeline_dag.py
[2026-04-24T15:22:52.739+0000] {processor.py:840} INFO - DAG(s) 'batch_pipeline' retrieved from /opt/airflow/dags/batch_pipeline_dag.py
[2026-04-24T15:22:52.773+0000] {logging_mixin.py:188} INFO - [2026-04-24T15:22:52.773+0000] {dag.py:3036} INFO - Sync 1 DAGs
[2026-04-24T15:22:52.809+0000] {logging_mixin.py:188} INFO - [2026-04-24T15:22:52.809+0000] {dag.py:3823} INFO - Setting next_dagrun for batch_pipeline to 2026-04-24 15:22:00+00:00, run_after=2026-04-24 15:24:00+00:00
[2026-04-24T15:22:52.840+0000] {processor.py:183} INFO - Processing /opt/airflow/dags/batch_pipeline_dag.py took 0.123 seconds
[2026-04-24T15:23:22.974+0000] {processor.py:161} INFO - Started process (PID=63) to work on /opt/airflow/dags/batch_pipeline_dag.py
[2026-04-24T15:23:22.977+0000] {processor.py:830} INFO - Processing file /opt/airflow/dags/batch_pipeline_dag.py for tasks to queue
[2026-04-24T15:23:22.980+0000] {logging_mixin.py:188} INFO - [2026-04-24T15:23:22.980+0000] {dagbag.py:538} INFO - Filling up the DagBag from /opt/airflow/dags/batch_pipeline_dag.py
[2026-04-24T15:23:22.993+0000] {processor.py:840} INFO - DAG(s) 'batch_pipeline' retrieved from /opt/airflow/dags/batch_pipeline_dag.py
[2026-04-24T15:23:23.025+0000] {logging_mixin.py:188} INFO - [2026-04-24T15:23:23.025+0000] {dag.py:3036} INFO - Sync 1 DAGs
[2026-04-24T15:23:23.058+0000] {logging_mixin.py:188} INFO - [2026-04-24T15:23:23.058+0000] {dag.py:3823} INFO - Setting next_dagrun for batch_pipeline to 2026-04-24 15:22:00+00:00, run_after=2026-04-24 15:24:00+00:00
[2026-04-24T15:23:23.088+0000] {processor.py:183} INFO - Processing /opt/airflow/dags/batch_pipeline_dag.py took 0.117 seconds
[2026-04-24T15:23:53.238+0000] {processor.py:161} INFO - Started process (PID=64) to work on /opt/airflow/dags/batch_pipeline_dag.py
[2026-04-24T15:23:53.239+0000] {processor.py:830} INFO - Processing file /opt/airflow/dags/batch_pipeline_dag.py for tasks to queue
[2026-04-24T15:23:53.241+0000] {logging_mixin.py:188} INFO - [2026-04-24T15:23:53.240+0000] {dagbag.py:538} INFO - Filling up the DagBag from /opt/airflow/dags/batch_pipeline_dag.py
[2026-04-24T15:23:53.258+0000] {processor.py:840} INFO - DAG(s) 'batch_pipeline' retrieved from /opt/airflow/dags/batch_pipeline_dag.py
[2026-04-24T15:23:53.292+0000] {logging_mixin.py:188} INFO - [2026-04-24T15:23:53.292+0000] {dag.py:3036} INFO - Sync 1 DAGs
[2026-04-24T15:23:53.328+0000] {logging_mixin.py:188} INFO - [2026-04-24T15:23:53.327+0000] {dag.py:3823} INFO - Setting next_dagrun for batch_pipeline to 2026-04-24 15:22:00+00:00, run_after=2026-04-24 15:24:00+00:00
[2026-04-24T15:23:53.354+0000] {processor.py:183} INFO - Processing /opt/airflow/dags/batch_pipeline_dag.py took 0.119 seconds
[2026-04-24T15:24:23.485+0000] {processor.py:161} INFO - Started process (PID=65) to work on /opt/airflow/dags/batch_pipeline_dag.py
[2026-04-24T15:24:23.487+0000] {processor.py:830} INFO - Processing file /opt/airflow/dags/batch_pipeline_dag.py for tasks to queue
[2026-04-24T15:24:23.489+0000] {logging_mixin.py:188} INFO - [2026-04-24T15:24:23.488+0000] {dagbag.py:538} INFO - Filling up the DagBag from /opt/airflow/dags/batch_pipeline_dag.py
[2026-04-24T15:24:23.504+0000] {processor.py:840} INFO - DAG(s) 'batch_pipeline' retrieved from /opt/airflow/dags/batch_pipeline_dag.py
[2026-04-24T15:24:23.537+0000] {logging_mixin.py:188} INFO - [2026-04-24T15:24:23.537+0000] {dag.py:3036} INFO - Sync 1 DAGs
[2026-04-24T15:24:23.573+0000] {logging_mixin.py:188} INFO - [2026-04-24T15:24:23.573+0000] {dag.py:3823} INFO - Setting next_dagrun for batch_pipeline to 2026-04-24 15:24:00+00:00, run_after=2026-04-24 15:26:00+00:00
[2026-04-24T15:24:23.601+0000] {processor.py:183} INFO - Processing /opt/airflow/dags/batch_pipeline_dag.py took 0.121 seconds
[2026-04-24T15:24:53.743+0000] {processor.py:161} INFO - Started process (PID=66) to work on /opt/airflow/dags/batch_pipeline_dag.py
[2026-04-24T15:24:53.744+0000] {processor.py:830} INFO - Processing file /opt/airflow/dags/batch_pipeline_dag.py for tasks to queue
[2026-04-24T15:24:53.746+0000] {logging_mixin.py:188} INFO - [2026-04-24T15:24:53.746+0000] {dagbag.py:538} INFO - Filling up the DagBag from /opt/airflow/dags/batch_pipeline_dag.py
[2026-04-24T15:24:53.760+0000] {processor.py:840} INFO - DAG(s) 'batch_pipeline' retrieved from /opt/airflow/dags/batch_pipeline_dag.py
[2026-04-24T15:24:53.797+0000] {logging_mixin.py:188} INFO - [2026-04-24T15:24:53.797+0000] {dag.py:3036} INFO - Sync 1 DAGs
[2026-04-24T15:24:53.833+0000] {logging_mixin.py:188} INFO - [2026-04-24T15:24:53.833+0000] {dag.py:3823} INFO - Setting next_dagrun for batch_pipeline to 2026-04-24 15:24:00+00:00, run_after=2026-04-24 15:26:00+00:00
[2026-04-24T15:24:53.863+0000] {processor.py:183} INFO - Processing /opt/airflow/dags/batch_pipeline_dag.py took 0.125 seconds
[2026-04-24T15:25:24.003+0000] {processor.py:161} INFO - Started process (PID=67) to work on /opt/airflow/dags/batch_pipeline_dag.py
[2026-04-24T15:25:24.006+0000] {processor.py:830} INFO - Processing file /opt/airflow/dags/batch_pipeline_dag.py for tasks to queue
[2026-04-24T15:25:24.009+0000] {logging_mixin.py:188} INFO - [2026-04-24T15:25:24.008+0000] {dagbag.py:538} INFO - Filling up the DagBag from /opt/airflow/dags/batch_pipeline_dag.py
[2026-04-24T15:25:24.023+0000] {processor.py:840} INFO - DAG(s) 'batch_pipeline' retrieved from /opt/airflow/dags/batch_pipeline_dag.py
[2026-04-24T15:25:24.064+0000] {logging_mixin.py:188} INFO - [2026-04-24T15:25:24.063+0000] {dag.py:3036} INFO - Sync 1 DAGs
[2026-04-24T15:25:24.109+0000] {logging_mixin.py:188} INFO - [2026-04-24T15:25:24.109+0000] {dag.py:3823} INFO - Setting next_dagrun for batch_pipeline to 2026-04-24 15:24:00+00:00, run_after=2026-04-24 15:26:00+00:00
[2026-04-24T15:25:24.135+0000] {processor.py:183} INFO - Processing /opt/airflow/dags/batch_pipeline_dag.py took 0.135 seconds
[2026-04-24T15:25:54.267+0000] {processor.py:161} INFO - Started process (PID=68) to work on /opt/airflow/dags/batch_pipeline_dag.py
[2026-04-24T15:25:54.267+0000] {processor.py:830} INFO - Processing file /opt/airflow/dags/batch_pipeline_dag.py for tasks to queue
[2026-04-24T15:25:54.269+0000] {logging_mixin.py:188} INFO - [2026-04-24T15:25:54.269+0000] {dagbag.py:538} INFO - Filling up the DagBag from /opt/airflow/dags/batch_pipeline_dag.py
[2026-04-24T15:25:54.284+0000] {processor.py:840} INFO - DAG(s) 'batch_pipeline' retrieved from /opt/airflow/dags/batch_pipeline_dag.py
[2026-04-24T15:25:54.318+0000] {logging_mixin.py:188} INFO - [2026-04-24T15:25:54.317+0000] {dag.py:3036} INFO - Sync 1 DAGs
[2026-04-24T15:25:54.352+0000] {logging_mixin.py:188} INFO - [2026-04-24T15:25:54.352+0000] {dag.py:3823} INFO - Setting next_dagrun for batch_pipeline to 2026-04-24 15:24:00+00:00, run_after=2026-04-24 15:26:00+00:00
[2026-04-24T15:25:54.382+0000] {processor.py:183} INFO - Processing /opt/airflow/dags/batch_pipeline_dag.py took 0.118 seconds
[2026-04-24T15:26:24.581+0000] {processor.py:161} INFO - Started process (PID=69) to work on /opt/airflow/dags/batch_pipeline_dag.py
[2026-04-24T15:26:24.583+0000] {processor.py:830} INFO - Processing file /opt/airflow/dags/batch_pipeline_dag.py for tasks to queue
[2026-04-24T15:26:24.585+0000] {logging_mixin.py:188} INFO - [2026-04-24T15:26:24.585+0000] {dagbag.py:538} INFO - Filling up the DagBag from /opt/airflow/dags/batch_pipeline_dag.py
[2026-04-24T15:26:24.600+0000] {processor.py:840} INFO - DAG(s) 'batch_pipeline' retrieved from /opt/airflow/dags/batch_pipeline_dag.py
[2026-04-24T15:26:24.635+0000] {logging_mixin.py:188} INFO - [2026-04-24T15:26:24.634+0000] {dag.py:3036} INFO - Sync 1 DAGs
[2026-04-24T15:26:24.669+0000] {logging_mixin.py:188} INFO - [2026-04-24T15:26:24.669+0000] {dag.py:3823} INFO - Setting next_dagrun for batch_pipeline to 2026-04-24 15:26:00+00:00, run_after=2026-04-24 15:28:00+00:00
[2026-04-24T15:26:24.699+0000] {processor.py:183} INFO - Processing /opt/airflow/dags/batch_pipeline_dag.py took 0.122 seconds
[2026-04-24T15:26:54.816+0000] {processor.py:161} INFO - Started process (PID=70) to work on /opt/airflow/dags/batch_pipeline_dag.py
[2026-04-24T15:26:54.817+0000] {processor.py:830} INFO - Processing file /opt/airflow/dags/batch_pipeline_dag.py for tasks to queue
[2026-04-24T15:26:54.819+0000] {logging_mixin.py:188} INFO - [2026-04-24T15:26:54.818+0000] {dagbag.py:538} INFO - Filling up the DagBag from /opt/airflow/dags/batch_pipeline_dag.py
[2026-04-24T15:26:54.834+0000] {processor.py:840} INFO - DAG(s) 'batch_pipeline' retrieved from /opt/airflow/dags/batch_pipeline_dag.py
[2026-04-24T15:26:54.867+0000] {logging_mixin.py:188} INFO - [2026-04-24T15:26:54.866+0000] {dag.py:3036} INFO - Sync 1 DAGs
[2026-04-24T15:26:54.904+0000] {logging_mixin.py:188} INFO - [2026-04-24T15:26:54.903+0000] {dag.py:3823} INFO - Setting next_dagrun for batch_pipeline to 2026-04-24 15:26:00+00:00, run_after=2026-04-24 15:28:00+00:00
[2026-04-24T15:26:54.932+0000] {processor.py:183} INFO - Processing /opt/airflow/dags/batch_pipeline_dag.py took 0.119 seconds
[2026-04-24T15:27:25.101+0000] {processor.py:161} INFO - Started process (PID=71) to work on /opt/airflow/dags/batch_pipeline_dag.py
[2026-04-24T15:27:25.104+0000] {processor.py:830} INFO - Processing file /opt/airflow/dags/batch_pipeline_dag.py for tasks to queue
[2026-04-24T15:27:25.106+0000] {logging_mixin.py:188} INFO - [2026-04-24T15:27:25.106+0000] {dagbag.py:538} INFO - Filling up the DagBag from /opt/airflow/dags/batch_pipeline_dag.py
[2026-04-24T15:27:25.124+0000] {processor.py:840} INFO - DAG(s) 'batch_pipeline' retrieved from /opt/airflow/dags/batch_pipeline_dag.py
[2026-04-24T15:27:25.157+0000] {logging_mixin.py:188} INFO - [2026-04-24T15:27:25.157+0000] {dag.py:3036} INFO - Sync 1 DAGs
[2026-04-24T15:27:25.194+0000] {logging_mixin.py:188} INFO - [2026-04-24T15:27:25.193+0000] {dag.py:3823} INFO - Setting next_dagrun for batch_pipeline to 2026-04-24 15:26:00+00:00, run_after=2026-04-24 15:28:00+00:00
[2026-04-24T15:27:25.224+0000] {processor.py:183} INFO - Processing /opt/airflow/dags/batch_pipeline_dag.py took 0.127 seconds
[2026-04-24T15:27:55.339+0000] {processor.py:161} INFO - Started process (PID=72) to work on /opt/airflow/dags/batch_pipeline_dag.py
[2026-04-24T15:27:55.339+0000] {processor.py:830} INFO - Processing file /opt/airflow/dags/batch_pipeline_dag.py for tasks to queue
[2026-04-24T15:27:55.341+0000] {logging_mixin.py:188} INFO - [2026-04-24T15:27:55.341+0000] {dagbag.py:538} INFO - Filling up the DagBag from /opt/airflow/dags/batch_pipeline_dag.py
[2026-04-24T15:27:55.357+0000] {processor.py:840} INFO - DAG(s) 'batch_pipeline' retrieved from /opt/airflow/dags/batch_pipeline_dag.py
[2026-04-24T15:27:55.392+0000] {logging_mixin.py:188} INFO - [2026-04-24T15:27:55.391+0000] {dag.py:3036} INFO - Sync 1 DAGs
[2026-04-24T15:27:55.430+0000] {logging_mixin.py:188} INFO - [2026-04-24T15:27:55.429+0000] {dag.py:3823} INFO - Setting next_dagrun for batch_pipeline to 2026-04-24 15:26:00+00:00, run_after=2026-04-24 15:28:00+00:00
[2026-04-24T15:27:55.460+0000] {processor.py:183} INFO - Processing /opt/airflow/dags/batch_pipeline_dag.py took 0.127 seconds
[2026-04-24T15:28:25.654+0000] {processor.py:161} INFO - Started process (PID=73) to work on /opt/airflow/dags/batch_pipeline_dag.py
[2026-04-24T15:28:25.656+0000] {processor.py:830} INFO - Processing file /opt/airflow/dags/batch_pipeline_dag.py for tasks to queue
[2026-04-24T15:28:25.658+0000] {logging_mixin.py:188} INFO - [2026-04-24T15:28:25.658+0000] {dagbag.py:538} INFO - Filling up the DagBag from /opt/airflow/dags/batch_pipeline_dag.py
[2026-04-24T15:28:25.673+0000] {processor.py:840} INFO - DAG(s) 'batch_pipeline' retrieved from /opt/airflow/dags/batch_pipeline_dag.py
[2026-04-24T15:28:25.704+0000] {logging_mixin.py:188} INFO - [2026-04-24T15:28:25.704+0000] {dag.py:3036} INFO - Sync 1 DAGs
[2026-04-24T15:28:25.738+0000] {logging_mixin.py:188} INFO - [2026-04-24T15:28:25.738+0000] {dag.py:3823} INFO - Setting next_dagrun for batch_pipeline to 2026-04-24 15:28:00+00:00, run_after=2026-04-24 15:30:00+00:00
[2026-04-24T15:28:25.765+0000] {processor.py:183} INFO - Processing /opt/airflow/dags/batch_pipeline_dag.py took 0.117 seconds
[2026-04-24T15:28:55.892+0000] {processor.py:161} INFO - Started process (PID=74) to work on /opt/airflow/dags/batch_pipeline_dag.py
[2026-04-24T15:28:55.893+0000] {processor.py:830} INFO - Processing file /opt/airflow/dags/batch_pipeline_dag.py for tasks to queue
[2026-04-24T15:28:55.896+0000] {logging_mixin.py:188} INFO - [2026-04-24T15:28:55.895+0000] {dagbag.py:538} INFO - Filling up the DagBag from /opt/airflow/dags/batch_pipeline_dag.py
[2026-04-24T15:28:55.909+0000] {processor.py:840} INFO - DAG(s) 'batch_pipeline' retrieved from /opt/airflow/dags/batch_pipeline_dag.py
[2026-04-24T15:28:55.936+0000] {logging_mixin.py:188} INFO - [2026-04-24T15:28:55.936+0000] {dag.py:3036} INFO - Sync 1 DAGs
[2026-04-24T15:28:55.967+0000] {logging_mixin.py:188} INFO - [2026-04-24T15:28:55.967+0000] {dag.py:3823} INFO - Setting next_dagrun for batch_pipeline to 2026-04-24 15:28:00+00:00, run_after=2026-04-24 15:30:00+00:00
[2026-04-24T15:28:55.993+0000] {processor.py:183} INFO - Processing /opt/airflow/dags/batch_pipeline_dag.py took 0.106 seconds
[2026-04-24T15:29:26.274+0000] {processor.py:161} INFO - Started process (PID=75) to work on /opt/airflow/dags/batch_pipeline_dag.py
[2026-04-24T15:29:26.277+0000] {processor.py:830} INFO - Processing file /opt/airflow/dags/batch_pipeline_dag.py for tasks to queue
[2026-04-24T15:29:26.280+0000] {logging_mixin.py:188} INFO - [2026-04-24T15:29:26.279+0000] {dagbag.py:538} INFO - Filling up the DagBag from /opt/airflow/dags/batch_pipeline_dag.py
[2026-04-24T15:29:26.292+0000] {processor.py:840} INFO - DAG(s) 'batch_pipeline' retrieved from /opt/airflow/dags/batch_pipeline_dag.py
[2026-04-24T15:29:26.319+0000] {logging_mixin.py:188} INFO - [2026-04-24T15:29:26.319+0000] {dag.py:3036} INFO - Sync 1 DAGs
[2026-04-24T15:29:26.348+0000] {logging_mixin.py:188} INFO - [2026-04-24T15:29:26.348+0000] {dag.py:3823} INFO - Setting next_dagrun for batch_pipeline to 2026-04-24 15:28:00+00:00, run_after=2026-04-24 15:30:00+00:00
[2026-04-24T15:29:26.378+0000] {processor.py:183} INFO - Processing /opt/airflow/dags/batch_pipeline_dag.py took 0.109 seconds
[2026-04-24T15:29:56.571+0000] {processor.py:161} INFO - Started process (PID=76) to work on /opt/airflow/dags/batch_pipeline_dag.py
[2026-04-24T15:29:56.572+0000] {processor.py:830} INFO - Processing file /opt/airflow/dags/batch_pipeline_dag.py for tasks to queue
[2026-04-24T15:29:56.575+0000] {logging_mixin.py:188} INFO - [2026-04-24T15:29:56.574+0000] {dagbag.py:538} INFO - Filling up the DagBag from /opt/airflow/dags/batch_pipeline_dag.py
[2026-04-24T15:29:56.589+0000] {processor.py:840} INFO - DAG(s) 'batch_pipeline' retrieved from /opt/airflow/dags/batch_pipeline_dag.py
[2026-04-24T15:29:56.617+0000] {logging_mixin.py:188} INFO - [2026-04-24T15:29:56.617+0000] {dag.py:3036} INFO - Sync 1 DAGs
[2026-04-24T15:29:56.649+0000] {logging_mixin.py:188} INFO - [2026-04-24T15:29:56.649+0000] {dag.py:3823} INFO - Setting next_dagrun for batch_pipeline to 2026-04-24 15:28:00+00:00, run_after=2026-04-24 15:30:00+00:00
[2026-04-24T15:29:56.673+0000] {processor.py:183} INFO - Processing /opt/airflow/dags/batch_pipeline_dag.py took 0.107 seconds
[2026-04-24T15:30:26.905+0000] {processor.py:161} INFO - Started process (PID=77) to work on /opt/airflow/dags/batch_pipeline_dag.py
[2026-04-24T15:30:26.907+0000] {processor.py:830} INFO - Processing file /opt/airflow/dags/batch_pipeline_dag.py for tasks to queue
[2026-04-24T15:30:26.910+0000] {logging_mixin.py:188} INFO - [2026-04-24T15:30:26.910+0000] {dagbag.py:538} INFO - Filling up the DagBag from /opt/airflow/dags/batch_pipeline_dag.py
[2026-04-24T15:30:26.924+0000] {processor.py:840} INFO - DAG(s) 'batch_pipeline' retrieved from /opt/airflow/dags/batch_pipeline_dag.py
[2026-04-24T15:30:26.952+0000] {logging_mixin.py:188} INFO - [2026-04-24T15:30:26.952+0000] {dag.py:3036} INFO - Sync 1 DAGs
[2026-04-24T15:30:26.983+0000] {logging_mixin.py:188} INFO - [2026-04-24T15:30:26.983+0000] {dag.py:3823} INFO - Setting next_dagrun for batch_pipeline to 2026-04-24 15:30:00+00:00, run_after=2026-04-24 15:32:00+00:00
[2026-04-24T15:30:27.009+0000] {processor.py:183} INFO - Processing /opt/airflow/dags/batch_pipeline_dag.py took 0.107 seconds
[2026-04-24T15:30:57.191+0000] {processor.py:161} INFO - Started process (PID=78) to work on /opt/airflow/dags/batch_pipeline_dag.py
[2026-04-24T15:30:57.192+0000] {processor.py:830} INFO - Processing file /opt/airflow/dags/batch_pipeline_dag.py for tasks to queue
[2026-04-24T15:30:57.194+0000] {logging_mixin.py:188} INFO - [2026-04-24T15:30:57.193+0000] {dagbag.py:538} INFO - Filling up the DagBag from /opt/airflow/dags/batch_pipeline_dag.py
[2026-04-24T15:30:57.207+0000] {processor.py:840} INFO - DAG(s) 'batch_pipeline' retrieved from /opt/airflow/dags/batch_pipeline_dag.py
[2026-04-24T15:30:57.236+0000] {logging_mixin.py:188} INFO - [2026-04-24T15:30:57.236+0000] {dag.py:3036} INFO - Sync 1 DAGs
[2026-04-24T15:30:57.269+0000] {logging_mixin.py:188} INFO - [2026-04-24T15:30:57.269+0000] {dag.py:3823} INFO - Setting next_dagrun for batch_pipeline to 2026-04-24 15:30:00+00:00, run_after=2026-04-24 15:32:00+00:00
[2026-04-24T15:30:57.295+0000] {processor.py:183} INFO - Processing /opt/airflow/dags/batch_pipeline_dag.py took 0.110 seconds
[2026-04-24T15:31:27.582+0000] {processor.py:161} INFO - Started process (PID=79) to work on /opt/airflow/dags/batch_pipeline_dag.py
[2026-04-24T15:31:27.583+0000] {processor.py:830} INFO - Processing file /opt/airflow/dags/batch_pipeline_dag.py for tasks to queue
[2026-04-24T15:31:27.586+0000] {logging_mixin.py:188} INFO - [2026-04-24T15:31:27.585+0000] {dagbag.py:538} INFO - Filling up the DagBag from /opt/airflow/dags/batch_pipeline_dag.py
[2026-04-24T15:31:27.600+0000] {processor.py:840} INFO - DAG(s) 'batch_pipeline' retrieved from /opt/airflow/dags/batch_pipeline_dag.py
[2026-04-24T15:31:27.628+0000] {logging_mixin.py:188} INFO - [2026-04-24T15:31:27.628+0000] {dag.py:3036} INFO - Sync 1 DAGs
[2026-04-24T15:31:27.658+0000] {logging_mixin.py:188} INFO - [2026-04-24T15:31:27.658+0000] {dag.py:3823} INFO - Setting next_dagrun for batch_pipeline to 2026-04-24 15:30:00+00:00, run_after=2026-04-24 15:32:00+00:00
[2026-04-24T15:31:27.684+0000] {processor.py:183} INFO - Processing /opt/airflow/dags/batch_pipeline_dag.py took 0.106 seconds
[2026-04-24T15:31:57.868+0000] {processor.py:161} INFO - Started process (PID=80) to work on /opt/airflow/dags/batch_pipeline_dag.py
[2026-04-24T15:31:57.869+0000] {processor.py:830} INFO - Processing file /opt/airflow/dags/batch_pipeline_dag.py for tasks to queue
[2026-04-24T15:31:57.871+0000] {logging_mixin.py:188} INFO - [2026-04-24T15:31:57.870+0000] {dagbag.py:538} INFO - Filling up the DagBag from /opt/airflow/dags/batch_pipeline_dag.py
[2026-04-24T15:31:57.884+0000] {processor.py:840} INFO - DAG(s) 'batch_pipeline' retrieved from /opt/airflow/dags/batch_pipeline_dag.py
[2026-04-24T15:31:57.914+0000] {logging_mixin.py:188} INFO - [2026-04-24T15:31:57.913+0000] {dag.py:3036} INFO - Sync 1 DAGs
[2026-04-24T15:31:57.949+0000] {logging_mixin.py:188} INFO - [2026-04-24T15:31:57.949+0000] {dag.py:3823} INFO - Setting next_dagrun for batch_pipeline to 2026-04-24 15:30:00+00:00, run_after=2026-04-24 15:32:00+00:00
[2026-04-24T15:31:57.974+0000] {processor.py:183} INFO - Processing /opt/airflow/dags/batch_pipeline_dag.py took 0.111 seconds
[2026-04-24T15:32:28.231+0000] {processor.py:161} INFO - Started process (PID=81) to work on /opt/airflow/dags/batch_pipeline_dag.py
[2026-04-24T15:32:28.234+0000] {processor.py:830} INFO - Processing file /opt/airflow/dags/batch_pipeline_dag.py for tasks to queue
[2026-04-24T15:32:28.236+0000] {logging_mixin.py:188} INFO - [2026-04-24T15:32:28.235+0000] {dagbag.py:538} INFO - Filling up the DagBag from /opt/airflow/dags/batch_pipeline_dag.py
[2026-04-24T15:32:28.251+0000] {processor.py:840} INFO - DAG(s) 'batch_pipeline' retrieved from /opt/airflow/dags/batch_pipeline_dag.py
[2026-04-24T15:32:28.279+0000] {logging_mixin.py:188} INFO - [2026-04-24T15:32:28.278+0000] {dag.py:3036} INFO - Sync 1 DAGs
[2026-04-24T15:32:28.310+0000] {logging_mixin.py:188} INFO - [2026-04-24T15:32:28.310+0000] {dag.py:3823} INFO - Setting next_dagrun for batch_pipeline to 2026-04-24 15:32:00+00:00, run_after=2026-04-24 15:34:00+00:00
[2026-04-24T15:32:28.335+0000] {processor.py:183} INFO - Processing /opt/airflow/dags/batch_pipeline_dag.py took 0.108 seconds
[2026-04-24T15:32:58.518+0000] {processor.py:161} INFO - Started process (PID=82) to work on /opt/airflow/dags/batch_pipeline_dag.py
[2026-04-24T15:32:58.519+0000] {processor.py:830} INFO - Processing file /opt/airflow/dags/batch_pipeline_dag.py for tasks to queue
[2026-04-24T15:32:58.521+0000] {logging_mixin.py:188} INFO - [2026-04-24T15:32:58.520+0000] {dagbag.py:538} INFO - Filling up the DagBag from /opt/airflow/dags/batch_pipeline_dag.py
[2026-04-24T15:32:58.535+0000] {processor.py:840} INFO - DAG(s) 'batch_pipeline' retrieved from /opt/airflow/dags/batch_pipeline_dag.py
[2026-04-24T15:32:58.563+0000] {logging_mixin.py:188} INFO - [2026-04-24T15:32:58.563+0000] {dag.py:3036} INFO - Sync 1 DAGs
[2026-04-24T15:32:58.601+0000] {logging_mixin.py:188} INFO - [2026-04-24T15:32:58.600+0000] {dag.py:3823} INFO - Setting next_dagrun for batch_pipeline to 2026-04-24 15:32:00+00:00, run_after=2026-04-24 15:34:00+00:00
[2026-04-24T15:32:58.646+0000] {processor.py:183} INFO - Processing /opt/airflow/dags/batch_pipeline_dag.py took 0.133 seconds
[2026-04-24T15:33:28.870+0000] {processor.py:161} INFO - Started process (PID=83) to work on /opt/airflow/dags/batch_pipeline_dag.py
[2026-04-24T15:33:28.871+0000] {processor.py:830} INFO - Processing file /opt/airflow/dags/batch_pipeline_dag.py for tasks to queue
[2026-04-24T15:33:28.873+0000] {logging_mixin.py:188} INFO - [2026-04-24T15:33:28.873+0000] {dagbag.py:538} INFO - Filling up the DagBag from /opt/airflow/dags/batch_pipeline_dag.py
[2026-04-24T15:33:28.887+0000] {processor.py:840} INFO - DAG(s) 'batch_pipeline' retrieved from /opt/airflow/dags/batch_pipeline_dag.py
[2026-04-24T15:33:28.914+0000] {logging_mixin.py:188} INFO - [2026-04-24T15:33:28.914+0000] {dag.py:3036} INFO - Sync 1 DAGs
[2026-04-24T15:33:28.946+0000] {logging_mixin.py:188} INFO - [2026-04-24T15:33:28.946+0000] {dag.py:3823} INFO - Setting next_dagrun for batch_pipeline to 2026-04-24 15:32:00+00:00, run_after=2026-04-24 15:34:00+00:00
[2026-04-24T15:33:28.972+0000] {processor.py:183} INFO - Processing /opt/airflow/dags/batch_pipeline_dag.py took 0.105 seconds
[2026-04-24T16:02:04.055+0000] {processor.py:161} INFO - Started process (PID=84) to work on /opt/airflow/dags/batch_pipeline_dag.py
[2026-04-24T16:02:04.057+0000] {processor.py:830} INFO - Processing file /opt/airflow/dags/batch_pipeline_dag.py for tasks to queue
[2026-04-24T16:02:04.061+0000] {logging_mixin.py:188} INFO - [2026-04-24T16:02:04.060+0000] {dagbag.py:538} INFO - Filling up the DagBag from /opt/airflow/dags/batch_pipeline_dag.py
[2026-04-24T16:02:04.090+0000] {processor.py:840} INFO - DAG(s) 'batch_pipeline' retrieved from /opt/airflow/dags/batch_pipeline_dag.py
[2026-04-24T16:02:04.162+0000] {logging_mixin.py:188} INFO - [2026-04-24T16:02:04.162+0000] {dag.py:3036} INFO - Sync 1 DAGs
[2026-04-24T16:02:04.258+0000] {logging_mixin.py:188} INFO - [2026-04-24T16:02:04.256+0000] {dag.py:3823} INFO - Setting next_dagrun for batch_pipeline to 2026-04-24 16:00:00+00:00, run_after=2026-04-24 16:02:00+00:00
[2026-04-24T16:02:04.337+0000] {processor.py:183} INFO - Processing /opt/airflow/dags/batch_pipeline_dag.py took 0.293 seconds
[2026-04-24T16:02:34.416+0000] {processor.py:161} INFO - Started process (PID=85) to work on /opt/airflow/dags/batch_pipeline_dag.py
[2026-04-24T16:02:34.419+0000] {processor.py:830} INFO - Processing file /opt/airflow/dags/batch_pipeline_dag.py for tasks to queue
[2026-04-24T16:02:34.421+0000] {logging_mixin.py:188} INFO - [2026-04-24T16:02:34.421+0000] {dagbag.py:538} INFO - Filling up the DagBag from /opt/airflow/dags/batch_pipeline_dag.py
[2026-04-24T16:02:34.445+0000] {processor.py:840} INFO - DAG(s) 'batch_pipeline' retrieved from /opt/airflow/dags/batch_pipeline_dag.py
[2026-04-24T16:02:34.488+0000] {logging_mixin.py:188} INFO - [2026-04-24T16:02:34.488+0000] {dag.py:3036} INFO - Sync 1 DAGs
[2026-04-24T16:02:34.535+0000] {logging_mixin.py:188} INFO - [2026-04-24T16:02:34.535+0000] {dag.py:3823} INFO - Setting next_dagrun for batch_pipeline to 2026-04-24 16:02:00+00:00, run_after=2026-04-24 16:04:00+00:00
[2026-04-24T16:02:34.571+0000] {processor.py:183} INFO - Processing /opt/airflow/dags/batch_pipeline_dag.py took 0.158 seconds
[2026-04-24T16:03:04.658+0000] {processor.py:161} INFO - Started process (PID=86) to work on /opt/airflow/dags/batch_pipeline_dag.py
[2026-04-24T16:03:04.661+0000] {processor.py:830} INFO - Processing file /opt/airflow/dags/batch_pipeline_dag.py for tasks to queue
[2026-04-24T16:03:04.664+0000] {logging_mixin.py:188} INFO - [2026-04-24T16:03:04.664+0000] {dagbag.py:538} INFO - Filling up the DagBag from /opt/airflow/dags/batch_pipeline_dag.py
[2026-04-24T16:03:04.687+0000] {processor.py:840} INFO - DAG(s) 'batch_pipeline' retrieved from /opt/airflow/dags/batch_pipeline_dag.py
[2026-04-24T16:03:04.733+0000] {logging_mixin.py:188} INFO - [2026-04-24T16:03:04.732+0000] {dag.py:3036} INFO - Sync 1 DAGs
[2026-04-24T16:03:04.785+0000] {logging_mixin.py:188} INFO - [2026-04-24T16:03:04.785+0000] {dag.py:3823} INFO - Setting next_dagrun for batch_pipeline to 2026-04-24 16:02:00+00:00, run_after=2026-04-24 16:04:00+00:00
[2026-04-24T16:03:04.823+0000] {processor.py:183} INFO - Processing /opt/airflow/dags/batch_pipeline_dag.py took 0.171 seconds
[2026-04-24T16:03:34.995+0000] {processor.py:161} INFO - Started process (PID=87) to work on /opt/airflow/dags/batch_pipeline_dag.py
[2026-04-24T16:03:34.998+0000] {processor.py:830} INFO - Processing file /opt/airflow/dags/batch_pipeline_dag.py for tasks to queue
[2026-04-24T16:03:35.001+0000] {logging_mixin.py:188} INFO - [2026-04-24T16:03:35.000+0000] {dagbag.py:538} INFO - Filling up the DagBag from /opt/airflow/dags/batch_pipeline_dag.py
[2026-04-24T16:03:35.021+0000] {processor.py:840} INFO - DAG(s) 'batch_pipeline' retrieved from /opt/airflow/dags/batch_pipeline_dag.py
[2026-04-24T16:03:35.069+0000] {logging_mixin.py:188} INFO - [2026-04-24T16:03:35.069+0000] {dag.py:3036} INFO - Sync 1 DAGs
[2026-04-24T16:03:35.122+0000] {logging_mixin.py:188} INFO - [2026-04-24T16:03:35.121+0000] {dag.py:3823} INFO - Setting next_dagrun for batch_pipeline to 2026-04-24 16:02:00+00:00, run_after=2026-04-24 16:04:00+00:00
[2026-04-24T16:03:35.154+0000] {processor.py:183} INFO - Processing /opt/airflow/dags/batch_pipeline_dag.py took 0.167 seconds
[2026-04-24T16:04:05.255+0000] {processor.py:161} INFO - Started process (PID=88) to work on /opt/airflow/dags/batch_pipeline_dag.py
[2026-04-24T16:04:05.256+0000] {processor.py:830} INFO - Processing file /opt/airflow/dags/batch_pipeline_dag.py for tasks to queue
[2026-04-24T16:04:05.258+0000] {logging_mixin.py:188} INFO - [2026-04-24T16:04:05.257+0000] {dagbag.py:538} INFO - Filling up the DagBag from /opt/airflow/dags/batch_pipeline_dag.py
[2026-04-24T16:04:05.273+0000] {processor.py:840} INFO - DAG(s) 'batch_pipeline' retrieved from /opt/airflow/dags/batch_pipeline_dag.py
[2026-04-24T16:04:05.306+0000] {logging_mixin.py:188} INFO - [2026-04-24T16:04:05.306+0000] {dag.py:3036} INFO - Sync 1 DAGs
[2026-04-24T16:04:05.343+0000] {logging_mixin.py:188} INFO - [2026-04-24T16:04:05.342+0000] {dag.py:3823} INFO - Setting next_dagrun for batch_pipeline to 2026-04-24 16:04:00+00:00, run_after=2026-04-24 16:06:00+00:00
[2026-04-24T16:04:05.372+0000] {processor.py:183} INFO - Processing /opt/airflow/dags/batch_pipeline_dag.py took 0.120 seconds
[2026-04-24T16:04:35.614+0000] {processor.py:161} INFO - Started process (PID=89) to work on /opt/airflow/dags/batch_pipeline_dag.py
[2026-04-24T16:04:35.615+0000] {processor.py:830} INFO - Processing file /opt/airflow/dags/batch_pipeline_dag.py for tasks to queue
[2026-04-24T16:04:35.617+0000] {logging_mixin.py:188} INFO - [2026-04-24T16:04:35.617+0000] {dagbag.py:538} INFO - Filling up the DagBag from /opt/airflow/dags/batch_pipeline_dag.py
[2026-04-24T16:04:35.644+0000] {processor.py:840} INFO - DAG(s) 'batch_pipeline' retrieved from /opt/airflow/dags/batch_pipeline_dag.py
[2026-04-24T16:04:35.678+0000] {logging_mixin.py:188} INFO - [2026-04-24T16:04:35.677+0000] {dag.py:3036} INFO - Sync 1 DAGs
[2026-04-24T16:04:35.714+0000] {logging_mixin.py:188} INFO - [2026-04-24T16:04:35.713+0000] {dag.py:3823} INFO - Setting next_dagrun for batch_pipeline to 2026-04-24 16:04:00+00:00, run_after=2026-04-24 16:06:00+00:00
[2026-04-24T16:04:35.745+0000] {processor.py:183} INFO - Processing /opt/airflow/dags/batch_pipeline_dag.py took 0.135 seconds
[2026-04-24T16:05:05.842+0000] {processor.py:161} INFO - Started process (PID=90) to work on /opt/airflow/dags/batch_pipeline_dag.py
[2026-04-24T16:05:05.844+0000] {processor.py:830} INFO - Processing file /opt/airflow/dags/batch_pipeline_dag.py for tasks to queue
[2026-04-24T16:05:05.846+0000] {logging_mixin.py:188} INFO - [2026-04-24T16:05:05.846+0000] {dagbag.py:538} INFO - Filling up the DagBag from /opt/airflow/dags/batch_pipeline_dag.py
[2026-04-24T16:05:05.861+0000] {processor.py:840} INFO - DAG(s) 'batch_pipeline' retrieved from /opt/airflow/dags/batch_pipeline_dag.py
[2026-04-24T16:05:05.893+0000] {logging_mixin.py:188} INFO - [2026-04-24T16:05:05.893+0000] {dag.py:3036} INFO - Sync 1 DAGs
[2026-04-24T16:05:05.928+0000] {logging_mixin.py:188} INFO - [2026-04-24T16:05:05.928+0000] {dag.py:3823} INFO - Setting next_dagrun for batch_pipeline to 2026-04-24 16:04:00+00:00, run_after=2026-04-24 16:06:00+00:00
[2026-04-24T16:05:05.957+0000] {processor.py:183} INFO - Processing /opt/airflow/dags/batch_pipeline_dag.py took 0.119 seconds
[2026-04-24T16:05:36.046+0000] {processor.py:161} INFO - Started process (PID=91) to work on /opt/airflow/dags/batch_pipeline_dag.py
[2026-04-24T16:05:36.047+0000] {processor.py:830} INFO - Processing file /opt/airflow/dags/batch_pipeline_dag.py for tasks to queue
[2026-04-24T16:05:36.049+0000] {logging_mixin.py:188} INFO - [2026-04-24T16:05:36.048+0000] {dagbag.py:538} INFO - Filling up the DagBag from /opt/airflow/dags/batch_pipeline_dag.py
[2026-04-24T16:05:36.065+0000] {processor.py:840} INFO - DAG(s) 'batch_pipeline' retrieved from /opt/airflow/dags/batch_pipeline_dag.py
[2026-04-24T16:05:36.100+0000] {logging_mixin.py:188} INFO - [2026-04-24T16:05:36.099+0000] {dag.py:3036} INFO - Sync 1 DAGs
[2026-04-24T16:05:36.138+0000] {logging_mixin.py:188} INFO - [2026-04-24T16:05:36.138+0000] {dag.py:3823} INFO - Setting next_dagrun for batch_pipeline to 2026-04-24 16:04:00+00:00, run_after=2026-04-24 16:06:00+00:00
[2026-04-24T16:05:36.168+0000] {processor.py:183} INFO - Processing /opt/airflow/dags/batch_pipeline_dag.py took 0.128 seconds
[2026-04-24T16:06:06.378+0000] {processor.py:161} INFO - Started process (PID=92) to work on /opt/airflow/dags/batch_pipeline_dag.py
[2026-04-24T16:06:06.380+0000] {processor.py:830} INFO - Processing file /opt/airflow/dags/batch_pipeline_dag.py for tasks to queue
[2026-04-24T16:06:06.382+0000] {logging_mixin.py:188} INFO - [2026-04-24T16:06:06.382+0000] {dagbag.py:538} INFO - Filling up the DagBag from /opt/airflow/dags/batch_pipeline_dag.py
[2026-04-24T16:06:06.398+0000] {processor.py:840} INFO - DAG(s) 'batch_pipeline' retrieved from /opt/airflow/dags/batch_pipeline_dag.py
[2026-04-24T16:06:06.432+0000] {logging_mixin.py:188} INFO - [2026-04-24T16:06:06.432+0000] {dag.py:3036} INFO - Sync 1 DAGs
[2026-04-24T16:06:06.473+0000] {logging_mixin.py:188} INFO - [2026-04-24T16:06:06.473+0000] {dag.py:3823} INFO - Setting next_dagrun for batch_pipeline to 2026-04-24 16:06:00+00:00, run_after=2026-04-24 16:08:00+00:00
[2026-04-24T16:06:06.500+0000] {processor.py:183} INFO - Processing /opt/airflow/dags/batch_pipeline_dag.py took 0.126 seconds
[2026-04-24T16:06:36.582+0000] {processor.py:161} INFO - Started process (PID=93) to work on /opt/airflow/dags/batch_pipeline_dag.py
[2026-04-24T16:06:36.583+0000] {processor.py:830} INFO - Processing file /opt/airflow/dags/batch_pipeline_dag.py for tasks to queue
[2026-04-24T16:06:36.586+0000] {logging_mixin.py:188} INFO - [2026-04-24T16:06:36.585+0000] {dagbag.py:538} INFO - Filling up the DagBag from /opt/airflow/dags/batch_pipeline_dag.py
[2026-04-24T16:06:36.602+0000] {processor.py:840} INFO - DAG(s) 'batch_pipeline' retrieved from /opt/airflow/dags/batch_pipeline_dag.py
[2026-04-24T16:06:36.639+0000] {logging_mixin.py:188} INFO - [2026-04-24T16:06:36.638+0000] {dag.py:3036} INFO - Sync 1 DAGs
[2026-04-24T16:06:36.679+0000] {logging_mixin.py:188} INFO - [2026-04-24T16:06:36.678+0000] {dag.py:3823} INFO - Setting next_dagrun for batch_pipeline to 2026-04-24 16:06:00+00:00, run_after=2026-04-24 16:08:00+00:00
[2026-04-24T16:06:36.713+0000] {processor.py:183} INFO - Processing /opt/airflow/dags/batch_pipeline_dag.py took 0.134 seconds
[2026-04-24T16:07:06.925+0000] {processor.py:161} INFO - Started process (PID=94) to work on /opt/airflow/dags/batch_pipeline_dag.py
[2026-04-24T16:07:06.928+0000] {processor.py:830} INFO - Processing file /opt/airflow/dags/batch_pipeline_dag.py for tasks to queue
[2026-04-24T16:07:06.932+0000] {logging_mixin.py:188} INFO - [2026-04-24T16:07:06.931+0000] {dagbag.py:538} INFO - Filling up the DagBag from /opt/airflow/dags/batch_pipeline_dag.py
[2026-04-24T16:07:06.949+0000] {processor.py:840} INFO - DAG(s) 'batch_pipeline' retrieved from /opt/airflow/dags/batch_pipeline_dag.py
[2026-04-24T16:07:06.983+0000] {logging_mixin.py:188} INFO - [2026-04-24T16:07:06.983+0000] {dag.py:3036} INFO - Sync 1 DAGs
[2026-04-24T16:07:07.022+0000] {logging_mixin.py:188} INFO - [2026-04-24T16:07:07.022+0000] {dag.py:3823} INFO - Setting next_dagrun for batch_pipeline to 2026-04-24 16:06:00+00:00, run_after=2026-04-24 16:08:00+00:00
[2026-04-24T16:07:07.058+0000] {processor.py:183} INFO - Processing /opt/airflow/dags/batch_pipeline_dag.py took 0.140 seconds
[2026-04-24T16:07:37.156+0000] {processor.py:161} INFO - Started process (PID=95) to work on /opt/airflow/dags/batch_pipeline_dag.py
[2026-04-24T16:07:37.158+0000] {processor.py:830} INFO - Processing file /opt/airflow/dags/batch_pipeline_dag.py for tasks to queue
[2026-04-24T16:07:37.162+0000] {logging_mixin.py:188} INFO - [2026-04-24T16:07:37.161+0000] {dagbag.py:538} INFO - Filling up the DagBag from /opt/airflow/dags/batch_pipeline_dag.py
[2026-04-24T16:07:37.186+0000] {processor.py:840} INFO - DAG(s) 'batch_pipeline' retrieved from /opt/airflow/dags/batch_pipeline_dag.py
[2026-04-24T16:07:37.223+0000] {logging_mixin.py:188} INFO - [2026-04-24T16:07:37.223+0000] {dag.py:3036} INFO - Sync 1 DAGs
[2026-04-24T16:07:37.271+0000] {logging_mixin.py:188} INFO - [2026-04-24T16:07:37.269+0000] {dag.py:3823} INFO - Setting next_dagrun for batch_pipeline to 2026-04-24 16:06:00+00:00, run_after=2026-04-24 16:08:00+00:00
[2026-04-24T16:07:37.341+0000] {processor.py:183} INFO - Processing /opt/airflow/dags/batch_pipeline_dag.py took 0.196 seconds
[2026-04-24T16:08:07.503+0000] {processor.py:161} INFO - Started process (PID=96) to work on /opt/airflow/dags/batch_pipeline_dag.py
[2026-04-24T16:08:07.505+0000] {processor.py:830} INFO - Processing file /opt/airflow/dags/batch_pipeline_dag.py for tasks to queue
[2026-04-24T16:08:07.508+0000] {logging_mixin.py:188} INFO - [2026-04-24T16:08:07.507+0000] {dagbag.py:538} INFO - Filling up the DagBag from /opt/airflow/dags/batch_pipeline_dag.py
[2026-04-24T16:08:07.527+0000] {processor.py:840} INFO - DAG(s) 'batch_pipeline' retrieved from /opt/airflow/dags/batch_pipeline_dag.py
[2026-04-24T16:08:07.572+0000] {logging_mixin.py:188} INFO - [2026-04-24T16:08:07.572+0000] {dag.py:3036} INFO - Sync 1 DAGs
[2026-04-24T16:08:07.621+0000] {logging_mixin.py:188} INFO - [2026-04-24T16:08:07.621+0000] {dag.py:3823} INFO - Setting next_dagrun for batch_pipeline to 2026-04-24 16:08:00+00:00, run_after=2026-04-24 16:10:00+00:00
[2026-04-24T16:08:07.662+0000] {processor.py:183} INFO - Processing /opt/airflow/dags/batch_pipeline_dag.py took 0.164 seconds
[2026-04-24T16:08:37.750+0000] {processor.py:161} INFO - Started process (PID=97) to work on /opt/airflow/dags/batch_pipeline_dag.py
[2026-04-24T16:08:37.752+0000] {processor.py:830} INFO - Processing file /opt/airflow/dags/batch_pipeline_dag.py for tasks to queue
[2026-04-24T16:08:37.755+0000] {logging_mixin.py:188} INFO - [2026-04-24T16:08:37.754+0000] {dagbag.py:538} INFO - Filling up the DagBag from /opt/airflow/dags/batch_pipeline_dag.py
[2026-04-24T16:08:37.782+0000] {processor.py:840} INFO - DAG(s) 'batch_pipeline' retrieved from /opt/airflow/dags/batch_pipeline_dag.py
[2026-04-24T16:08:37.834+0000] {logging_mixin.py:188} INFO - [2026-04-24T16:08:37.834+0000] {dag.py:3036} INFO - Sync 1 DAGs
[2026-04-24T16:08:37.904+0000] {logging_mixin.py:188} INFO - [2026-04-24T16:08:37.904+0000] {dag.py:3823} INFO - Setting next_dagrun for batch_pipeline to 2026-04-24 16:08:00+00:00, run_after=2026-04-24 16:10:00+00:00
[2026-04-24T16:08:37.954+0000] {processor.py:183} INFO - Processing /opt/airflow/dags/batch_pipeline_dag.py took 0.209 seconds
[2026-04-24T16:09:08.116+0000] {processor.py:161} INFO - Started process (PID=98) to work on /opt/airflow/dags/batch_pipeline_dag.py
[2026-04-24T16:09:08.117+0000] {processor.py:830} INFO - Processing file /opt/airflow/dags/batch_pipeline_dag.py for tasks to queue
[2026-04-24T16:09:08.120+0000] {logging_mixin.py:188} INFO - [2026-04-24T16:09:08.119+0000] {dagbag.py:538} INFO - Filling up the DagBag from /opt/airflow/dags/batch_pipeline_dag.py
[2026-04-24T16:09:08.138+0000] {processor.py:840} INFO - DAG(s) 'batch_pipeline' retrieved from /opt/airflow/dags/batch_pipeline_dag.py
[2026-04-24T16:09:08.176+0000] {logging_mixin.py:188} INFO - [2026-04-24T16:09:08.176+0000] {dag.py:3036} INFO - Sync 1 DAGs
[2026-04-24T16:09:08.221+0000] {logging_mixin.py:188} INFO - [2026-04-24T16:09:08.221+0000] {dag.py:3823} INFO - Setting next_dagrun for batch_pipeline to 2026-04-24 16:08:00+00:00, run_after=2026-04-24 16:10:00+00:00
[2026-04-24T16:09:08.257+0000] {processor.py:183} INFO - Processing /opt/airflow/dags/batch_pipeline_dag.py took 0.147 seconds
[2026-04-24T16:09:38.407+0000] {processor.py:161} INFO - Started process (PID=99) to work on /opt/airflow/dags/batch_pipeline_dag.py
[2026-04-24T16:09:38.408+0000] {processor.py:830} INFO - Processing file /opt/airflow/dags/batch_pipeline_dag.py for tasks to queue
[2026-04-24T16:09:38.411+0000] {logging_mixin.py:188} INFO - [2026-04-24T16:09:38.410+0000] {dagbag.py:538} INFO - Filling up the DagBag from /opt/airflow/dags/batch_pipeline_dag.py
[2026-04-24T16:09:38.431+0000] {processor.py:840} INFO - DAG(s) 'batch_pipeline' retrieved from /opt/airflow/dags/batch_pipeline_dag.py
[2026-04-24T16:09:38.470+0000] {logging_mixin.py:188} INFO - [2026-04-24T16:09:38.469+0000] {dag.py:3036} INFO - Sync 1 DAGs
[2026-04-24T16:09:38.514+0000] {logging_mixin.py:188} INFO - [2026-04-24T16:09:38.514+0000] {dag.py:3823} INFO - Setting next_dagrun for batch_pipeline to 2026-04-24 16:08:00+00:00, run_after=2026-04-24 16:10:00+00:00
[2026-04-24T16:09:38.542+0000] {processor.py:183} INFO - Processing /opt/airflow/dags/batch_pipeline_dag.py took 0.139 seconds
[2026-04-24T16:10:08.691+0000] {processor.py:161} INFO - Started process (PID=100) to work on /opt/airflow/dags/batch_pipeline_dag.py
[2026-04-24T16:10:08.692+0000] {processor.py:830} INFO - Processing file /opt/airflow/dags/batch_pipeline_dag.py for tasks to queue
[2026-04-24T16:10:08.696+0000] {logging_mixin.py:188} INFO - [2026-04-24T16:10:08.695+0000] {dagbag.py:538} INFO - Filling up the DagBag from /opt/airflow/dags/batch_pipeline_dag.py
[2026-04-24T16:10:08.717+0000] {processor.py:840} INFO - DAG(s) 'batch_pipeline' retrieved from /opt/airflow/dags/batch_pipeline_dag.py
[2026-04-24T16:10:08.756+0000] {logging_mixin.py:188} INFO - [2026-04-24T16:10:08.756+0000] {dag.py:3036} INFO - Sync 1 DAGs
[2026-04-24T16:10:08.801+0000] {logging_mixin.py:188} INFO - [2026-04-24T16:10:08.800+0000] {dag.py:3823} INFO - Setting next_dagrun for batch_pipeline to 2026-04-24 16:10:00+00:00, run_after=2026-04-24 16:12:00+00:00
[2026-04-24T16:10:08.838+0000] {processor.py:183} INFO - Processing /opt/airflow/dags/batch_pipeline_dag.py took 0.152 seconds
[2026-04-24T16:10:38.966+0000] {processor.py:161} INFO - Started process (PID=101) to work on /opt/airflow/dags/batch_pipeline_dag.py
[2026-04-24T16:10:38.968+0000] {processor.py:830} INFO - Processing file /opt/airflow/dags/batch_pipeline_dag.py for tasks to queue
[2026-04-24T16:10:38.970+0000] {logging_mixin.py:188} INFO - [2026-04-24T16:10:38.970+0000] {dagbag.py:538} INFO - Filling up the DagBag from /opt/airflow/dags/batch_pipeline_dag.py
[2026-04-24T16:10:38.988+0000] {processor.py:840} INFO - DAG(s) 'batch_pipeline' retrieved from /opt/airflow/dags/batch_pipeline_dag.py
[2026-04-24T16:10:39.031+0000] {logging_mixin.py:188} INFO - [2026-04-24T16:10:39.031+0000] {dag.py:3036} INFO - Sync 1 DAGs
[2026-04-24T16:10:39.072+0000] {logging_mixin.py:188} INFO - [2026-04-24T16:10:39.072+0000] {dag.py:3823} INFO - Setting next_dagrun for batch_pipeline to 2026-04-24 16:10:00+00:00, run_after=2026-04-24 16:12:00+00:00
[2026-04-24T16:10:39.105+0000] {processor.py:183} INFO - Processing /opt/airflow/dags/batch_pipeline_dag.py took 0.148 seconds
[2026-04-24T16:11:09.237+0000] {processor.py:161} INFO - Started process (PID=102) to work on /opt/airflow/dags/batch_pipeline_dag.py
[2026-04-24T16:11:09.238+0000] {processor.py:830} INFO - Processing file /opt/airflow/dags/batch_pipeline_dag.py for tasks to queue
[2026-04-24T16:11:09.240+0000] {logging_mixin.py:188} INFO - [2026-04-24T16:11:09.239+0000] {dagbag.py:538} INFO - Filling up the DagBag from /opt/airflow/dags/batch_pipeline_dag.py
[2026-04-24T16:11:09.258+0000] {processor.py:840} INFO - DAG(s) 'batch_pipeline' retrieved from /opt/airflow/dags/batch_pipeline_dag.py
[2026-04-24T16:11:09.299+0000] {logging_mixin.py:188} INFO - [2026-04-24T16:11:09.299+0000] {dag.py:3036} INFO - Sync 1 DAGs
[2026-04-24T16:11:09.339+0000] {logging_mixin.py:188} INFO - [2026-04-24T16:11:09.339+0000] {dag.py:3823} INFO - Setting next_dagrun for batch_pipeline to 2026-04-24 16:10:00+00:00, run_after=2026-04-24 16:12:00+00:00
[2026-04-24T16:11:09.372+0000] {processor.py:183} INFO - Processing /opt/airflow/dags/batch_pipeline_dag.py took 0.138 seconds
[2026-04-24T16:11:39.520+0000] {processor.py:161} INFO - Started process (PID=103) to work on /opt/airflow/dags/batch_pipeline_dag.py
[2026-04-24T16:11:39.523+0000] {processor.py:830} INFO - Processing file /opt/airflow/dags/batch_pipeline_dag.py for tasks to queue
[2026-04-24T16:11:39.529+0000] {logging_mixin.py:188} INFO - [2026-04-24T16:11:39.528+0000] {dagbag.py:538} INFO - Filling up the DagBag from /opt/airflow/dags/batch_pipeline_dag.py
[2026-04-24T16:11:39.551+0000] {processor.py:840} INFO - DAG(s) 'batch_pipeline' retrieved from /opt/airflow/dags/batch_pipeline_dag.py
[2026-04-24T16:11:39.600+0000] {logging_mixin.py:188} INFO - [2026-04-24T16:11:39.600+0000] {dag.py:3036} INFO - Sync 1 DAGs
[2026-04-24T16:11:39.651+0000] {logging_mixin.py:188} INFO - [2026-04-24T16:11:39.651+0000] {dag.py:3823} INFO - Setting next_dagrun for batch_pipeline to 2026-04-24 16:10:00+00:00, run_after=2026-04-24 16:12:00+00:00
[2026-04-24T16:11:39.696+0000] {processor.py:183} INFO - Processing /opt/airflow/dags/batch_pipeline_dag.py took 0.180 seconds
[2026-04-24T16:12:09.824+0000] {processor.py:161} INFO - Started process (PID=104) to work on /opt/airflow/dags/batch_pipeline_dag.py
[2026-04-24T16:12:09.825+0000] {processor.py:830} INFO - Processing file /opt/airflow/dags/batch_pipeline_dag.py for tasks to queue
[2026-04-24T16:12:09.827+0000] {logging_mixin.py:188} INFO - [2026-04-24T16:12:09.827+0000] {dagbag.py:538} INFO - Filling up the DagBag from /opt/airflow/dags/batch_pipeline_dag.py
[2026-04-24T16:12:09.847+0000] {processor.py:840} INFO - DAG(s) 'batch_pipeline' retrieved from /opt/airflow/dags/batch_pipeline_dag.py
[2026-04-24T16:12:09.885+0000] {logging_mixin.py:188} INFO - [2026-04-24T16:12:09.885+0000] {dag.py:3036} INFO - Sync 1 DAGs
[2026-04-24T16:12:09.945+0000] {logging_mixin.py:188} INFO - [2026-04-24T16:12:09.944+0000] {dag.py:3823} INFO - Setting next_dagrun for batch_pipeline to 2026-04-24 16:12:00+00:00, run_after=2026-04-24 16:14:00+00:00
[2026-04-24T16:12:09.981+0000] {processor.py:183} INFO - Processing /opt/airflow/dags/batch_pipeline_dag.py took 0.165 seconds
[2026-04-24T16:12:40.110+0000] {processor.py:161} INFO - Started process (PID=105) to work on /opt/airflow/dags/batch_pipeline_dag.py
[2026-04-24T16:12:40.113+0000] {processor.py:830} INFO - Processing file /opt/airflow/dags/batch_pipeline_dag.py for tasks to queue
[2026-04-24T16:12:40.115+0000] {logging_mixin.py:188} INFO - [2026-04-24T16:12:40.115+0000] {dagbag.py:538} INFO - Filling up the DagBag from /opt/airflow/dags/batch_pipeline_dag.py
[2026-04-24T16:12:40.136+0000] {processor.py:840} INFO - DAG(s) 'batch_pipeline' retrieved from /opt/airflow/dags/batch_pipeline_dag.py
[2026-04-24T16:12:40.173+0000] {logging_mixin.py:188} INFO - [2026-04-24T16:12:40.173+0000] {dag.py:3036} INFO - Sync 1 DAGs
[2026-04-24T16:12:40.216+0000] {logging_mixin.py:188} INFO - [2026-04-24T16:12:40.215+0000] {dag.py:3823} INFO - Setting next_dagrun for batch_pipeline to 2026-04-24 16:12:00+00:00, run_after=2026-04-24 16:14:00+00:00
[2026-04-24T16:12:40.249+0000] {processor.py:183} INFO - Processing /opt/airflow/dags/batch_pipeline_dag.py took 0.144 seconds
[2026-04-24T16:13:10.410+0000] {processor.py:161} INFO - Started process (PID=106) to work on /opt/airflow/dags/batch_pipeline_dag.py
[2026-04-24T16:13:10.411+0000] {processor.py:830} INFO - Processing file /opt/airflow/dags/batch_pipeline_dag.py for tasks to queue
[2026-04-24T16:13:10.413+0000] {logging_mixin.py:188} INFO - [2026-04-24T16:13:10.413+0000] {dagbag.py:538} INFO - Filling up the DagBag from /opt/airflow/dags/batch_pipeline_dag.py
[2026-04-24T16:13:10.434+0000] {processor.py:840} INFO - DAG(s) 'batch_pipeline' retrieved from /opt/airflow/dags/batch_pipeline_dag.py
[2026-04-24T16:13:10.471+0000] {logging_mixin.py:188} INFO - [2026-04-24T16:13:10.471+0000] {dag.py:3036} INFO - Sync 1 DAGs
[2026-04-24T16:13:10.517+0000] {logging_mixin.py:188} INFO - [2026-04-24T16:13:10.516+0000] {dag.py:3823} INFO - Setting next_dagrun for batch_pipeline to 2026-04-24 16:12:00+00:00, run_after=2026-04-24 16:14:00+00:00
[2026-04-24T16:13:10.550+0000] {processor.py:183} INFO - Processing /opt/airflow/dags/batch_pipeline_dag.py took 0.143 seconds
[2026-04-24T16:13:40.640+0000] {processor.py:161} INFO - Started process (PID=107) to work on /opt/airflow/dags/batch_pipeline_dag.py
[2026-04-24T16:13:40.641+0000] {processor.py:830} INFO - Processing file /opt/airflow/dags/batch_pipeline_dag.py for tasks to queue
[2026-04-24T16:13:40.643+0000] {logging_mixin.py:188} INFO - [2026-04-24T16:13:40.643+0000] {dagbag.py:538} INFO - Filling up the DagBag from /opt/airflow/dags/batch_pipeline_dag.py
[2026-04-24T16:13:40.659+0000] {processor.py:840} INFO - DAG(s) 'batch_pipeline' retrieved from /opt/airflow/dags/batch_pipeline_dag.py
[2026-04-24T16:13:40.694+0000] {logging_mixin.py:188} INFO - [2026-04-24T16:13:40.693+0000] {dag.py:3036} INFO - Sync 1 DAGs
[2026-04-24T16:13:40.728+0000] {logging_mixin.py:188} INFO - [2026-04-24T16:13:40.728+0000] {dag.py:3823} INFO - Setting next_dagrun for batch_pipeline to 2026-04-24 16:12:00+00:00, run_after=2026-04-24 16:14:00+00:00
[2026-04-24T16:13:40.757+0000] {processor.py:183} INFO - Processing /opt/airflow/dags/batch_pipeline_dag.py took 0.122 seconds
[2026-04-24T16:14:10.862+0000] {processor.py:161} INFO - Started process (PID=108) to work on /opt/airflow/dags/batch_pipeline_dag.py
[2026-04-24T16:14:10.863+0000] {processor.py:830} INFO - Processing file /opt/airflow/dags/batch_pipeline_dag.py for tasks to queue
[2026-04-24T16:14:10.865+0000] {logging_mixin.py:188} INFO - [2026-04-24T16:14:10.864+0000] {dagbag.py:538} INFO - Filling up the DagBag from /opt/airflow/dags/batch_pipeline_dag.py
[2026-04-24T16:14:10.881+0000] {processor.py:840} INFO - DAG(s) 'batch_pipeline' retrieved from /opt/airflow/dags/batch_pipeline_dag.py
[2026-04-24T16:14:10.913+0000] {logging_mixin.py:188} INFO - [2026-04-24T16:14:10.913+0000] {dag.py:3036} INFO - Sync 1 DAGs
[2026-04-24T16:14:10.950+0000] {logging_mixin.py:188} INFO - [2026-04-24T16:14:10.950+0000] {dag.py:3823} INFO - Setting next_dagrun for batch_pipeline to 2026-04-24 16:14:00+00:00, run_after=2026-04-24 16:16:00+00:00
[2026-04-24T16:14:10.980+0000] {processor.py:183} INFO - Processing /opt/airflow/dags/batch_pipeline_dag.py took 0.122 seconds
[2026-04-24T16:14:41.177+0000] {processor.py:161} INFO - Started process (PID=109) to work on /opt/airflow/dags/batch_pipeline_dag.py
[2026-04-24T16:14:41.180+0000] {processor.py:830} INFO - Processing file /opt/airflow/dags/batch_pipeline_dag.py for tasks to queue
[2026-04-24T16:14:41.183+0000] {logging_mixin.py:188} INFO - [2026-04-24T16:14:41.182+0000] {dagbag.py:538} INFO - Filling up the DagBag from /opt/airflow/dags/batch_pipeline_dag.py
[2026-04-24T16:14:41.199+0000] {processor.py:840} INFO - DAG(s) 'batch_pipeline' retrieved from /opt/airflow/dags/batch_pipeline_dag.py
[2026-04-24T16:14:41.233+0000] {logging_mixin.py:188} INFO - [2026-04-24T16:14:41.233+0000] {dag.py:3036} INFO - Sync 1 DAGs
[2026-04-24T16:14:41.269+0000] {logging_mixin.py:188} INFO - [2026-04-24T16:14:41.268+0000] {dag.py:3823} INFO - Setting next_dagrun for batch_pipeline to 2026-04-24 16:14:00+00:00, run_after=2026-04-24 16:16:00+00:00
[2026-04-24T16:14:41.296+0000] {processor.py:183} INFO - Processing /opt/airflow/dags/batch_pipeline_dag.py took 0.122 seconds
[2026-04-24T16:15:11.418+0000] {processor.py:161} INFO - Started process (PID=110) to work on /opt/airflow/dags/batch_pipeline_dag.py
[2026-04-24T16:15:11.420+0000] {processor.py:830} INFO - Processing file /opt/airflow/dags/batch_pipeline_dag.py for tasks to queue
[2026-04-24T16:15:11.422+0000] {logging_mixin.py:188} INFO - [2026-04-24T16:15:11.422+0000] {dagbag.py:538} INFO - Filling up the DagBag from /opt/airflow/dags/batch_pipeline_dag.py
[2026-04-24T16:15:11.438+0000] {processor.py:840} INFO - DAG(s) 'batch_pipeline' retrieved from /opt/airflow/dags/batch_pipeline_dag.py
[2026-04-24T16:15:11.472+0000] {logging_mixin.py:188} INFO - [2026-04-24T16:15:11.471+0000] {dag.py:3036} INFO - Sync 1 DAGs
[2026-04-24T16:15:11.507+0000] {logging_mixin.py:188} INFO - [2026-04-24T16:15:11.507+0000] {dag.py:3823} INFO - Setting next_dagrun for batch_pipeline to 2026-04-24 16:14:00+00:00, run_after=2026-04-24 16:16:00+00:00
[2026-04-24T16:15:11.540+0000] {processor.py:183} INFO - Processing /opt/airflow/dags/batch_pipeline_dag.py took 0.127 seconds
[2026-04-24T16:15:41.726+0000] {processor.py:161} INFO - Started process (PID=111) to work on /opt/airflow/dags/batch_pipeline_dag.py
[2026-04-24T16:15:41.729+0000] {processor.py:830} INFO - Processing file /opt/airflow/dags/batch_pipeline_dag.py for tasks to queue
[2026-04-24T16:15:41.731+0000] {logging_mixin.py:188} INFO - [2026-04-24T16:15:41.731+0000] {dagbag.py:538} INFO - Filling up the DagBag from /opt/airflow/dags/batch_pipeline_dag.py
[2026-04-24T16:15:41.747+0000] {processor.py:840} INFO - DAG(s) 'batch_pipeline' retrieved from /opt/airflow/dags/batch_pipeline_dag.py
[2026-04-24T16:15:41.780+0000] {logging_mixin.py:188} INFO - [2026-04-24T16:15:41.780+0000] {dag.py:3036} INFO - Sync 1 DAGs
[2026-04-24T16:15:41.817+0000] {logging_mixin.py:188} INFO - [2026-04-24T16:15:41.817+0000] {dag.py:3823} INFO - Setting next_dagrun for batch_pipeline to 2026-04-24 16:14:00+00:00, run_after=2026-04-24 16:16:00+00:00
[2026-04-24T16:15:41.845+0000] {processor.py:183} INFO - Processing /opt/airflow/dags/batch_pipeline_dag.py took 0.123 seconds
[2026-04-24T16:16:11.960+0000] {processor.py:161} INFO - Started process (PID=112) to work on /opt/airflow/dags/batch_pipeline_dag.py
[2026-04-24T16:16:11.961+0000] {processor.py:830} INFO - Processing file /opt/airflow/dags/batch_pipeline_dag.py for tasks to queue
[2026-04-24T16:16:11.963+0000] {logging_mixin.py:188} INFO - [2026-04-24T16:16:11.962+0000] {dagbag.py:538} INFO - Filling up the DagBag from /opt/airflow/dags/batch_pipeline_dag.py
[2026-04-24T16:16:11.978+0000] {processor.py:840} INFO - DAG(s) 'batch_pipeline' retrieved from /opt/airflow/dags/batch_pipeline_dag.py
[2026-04-24T16:16:12.010+0000] {logging_mixin.py:188} INFO - [2026-04-24T16:16:12.010+0000] {dag.py:3036} INFO - Sync 1 DAGs
[2026-04-24T16:16:12.052+0000] {logging_mixin.py:188} INFO - [2026-04-24T16:16:12.050+0000] {dag.py:3823} INFO - Setting next_dagrun for batch_pipeline to 2026-04-24 16:16:00+00:00, run_after=2026-04-24 16:18:00+00:00
[2026-04-24T16:16:12.080+0000] {processor.py:183} INFO - Processing /opt/airflow/dags/batch_pipeline_dag.py took 0.123 seconds
[2026-04-24T16:16:42.243+0000] {processor.py:161} INFO - Started process (PID=113) to work on /opt/airflow/dags/batch_pipeline_dag.py
[2026-04-24T16:16:42.246+0000] {processor.py:830} INFO - Processing file /opt/airflow/dags/batch_pipeline_dag.py for tasks to queue
[2026-04-24T16:16:42.249+0000] {logging_mixin.py:188} INFO - [2026-04-24T16:16:42.249+0000] {dagbag.py:538} INFO - Filling up the DagBag from /opt/airflow/dags/batch_pipeline_dag.py
[2026-04-24T16:16:42.265+0000] {processor.py:840} INFO - DAG(s) 'batch_pipeline' retrieved from /opt/airflow/dags/batch_pipeline_dag.py
[2026-04-24T16:16:42.298+0000] {logging_mixin.py:188} INFO - [2026-04-24T16:16:42.297+0000] {dag.py:3036} INFO - Sync 1 DAGs
[2026-04-24T16:16:42.335+0000] {logging_mixin.py:188} INFO - [2026-04-24T16:16:42.335+0000] {dag.py:3823} INFO - Setting next_dagrun for batch_pipeline to 2026-04-24 16:16:00+00:00, run_after=2026-04-24 16:18:00+00:00
[2026-04-24T16:16:42.362+0000] {processor.py:183} INFO - Processing /opt/airflow/dags/batch_pipeline_dag.py took 0.123 seconds
[2026-04-24T16:17:12.512+0000] {processor.py:161} INFO - Started process (PID=114) to work on /opt/airflow/dags/batch_pipeline_dag.py
[2026-04-24T16:17:12.514+0000] {processor.py:830} INFO - Processing file /opt/airflow/dags/batch_pipeline_dag.py for tasks to queue
[2026-04-24T16:17:12.518+0000] {logging_mixin.py:188} INFO - [2026-04-24T16:17:12.517+0000] {dagbag.py:538} INFO - Filling up the DagBag from /opt/airflow/dags/batch_pipeline_dag.py
[2026-04-24T16:17:12.532+0000] {processor.py:840} INFO - DAG(s) 'batch_pipeline' retrieved from /opt/airflow/dags/batch_pipeline_dag.py
[2026-04-24T16:17:12.565+0000] {logging_mixin.py:188} INFO - [2026-04-24T16:17:12.565+0000] {dag.py:3036} INFO - Sync 1 DAGs
[2026-04-24T16:17:12.602+0000] {logging_mixin.py:188} INFO - [2026-04-24T16:17:12.602+0000] {dag.py:3823} INFO - Setting next_dagrun for batch_pipeline to 2026-04-24 16:16:00+00:00, run_after=2026-04-24 16:18:00+00:00
[2026-04-24T16:17:12.632+0000] {processor.py:183} INFO - Processing /opt/airflow/dags/batch_pipeline_dag.py took 0.123 seconds
[2026-04-24T16:17:42.789+0000] {processor.py:161} INFO - Started process (PID=115) to work on /opt/airflow/dags/batch_pipeline_dag.py
[2026-04-24T16:17:42.792+0000] {processor.py:830} INFO - Processing file /opt/airflow/dags/batch_pipeline_dag.py for tasks to queue
[2026-04-24T16:17:42.794+0000] {logging_mixin.py:188} INFO - [2026-04-24T16:17:42.794+0000] {dagbag.py:538} INFO - Filling up the DagBag from /opt/airflow/dags/batch_pipeline_dag.py
[2026-04-24T16:17:42.809+0000] {processor.py:840} INFO - DAG(s) 'batch_pipeline' retrieved from /opt/airflow/dags/batch_pipeline_dag.py
[2026-04-24T16:17:42.845+0000] {logging_mixin.py:188} INFO - [2026-04-24T16:17:42.845+0000] {dag.py:3036} INFO - Sync 1 DAGs
[2026-04-24T16:17:42.879+0000] {logging_mixin.py:188} INFO - [2026-04-24T16:17:42.879+0000] {dag.py:3823} INFO - Setting next_dagrun for batch_pipeline to 2026-04-24 16:16:00+00:00, run_after=2026-04-24 16:18:00+00:00
[2026-04-24T16:17:42.909+0000] {processor.py:183} INFO - Processing /opt/airflow/dags/batch_pipeline_dag.py took 0.123 seconds
[2026-04-24T16:18:13.056+0000] {processor.py:161} INFO - Started process (PID=116) to work on /opt/airflow/dags/batch_pipeline_dag.py
[2026-04-24T16:18:13.057+0000] {processor.py:830} INFO - Processing file /opt/airflow/dags/batch_pipeline_dag.py for tasks to queue
[2026-04-24T16:18:13.059+0000] {logging_mixin.py:188} INFO - [2026-04-24T16:18:13.058+0000] {dagbag.py:538} INFO - Filling up the DagBag from /opt/airflow/dags/batch_pipeline_dag.py
[2026-04-24T16:18:13.074+0000] {processor.py:840} INFO - DAG(s) 'batch_pipeline' retrieved from /opt/airflow/dags/batch_pipeline_dag.py
[2026-04-24T16:18:13.108+0000] {logging_mixin.py:188} INFO - [2026-04-24T16:18:13.108+0000] {dag.py:3036} INFO - Sync 1 DAGs
[2026-04-24T16:18:13.143+0000] {logging_mixin.py:188} INFO - [2026-04-24T16:18:13.143+0000] {dag.py:3823} INFO - Setting next_dagrun for batch_pipeline to 2026-04-24 16:18:00+00:00, run_after=2026-04-24 16:20:00+00:00
[2026-04-24T16:18:13.174+0000] {processor.py:183} INFO - Processing /opt/airflow/dags/batch_pipeline_dag.py took 0.121 seconds
[2026-04-24T16:18:43.324+0000] {processor.py:161} INFO - Started process (PID=117) to work on /opt/airflow/dags/batch_pipeline_dag.py
[2026-04-24T16:18:43.327+0000] {processor.py:830} INFO - Processing file /opt/airflow/dags/batch_pipeline_dag.py for tasks to queue
[2026-04-24T16:18:43.331+0000] {logging_mixin.py:188} INFO - [2026-04-24T16:18:43.330+0000] {dagbag.py:538} INFO - Filling up the DagBag from /opt/airflow/dags/batch_pipeline_dag.py
[2026-04-24T16:18:43.346+0000] {processor.py:840} INFO - DAG(s) 'batch_pipeline' retrieved from /opt/airflow/dags/batch_pipeline_dag.py
[2026-04-24T16:18:43.380+0000] {logging_mixin.py:188} INFO - [2026-04-24T16:18:43.379+0000] {dag.py:3036} INFO - Sync 1 DAGs
[2026-04-24T16:18:43.427+0000] {logging_mixin.py:188} INFO - [2026-04-24T16:18:43.427+0000] {dag.py:3823} INFO - Setting next_dagrun for batch_pipeline to 2026-04-24 16:18:00+00:00, run_after=2026-04-24 16:20:00+00:00
[2026-04-24T16:18:43.458+0000] {processor.py:183} INFO - Processing /opt/airflow/dags/batch_pipeline_dag.py took 0.137 seconds
[2026-04-24T16:19:13.603+0000] {processor.py:161} INFO - Started process (PID=118) to work on /opt/airflow/dags/batch_pipeline_dag.py
[2026-04-24T16:19:13.604+0000] {processor.py:830} INFO - Processing file /opt/airflow/dags/batch_pipeline_dag.py for tasks to queue
[2026-04-24T16:19:13.606+0000] {logging_mixin.py:188} INFO - [2026-04-24T16:19:13.606+0000] {dagbag.py:538} INFO - Filling up the DagBag from /opt/airflow/dags/batch_pipeline_dag.py
[2026-04-24T16:19:13.622+0000] {processor.py:840} INFO - DAG(s) 'batch_pipeline' retrieved from /opt/airflow/dags/batch_pipeline_dag.py
[2026-04-24T16:19:13.661+0000] {logging_mixin.py:188} INFO - [2026-04-24T16:19:13.661+0000] {dag.py:3036} INFO - Sync 1 DAGs
[2026-04-24T16:19:13.716+0000] {logging_mixin.py:188} INFO - [2026-04-24T16:19:13.716+0000] {dag.py:3823} INFO - Setting next_dagrun for batch_pipeline to 2026-04-24 16:18:00+00:00, run_after=2026-04-24 16:20:00+00:00
[2026-04-24T16:19:13.752+0000] {processor.py:183} INFO - Processing /opt/airflow/dags/batch_pipeline_dag.py took 0.152 seconds
[2026-04-24T16:19:43.887+0000] {processor.py:161} INFO - Started process (PID=119) to work on /opt/airflow/dags/batch_pipeline_dag.py
[2026-04-24T16:19:43.890+0000] {processor.py:830} INFO - Processing file /opt/airflow/dags/batch_pipeline_dag.py for tasks to queue
[2026-04-24T16:19:43.892+0000] {logging_mixin.py:188} INFO - [2026-04-24T16:19:43.892+0000] {dagbag.py:538} INFO - Filling up the DagBag from /opt/airflow/dags/batch_pipeline_dag.py
[2026-04-24T16:19:43.908+0000] {processor.py:840} INFO - DAG(s) 'batch_pipeline' retrieved from /opt/airflow/dags/batch_pipeline_dag.py
[2026-04-24T16:19:43.944+0000] {logging_mixin.py:188} INFO - [2026-04-24T16:19:43.944+0000] {dag.py:3036} INFO - Sync 1 DAGs
[2026-04-24T16:19:43.980+0000] {logging_mixin.py:188} INFO - [2026-04-24T16:19:43.980+0000] {dag.py:3823} INFO - Setting next_dagrun for batch_pipeline to 2026-04-24 16:18:00+00:00, run_after=2026-04-24 16:20:00+00:00
[2026-04-24T16:19:44.005+0000] {processor.py:183} INFO - Processing /opt/airflow/dags/batch_pipeline_dag.py took 0.121 seconds
[2026-04-24T16:20:14.171+0000] {processor.py:161} INFO - Started process (PID=120) to work on /opt/airflow/dags/batch_pipeline_dag.py
[2026-04-24T16:20:14.172+0000] {processor.py:830} INFO - Processing file /opt/airflow/dags/batch_pipeline_dag.py for tasks to queue
[2026-04-24T16:20:14.174+0000] {logging_mixin.py:188} INFO - [2026-04-24T16:20:14.174+0000] {dagbag.py:538} INFO - Filling up the DagBag from /opt/airflow/dags/batch_pipeline_dag.py
[2026-04-24T16:20:14.196+0000] {processor.py:840} INFO - DAG(s) 'batch_pipeline' retrieved from /opt/airflow/dags/batch_pipeline_dag.py
[2026-04-24T16:20:14.245+0000] {logging_mixin.py:188} INFO - [2026-04-24T16:20:14.243+0000] {dag.py:3036} INFO - Sync 1 DAGs
[2026-04-24T16:20:14.283+0000] {logging_mixin.py:188} INFO - [2026-04-24T16:20:14.283+0000] {dag.py:3823} INFO - Setting next_dagrun for batch_pipeline to 2026-04-24 16:20:00+00:00, run_after=2026-04-24 16:22:00+00:00
[2026-04-24T16:20:14.313+0000] {processor.py:183} INFO - Processing /opt/airflow/dags/batch_pipeline_dag.py took 0.145 seconds
[2026-04-24T16:20:44.412+0000] {processor.py:161} INFO - Started process (PID=121) to work on /opt/airflow/dags/batch_pipeline_dag.py
[2026-04-24T16:20:44.415+0000] {processor.py:830} INFO - Processing file /opt/airflow/dags/batch_pipeline_dag.py for tasks to queue
[2026-04-24T16:20:44.417+0000] {logging_mixin.py:188} INFO - [2026-04-24T16:20:44.417+0000] {dagbag.py:538} INFO - Filling up the DagBag from /opt/airflow/dags/batch_pipeline_dag.py
[2026-04-24T16:20:44.432+0000] {processor.py:840} INFO - DAG(s) 'batch_pipeline' retrieved from /opt/airflow/dags/batch_pipeline_dag.py
[2026-04-24T16:20:44.465+0000] {logging_mixin.py:188} INFO - [2026-04-24T16:20:44.465+0000] {dag.py:3036} INFO - Sync 1 DAGs
[2026-04-24T16:20:44.511+0000] {logging_mixin.py:188} INFO - [2026-04-24T16:20:44.510+0000] {dag.py:3823} INFO - Setting next_dagrun for batch_pipeline to 2026-04-24 16:20:00+00:00, run_after=2026-04-24 16:22:00+00:00
[2026-04-24T16:20:44.537+0000] {processor.py:183} INFO - Processing /opt/airflow/dags/batch_pipeline_dag.py took 0.129 seconds
[2026-04-24T16:21:14.722+0000] {processor.py:161} INFO - Started process (PID=122) to work on /opt/airflow/dags/batch_pipeline_dag.py
[2026-04-24T16:21:14.724+0000] {processor.py:830} INFO - Processing file /opt/airflow/dags/batch_pipeline_dag.py for tasks to queue
[2026-04-24T16:21:14.727+0000] {logging_mixin.py:188} INFO - [2026-04-24T16:21:14.726+0000] {dagbag.py:538} INFO - Filling up the DagBag from /opt/airflow/dags/batch_pipeline_dag.py
[2026-04-24T16:21:14.745+0000] {processor.py:840} INFO - DAG(s) 'batch_pipeline' retrieved from /opt/airflow/dags/batch_pipeline_dag.py
[2026-04-24T16:21:14.778+0000] {logging_mixin.py:188} INFO - [2026-04-24T16:21:14.778+0000] {dag.py:3036} INFO - Sync 1 DAGs
[2026-04-24T16:21:14.812+0000] {logging_mixin.py:188} INFO - [2026-04-24T16:21:14.812+0000] {dag.py:3823} INFO - Setting next_dagrun for batch_pipeline to 2026-04-24 16:20:00+00:00, run_after=2026-04-24 16:22:00+00:00
[2026-04-24T16:21:14.836+0000] {processor.py:183} INFO - Processing /opt/airflow/dags/batch_pipeline_dag.py took 0.117 seconds
[2026-04-24T16:21:44.955+0000] {processor.py:161} INFO - Started process (PID=123) to work on /opt/airflow/dags/batch_pipeline_dag.py
[2026-04-24T16:21:44.959+0000] {processor.py:830} INFO - Processing file /opt/airflow/dags/batch_pipeline_dag.py for tasks to queue
[2026-04-24T16:21:44.961+0000] {logging_mixin.py:188} INFO - [2026-04-24T16:21:44.961+0000] {dagbag.py:538} INFO - Filling up the DagBag from /opt/airflow/dags/batch_pipeline_dag.py
[2026-04-24T16:21:44.978+0000] {processor.py:840} INFO - DAG(s) 'batch_pipeline' retrieved from /opt/airflow/dags/batch_pipeline_dag.py
[2026-04-24T16:21:45.011+0000] {logging_mixin.py:188} INFO - [2026-04-24T16:21:45.011+0000] {dag.py:3036} INFO - Sync 1 DAGs
[2026-04-24T16:21:45.051+0000] {logging_mixin.py:188} INFO - [2026-04-24T16:21:45.051+0000] {dag.py:3823} INFO - Setting next_dagrun for batch_pipeline to 2026-04-24 16:20:00+00:00, run_after=2026-04-24 16:22:00+00:00
[2026-04-24T16:21:45.080+0000] {processor.py:183} INFO - Processing /opt/airflow/dags/batch_pipeline_dag.py took 0.130 seconds
[2026-04-24T16:22:15.292+0000] {processor.py:161} INFO - Started process (PID=124) to work on /opt/airflow/dags/batch_pipeline_dag.py
[2026-04-24T16:22:15.293+0000] {processor.py:830} INFO - Processing file /opt/airflow/dags/batch_pipeline_dag.py for tasks to queue
[2026-04-24T16:22:15.295+0000] {logging_mixin.py:188} INFO - [2026-04-24T16:22:15.295+0000] {dagbag.py:538} INFO - Filling up the DagBag from /opt/airflow/dags/batch_pipeline_dag.py
[2026-04-24T16:22:15.310+0000] {processor.py:840} INFO - DAG(s) 'batch_pipeline' retrieved from /opt/airflow/dags/batch_pipeline_dag.py
[2026-04-24T16:22:15.341+0000] {logging_mixin.py:188} INFO - [2026-04-24T16:22:15.341+0000] {dag.py:3036} INFO - Sync 1 DAGs
[2026-04-24T16:22:15.376+0000] {logging_mixin.py:188} INFO - [2026-04-24T16:22:15.376+0000] {dag.py:3823} INFO - Setting next_dagrun for batch_pipeline to 2026-04-24 16:22:00+00:00, run_after=2026-04-24 16:24:00+00:00
[2026-04-24T16:22:15.401+0000] {processor.py:183} INFO - Processing /opt/airflow/dags/batch_pipeline_dag.py took 0.115 seconds
[2026-04-24T16:22:45.507+0000] {processor.py:161} INFO - Started process (PID=125) to work on /opt/airflow/dags/batch_pipeline_dag.py
[2026-04-24T16:22:45.509+0000] {processor.py:830} INFO - Processing file /opt/airflow/dags/batch_pipeline_dag.py for tasks to queue
[2026-04-24T16:22:45.511+0000] {logging_mixin.py:188} INFO - [2026-04-24T16:22:45.511+0000] {dagbag.py:538} INFO - Filling up the DagBag from /opt/airflow/dags/batch_pipeline_dag.py
[2026-04-24T16:22:45.527+0000] {processor.py:840} INFO - DAG(s) 'batch_pipeline' retrieved from /opt/airflow/dags/batch_pipeline_dag.py
[2026-04-24T16:22:45.561+0000] {logging_mixin.py:188} INFO - [2026-04-24T16:22:45.561+0000] {dag.py:3036} INFO - Sync 1 DAGs
[2026-04-24T16:22:45.600+0000] {logging_mixin.py:188} INFO - [2026-04-24T16:22:45.600+0000] {dag.py:3823} INFO - Setting next_dagrun for batch_pipeline to 2026-04-24 16:22:00+00:00, run_after=2026-04-24 16:24:00+00:00
[2026-04-24T16:22:45.630+0000] {processor.py:183} INFO - Processing /opt/airflow/dags/batch_pipeline_dag.py took 0.129 seconds
[2026-04-24T16:23:15.831+0000] {processor.py:161} INFO - Started process (PID=126) to work on /opt/airflow/dags/batch_pipeline_dag.py
[2026-04-24T16:23:15.832+0000] {processor.py:830} INFO - Processing file /opt/airflow/dags/batch_pipeline_dag.py for tasks to queue
[2026-04-24T16:23:15.834+0000] {logging_mixin.py:188} INFO - [2026-04-24T16:23:15.833+0000] {dagbag.py:538} INFO - Filling up the DagBag from /opt/airflow/dags/batch_pipeline_dag.py
[2026-04-24T16:23:15.849+0000] {processor.py:840} INFO - DAG(s) 'batch_pipeline' retrieved from /opt/airflow/dags/batch_pipeline_dag.py
[2026-04-24T16:23:15.882+0000] {logging_mixin.py:188} INFO - [2026-04-24T16:23:15.881+0000] {dag.py:3036} INFO - Sync 1 DAGs
[2026-04-24T16:23:15.918+0000] {logging_mixin.py:188} INFO - [2026-04-24T16:23:15.918+0000] {dag.py:3823} INFO - Setting next_dagrun for batch_pipeline to 2026-04-24 16:22:00+00:00, run_after=2026-04-24 16:24:00+00:00
[2026-04-24T16:23:15.947+0000] {processor.py:183} INFO - Processing /opt/airflow/dags/batch_pipeline_dag.py took 0.120 seconds
[2026-04-24T16:23:46.091+0000] {processor.py:161} INFO - Started process (PID=127) to work on /opt/airflow/dags/batch_pipeline_dag.py
[2026-04-24T16:23:46.094+0000] {processor.py:830} INFO - Processing file /opt/airflow/dags/batch_pipeline_dag.py for tasks to queue
[2026-04-24T16:23:46.096+0000] {logging_mixin.py:188} INFO - [2026-04-24T16:23:46.095+0000] {dagbag.py:538} INFO - Filling up the DagBag from /opt/airflow/dags/batch_pipeline_dag.py
[2026-04-24T16:23:46.108+0000] {processor.py:840} INFO - DAG(s) 'batch_pipeline' retrieved from /opt/airflow/dags/batch_pipeline_dag.py
[2026-04-24T16:23:46.136+0000] {logging_mixin.py:188} INFO - [2026-04-24T16:23:46.136+0000] {dag.py:3036} INFO - Sync 1 DAGs
[2026-04-24T16:23:46.166+0000] {logging_mixin.py:188} INFO - [2026-04-24T16:23:46.166+0000] {dag.py:3823} INFO - Setting next_dagrun for batch_pipeline to 2026-04-24 16:22:00+00:00, run_after=2026-04-24 16:24:00+00:00
[2026-04-24T16:23:46.195+0000] {processor.py:183} INFO - Processing /opt/airflow/dags/batch_pipeline_dag.py took 0.108 seconds
[2026-04-24T16:24:16.483+0000] {processor.py:161} INFO - Started process (PID=128) to work on /opt/airflow/dags/batch_pipeline_dag.py
[2026-04-24T16:24:16.484+0000] {processor.py:830} INFO - Processing file /opt/airflow/dags/batch_pipeline_dag.py for tasks to queue
[2026-04-24T16:24:16.487+0000] {logging_mixin.py:188} INFO - [2026-04-24T16:24:16.486+0000] {dagbag.py:538} INFO - Filling up the DagBag from /opt/airflow/dags/batch_pipeline_dag.py
[2026-04-24T16:24:16.500+0000] {processor.py:840} INFO - DAG(s) 'batch_pipeline' retrieved from /opt/airflow/dags/batch_pipeline_dag.py
[2026-04-24T16:24:16.528+0000] {logging_mixin.py:188} INFO - [2026-04-24T16:24:16.527+0000] {dag.py:3036} INFO - Sync 1 DAGs
[2026-04-24T16:24:16.559+0000] {logging_mixin.py:188} INFO - [2026-04-24T16:24:16.558+0000] {dag.py:3823} INFO - Setting next_dagrun for batch_pipeline to 2026-04-24 16:24:00+00:00, run_after=2026-04-24 16:26:00+00:00
[2026-04-24T16:24:16.585+0000] {processor.py:183} INFO - Processing /opt/airflow/dags/batch_pipeline_dag.py took 0.107 seconds
[2026-04-24T16:24:46.789+0000] {processor.py:161} INFO - Started process (PID=129) to work on /opt/airflow/dags/batch_pipeline_dag.py
[2026-04-24T16:24:46.792+0000] {processor.py:830} INFO - Processing file /opt/airflow/dags/batch_pipeline_dag.py for tasks to queue
[2026-04-24T16:24:46.794+0000] {logging_mixin.py:188} INFO - [2026-04-24T16:24:46.794+0000] {dagbag.py:538} INFO - Filling up the DagBag from /opt/airflow/dags/batch_pipeline_dag.py
[2026-04-24T16:24:46.809+0000] {processor.py:840} INFO - DAG(s) 'batch_pipeline' retrieved from /opt/airflow/dags/batch_pipeline_dag.py
[2026-04-24T16:24:46.838+0000] {logging_mixin.py:188} INFO - [2026-04-24T16:24:46.838+0000] {dag.py:3036} INFO - Sync 1 DAGs
[2026-04-24T16:24:46.868+0000] {logging_mixin.py:188} INFO - [2026-04-24T16:24:46.867+0000] {dag.py:3823} INFO - Setting next_dagrun for batch_pipeline to 2026-04-24 16:24:00+00:00, run_after=2026-04-24 16:26:00+00:00
[2026-04-24T16:24:46.895+0000] {processor.py:183} INFO - Processing /opt/airflow/dags/batch_pipeline_dag.py took 0.110 seconds
[2026-04-24T16:25:17.130+0000] {processor.py:161} INFO - Started process (PID=130) to work on /opt/airflow/dags/batch_pipeline_dag.py
[2026-04-24T16:25:17.131+0000] {processor.py:830} INFO - Processing file /opt/airflow/dags/batch_pipeline_dag.py for tasks to queue
[2026-04-24T16:25:17.133+0000] {logging_mixin.py:188} INFO - [2026-04-24T16:25:17.133+0000] {dagbag.py:538} INFO - Filling up the DagBag from /opt/airflow/dags/batch_pipeline_dag.py
[2026-04-24T16:25:17.146+0000] {processor.py:840} INFO - DAG(s) 'batch_pipeline' retrieved from /opt/airflow/dags/batch_pipeline_dag.py
[2026-04-24T16:25:17.175+0000] {logging_mixin.py:188} INFO - [2026-04-24T16:25:17.175+0000] {dag.py:3036} INFO - Sync 1 DAGs
[2026-04-24T16:25:17.206+0000] {logging_mixin.py:188} INFO - [2026-04-24T16:25:17.206+0000] {dag.py:3823} INFO - Setting next_dagrun for batch_pipeline to 2026-04-24 16:24:00+00:00, run_after=2026-04-24 16:26:00+00:00
[2026-04-24T16:25:17.233+0000] {processor.py:183} INFO - Processing /opt/airflow/dags/batch_pipeline_dag.py took 0.106 seconds
[2026-04-24T16:25:47.427+0000] {processor.py:161} INFO - Started process (PID=131) to work on /opt/airflow/dags/batch_pipeline_dag.py
[2026-04-24T16:25:47.431+0000] {processor.py:830} INFO - Processing file /opt/airflow/dags/batch_pipeline_dag.py for tasks to queue
[2026-04-24T16:25:47.433+0000] {logging_mixin.py:188} INFO - [2026-04-24T16:25:47.433+0000] {dagbag.py:538} INFO - Filling up the DagBag from /opt/airflow/dags/batch_pipeline_dag.py
[2026-04-24T16:25:47.447+0000] {processor.py:840} INFO - DAG(s) 'batch_pipeline' retrieved from /opt/airflow/dags/batch_pipeline_dag.py
[2026-04-24T16:25:47.475+0000] {logging_mixin.py:188} INFO - [2026-04-24T16:25:47.475+0000] {dag.py:3036} INFO - Sync 1 DAGs
[2026-04-24T16:25:47.505+0000] {logging_mixin.py:188} INFO - [2026-04-24T16:25:47.504+0000] {dag.py:3823} INFO - Setting next_dagrun for batch_pipeline to 2026-04-24 16:24:00+00:00, run_after=2026-04-24 16:26:00+00:00
[2026-04-24T16:25:47.529+0000] {processor.py:183} INFO - Processing /opt/airflow/dags/batch_pipeline_dag.py took 0.107 seconds
[2026-04-24T16:26:17.756+0000] {processor.py:161} INFO - Started process (PID=132) to work on /opt/airflow/dags/batch_pipeline_dag.py
[2026-04-24T16:26:17.757+0000] {processor.py:830} INFO - Processing file /opt/airflow/dags/batch_pipeline_dag.py for tasks to queue
[2026-04-24T16:26:17.759+0000] {logging_mixin.py:188} INFO - [2026-04-24T16:26:17.759+0000] {dagbag.py:538} INFO - Filling up the DagBag from /opt/airflow/dags/batch_pipeline_dag.py
[2026-04-24T16:26:17.773+0000] {processor.py:840} INFO - DAG(s) 'batch_pipeline' retrieved from /opt/airflow/dags/batch_pipeline_dag.py
[2026-04-24T16:26:17.801+0000] {logging_mixin.py:188} INFO - [2026-04-24T16:26:17.801+0000] {dag.py:3036} INFO - Sync 1 DAGs
[2026-04-24T16:26:17.830+0000] {logging_mixin.py:188} INFO - [2026-04-24T16:26:17.830+0000] {dag.py:3823} INFO - Setting next_dagrun for batch_pipeline to 2026-04-24 16:26:00+00:00, run_after=2026-04-24 16:28:00+00:00
[2026-04-24T16:26:17.856+0000] {processor.py:183} INFO - Processing /opt/airflow/dags/batch_pipeline_dag.py took 0.103 seconds
[2026-04-24T16:26:48.065+0000] {processor.py:161} INFO - Started process (PID=133) to work on /opt/airflow/dags/batch_pipeline_dag.py
[2026-04-24T16:26:48.068+0000] {processor.py:830} INFO - Processing file /opt/airflow/dags/batch_pipeline_dag.py for tasks to queue
[2026-04-24T16:26:48.070+0000] {logging_mixin.py:188} INFO - [2026-04-24T16:26:48.070+0000] {dagbag.py:538} INFO - Filling up the DagBag from /opt/airflow/dags/batch_pipeline_dag.py
[2026-04-24T16:26:48.085+0000] {processor.py:840} INFO - DAG(s) 'batch_pipeline' retrieved from /opt/airflow/dags/batch_pipeline_dag.py
[2026-04-24T16:26:48.112+0000] {logging_mixin.py:188} INFO - [2026-04-24T16:26:48.112+0000] {dag.py:3036} INFO - Sync 1 DAGs
[2026-04-24T16:26:48.142+0000] {logging_mixin.py:188} INFO - [2026-04-24T16:26:48.142+0000] {dag.py:3823} INFO - Setting next_dagrun for batch_pipeline to 2026-04-24 16:26:00+00:00, run_after=2026-04-24 16:28:00+00:00
[2026-04-24T16:26:48.167+0000] {processor.py:183} INFO - Processing /opt/airflow/dags/batch_pipeline_dag.py took 0.105 seconds
[2026-04-24T16:27:18.442+0000] {processor.py:161} INFO - Started process (PID=134) to work on /opt/airflow/dags/batch_pipeline_dag.py
[2026-04-24T16:27:18.443+0000] {processor.py:830} INFO - Processing file /opt/airflow/dags/batch_pipeline_dag.py for tasks to queue
[2026-04-24T16:27:18.445+0000] {logging_mixin.py:188} INFO - [2026-04-24T16:27:18.445+0000] {dagbag.py:538} INFO - Filling up the DagBag from /opt/airflow/dags/batch_pipeline_dag.py
[2026-04-24T16:27:18.458+0000] {processor.py:840} INFO - DAG(s) 'batch_pipeline' retrieved from /opt/airflow/dags/batch_pipeline_dag.py
[2026-04-24T16:27:18.485+0000] {logging_mixin.py:188} INFO - [2026-04-24T16:27:18.485+0000] {dag.py:3036} INFO - Sync 1 DAGs
[2026-04-24T16:27:18.514+0000] {logging_mixin.py:188} INFO - [2026-04-24T16:27:18.514+0000] {dag.py:3823} INFO - Setting next_dagrun for batch_pipeline to 2026-04-24 16:26:00+00:00, run_after=2026-04-24 16:28:00+00:00
[2026-04-24T16:27:18.538+0000] {processor.py:183} INFO - Processing /opt/airflow/dags/batch_pipeline_dag.py took 0.101 seconds
[2026-04-24T16:27:48.718+0000] {processor.py:161} INFO - Started process (PID=135) to work on /opt/airflow/dags/batch_pipeline_dag.py
[2026-04-24T16:27:48.721+0000] {processor.py:830} INFO - Processing file /opt/airflow/dags/batch_pipeline_dag.py for tasks to queue
[2026-04-24T16:27:48.724+0000] {logging_mixin.py:188} INFO - [2026-04-24T16:27:48.724+0000] {dagbag.py:538} INFO - Filling up the DagBag from /opt/airflow/dags/batch_pipeline_dag.py
[2026-04-24T16:27:48.738+0000] {processor.py:840} INFO - DAG(s) 'batch_pipeline' retrieved from /opt/airflow/dags/batch_pipeline_dag.py
[2026-04-24T16:27:48.766+0000] {logging_mixin.py:188} INFO - [2026-04-24T16:27:48.765+0000] {dag.py:3036} INFO - Sync 1 DAGs
[2026-04-24T16:27:48.798+0000] {logging_mixin.py:188} INFO - [2026-04-24T16:27:48.798+0000] {dag.py:3823} INFO - Setting next_dagrun for batch_pipeline to 2026-04-24 16:26:00+00:00, run_after=2026-04-24 16:28:00+00:00
[2026-04-24T16:27:48.823+0000] {processor.py:183} INFO - Processing /opt/airflow/dags/batch_pipeline_dag.py took 0.109 seconds
[2026-04-24T16:28:19.070+0000] {processor.py:161} INFO - Started process (PID=136) to work on /opt/airflow/dags/batch_pipeline_dag.py
[2026-04-24T16:28:19.071+0000] {processor.py:830} INFO - Processing file /opt/airflow/dags/batch_pipeline_dag.py for tasks to queue
[2026-04-24T16:28:19.075+0000] {logging_mixin.py:188} INFO - [2026-04-24T16:28:19.074+0000] {dagbag.py:538} INFO - Filling up the DagBag from /opt/airflow/dags/batch_pipeline_dag.py
[2026-04-24T16:28:19.090+0000] {processor.py:840} INFO - DAG(s) 'batch_pipeline' retrieved from /opt/airflow/dags/batch_pipeline_dag.py
[2026-04-24T16:28:19.122+0000] {logging_mixin.py:188} INFO - [2026-04-24T16:28:19.122+0000] {dag.py:3036} INFO - Sync 1 DAGs
[2026-04-24T16:28:19.152+0000] {logging_mixin.py:188} INFO - [2026-04-24T16:28:19.151+0000] {dag.py:3823} INFO - Setting next_dagrun for batch_pipeline to 2026-04-24 16:28:00+00:00, run_after=2026-04-24 16:30:00+00:00
[2026-04-24T16:28:19.175+0000] {processor.py:183} INFO - Processing /opt/airflow/dags/batch_pipeline_dag.py took 0.110 seconds
[2026-04-24T16:41:15.379+0000] {processor.py:161} INFO - Started process (PID=29) to work on /opt/airflow/dags/batch_pipeline_dag.py
[2026-04-24T16:41:15.381+0000] {processor.py:830} INFO - Processing file /opt/airflow/dags/batch_pipeline_dag.py for tasks to queue
[2026-04-24T16:41:15.391+0000] {logging_mixin.py:188} INFO - [2026-04-24T16:41:15.390+0000] {dagbag.py:538} INFO - Filling up the DagBag from /opt/airflow/dags/batch_pipeline_dag.py
[2026-04-24T16:41:15.447+0000] {processor.py:840} INFO - DAG(s) 'batch_pipeline' retrieved from /opt/airflow/dags/batch_pipeline_dag.py
[2026-04-24T16:41:15.638+0000] {logging_mixin.py:188} INFO - [2026-04-24T16:41:15.636+0000] {dag.py:3036} INFO - Sync 1 DAGs
[2026-04-24T16:41:15.771+0000] {processor.py:183} INFO - Processing /opt/airflow/dags/batch_pipeline_dag.py took 0.395 seconds
[2026-04-24T16:41:46.113+0000] {processor.py:161} INFO - Started process (PID=30) to work on /opt/airflow/dags/batch_pipeline_dag.py
[2026-04-24T16:41:46.115+0000] {processor.py:830} INFO - Processing file /opt/airflow/dags/batch_pipeline_dag.py for tasks to queue
[2026-04-24T16:41:46.117+0000] {logging_mixin.py:188} INFO - [2026-04-24T16:41:46.117+0000] {dagbag.py:538} INFO - Filling up the DagBag from /opt/airflow/dags/batch_pipeline_dag.py
[2026-04-24T16:41:46.148+0000] {processor.py:840} INFO - DAG(s) 'batch_pipeline' retrieved from /opt/airflow/dags/batch_pipeline_dag.py
[2026-04-24T16:41:46.203+0000] {logging_mixin.py:188} INFO - [2026-04-24T16:41:46.202+0000] {dag.py:3036} INFO - Sync 1 DAGs
[2026-04-24T16:41:46.280+0000] {processor.py:183} INFO - Processing /opt/airflow/dags/batch_pipeline_dag.py took 0.175 seconds
[2026-04-24T16:42:16.453+0000] {processor.py:161} INFO - Started process (PID=31) to work on /opt/airflow/dags/batch_pipeline_dag.py
[2026-04-24T16:42:16.454+0000] {processor.py:830} INFO - Processing file /opt/airflow/dags/batch_pipeline_dag.py for tasks to queue
[2026-04-24T16:42:16.459+0000] {logging_mixin.py:188} INFO - [2026-04-24T16:42:16.459+0000] {dagbag.py:538} INFO - Filling up the DagBag from /opt/airflow/dags/batch_pipeline_dag.py
[2026-04-24T16:42:16.483+0000] {processor.py:840} INFO - DAG(s) 'batch_pipeline' retrieved from /opt/airflow/dags/batch_pipeline_dag.py
[2026-04-24T16:42:16.530+0000] {logging_mixin.py:188} INFO - [2026-04-24T16:42:16.530+0000] {dag.py:3036} INFO - Sync 1 DAGs
[2026-04-24T16:42:16.610+0000] {processor.py:183} INFO - Processing /opt/airflow/dags/batch_pipeline_dag.py took 0.164 seconds
[2026-04-24T16:42:46.652+0000] {processor.py:161} INFO - Started process (PID=32) to work on /opt/airflow/dags/batch_pipeline_dag.py
[2026-04-24T16:42:46.653+0000] {processor.py:830} INFO - Processing file /opt/airflow/dags/batch_pipeline_dag.py for tasks to queue
[2026-04-24T16:42:46.657+0000] {logging_mixin.py:188} INFO - [2026-04-24T16:42:46.656+0000] {dagbag.py:538} INFO - Filling up the DagBag from /opt/airflow/dags/batch_pipeline_dag.py
[2026-04-24T16:42:46.684+0000] {processor.py:840} INFO - DAG(s) 'batch_pipeline' retrieved from /opt/airflow/dags/batch_pipeline_dag.py
[2026-04-24T16:42:46.722+0000] {logging_mixin.py:188} INFO - [2026-04-24T16:42:46.721+0000] {dag.py:3036} INFO - Sync 1 DAGs
[2026-04-24T16:42:46.784+0000] {processor.py:183} INFO - Processing /opt/airflow/dags/batch_pipeline_dag.py took 0.135 seconds
[2026-04-24T16:43:16.870+0000] {processor.py:161} INFO - Started process (PID=33) to work on /opt/airflow/dags/batch_pipeline_dag.py
[2026-04-24T16:43:16.872+0000] {processor.py:830} INFO - Processing file /opt/airflow/dags/batch_pipeline_dag.py for tasks to queue
[2026-04-24T16:43:16.875+0000] {logging_mixin.py:188} INFO - [2026-04-24T16:43:16.875+0000] {dagbag.py:538} INFO - Filling up the DagBag from /opt/airflow/dags/batch_pipeline_dag.py
[2026-04-24T16:43:16.889+0000] {processor.py:840} INFO - DAG(s) 'batch_pipeline' retrieved from /opt/airflow/dags/batch_pipeline_dag.py
[2026-04-24T16:43:16.920+0000] {logging_mixin.py:188} INFO - [2026-04-24T16:43:16.920+0000] {dag.py:3036} INFO - Sync 1 DAGs
[2026-04-24T16:43:16.979+0000] {processor.py:183} INFO - Processing /opt/airflow/dags/batch_pipeline_dag.py took 0.113 seconds
[2026-04-24T16:43:47.218+0000] {processor.py:161} INFO - Started process (PID=34) to work on /opt/airflow/dags/batch_pipeline_dag.py
[2026-04-24T16:43:47.219+0000] {processor.py:830} INFO - Processing file /opt/airflow/dags/batch_pipeline_dag.py for tasks to queue
[2026-04-24T16:43:47.225+0000] {logging_mixin.py:188} INFO - [2026-04-24T16:43:47.224+0000] {dagbag.py:538} INFO - Filling up the DagBag from /opt/airflow/dags/batch_pipeline_dag.py
[2026-04-24T16:43:47.253+0000] {processor.py:840} INFO - DAG(s) 'batch_pipeline' retrieved from /opt/airflow/dags/batch_pipeline_dag.py
[2026-04-24T16:43:47.303+0000] {logging_mixin.py:188} INFO - [2026-04-24T16:43:47.303+0000] {dag.py:3036} INFO - Sync 1 DAGs
[2026-04-24T16:43:47.401+0000] {processor.py:183} INFO - Processing /opt/airflow/dags/batch_pipeline_dag.py took 0.188 seconds
[2026-04-24T16:44:17.459+0000] {processor.py:161} INFO - Started process (PID=35) to work on /opt/airflow/dags/batch_pipeline_dag.py
[2026-04-24T16:44:17.462+0000] {processor.py:830} INFO - Processing file /opt/airflow/dags/batch_pipeline_dag.py for tasks to queue
[2026-04-24T16:44:17.464+0000] {logging_mixin.py:188} INFO - [2026-04-24T16:44:17.463+0000] {dagbag.py:538} INFO - Filling up the DagBag from /opt/airflow/dags/batch_pipeline_dag.py
[2026-04-24T16:44:17.479+0000] {processor.py:840} INFO - DAG(s) 'batch_pipeline' retrieved from /opt/airflow/dags/batch_pipeline_dag.py
[2026-04-24T16:44:17.512+0000] {logging_mixin.py:188} INFO - [2026-04-24T16:44:17.512+0000] {dag.py:3036} INFO - Sync 1 DAGs
[2026-04-24T16:44:17.566+0000] {processor.py:183} INFO - Processing /opt/airflow/dags/batch_pipeline_dag.py took 0.112 seconds
[2026-04-24T16:44:47.681+0000] {processor.py:161} INFO - Started process (PID=36) to work on /opt/airflow/dags/batch_pipeline_dag.py
[2026-04-24T16:44:47.681+0000] {processor.py:830} INFO - Processing file /opt/airflow/dags/batch_pipeline_dag.py for tasks to queue
[2026-04-24T16:44:47.683+0000] {logging_mixin.py:188} INFO - [2026-04-24T16:44:47.683+0000] {dagbag.py:538} INFO - Filling up the DagBag from /opt/airflow/dags/batch_pipeline_dag.py
[2026-04-24T16:44:47.699+0000] {processor.py:840} INFO - DAG(s) 'batch_pipeline' retrieved from /opt/airflow/dags/batch_pipeline_dag.py
[2026-04-24T16:44:47.732+0000] {logging_mixin.py:188} INFO - [2026-04-24T16:44:47.731+0000] {dag.py:3036} INFO - Sync 1 DAGs
[2026-04-24T16:44:47.801+0000] {processor.py:183} INFO - Processing /opt/airflow/dags/batch_pipeline_dag.py took 0.124 seconds
[2026-04-24T16:45:17.980+0000] {processor.py:161} INFO - Started process (PID=37) to work on /opt/airflow/dags/batch_pipeline_dag.py
[2026-04-24T16:45:17.981+0000] {processor.py:830} INFO - Processing file /opt/airflow/dags/batch_pipeline_dag.py for tasks to queue
[2026-04-24T16:45:17.984+0000] {logging_mixin.py:188} INFO - [2026-04-24T16:45:17.983+0000] {dagbag.py:538} INFO - Filling up the DagBag from /opt/airflow/dags/batch_pipeline_dag.py
[2026-04-24T16:45:18.002+0000] {processor.py:840} INFO - DAG(s) 'batch_pipeline' retrieved from /opt/airflow/dags/batch_pipeline_dag.py
[2026-04-24T16:45:18.046+0000] {logging_mixin.py:188} INFO - [2026-04-24T16:45:18.046+0000] {dag.py:3036} INFO - Sync 1 DAGs
[2026-04-24T16:45:18.126+0000] {processor.py:183} INFO - Processing /opt/airflow/dags/batch_pipeline_dag.py took 0.150 seconds
[2026-04-24T16:45:48.205+0000] {processor.py:161} INFO - Started process (PID=38) to work on /opt/airflow/dags/batch_pipeline_dag.py
[2026-04-24T16:45:48.206+0000] {processor.py:830} INFO - Processing file /opt/airflow/dags/batch_pipeline_dag.py for tasks to queue
[2026-04-24T16:45:48.208+0000] {logging_mixin.py:188} INFO - [2026-04-24T16:45:48.208+0000] {dagbag.py:538} INFO - Filling up the DagBag from /opt/airflow/dags/batch_pipeline_dag.py
[2026-04-24T16:45:48.227+0000] {processor.py:840} INFO - DAG(s) 'batch_pipeline' retrieved from /opt/airflow/dags/batch_pipeline_dag.py
[2026-04-24T16:45:48.266+0000] {logging_mixin.py:188} INFO - [2026-04-24T16:45:48.266+0000] {dag.py:3036} INFO - Sync 1 DAGs
[2026-04-24T16:45:48.329+0000] {processor.py:183} INFO - Processing /opt/airflow/dags/batch_pipeline_dag.py took 0.130 seconds
[2026-04-24T16:46:18.574+0000] {processor.py:161} INFO - Started process (PID=39) to work on /opt/airflow/dags/batch_pipeline_dag.py
[2026-04-24T16:46:18.577+0000] {processor.py:830} INFO - Processing file /opt/airflow/dags/batch_pipeline_dag.py for tasks to queue
[2026-04-24T16:46:18.579+0000] {logging_mixin.py:188} INFO - [2026-04-24T16:46:18.578+0000] {dagbag.py:538} INFO - Filling up the DagBag from /opt/airflow/dags/batch_pipeline_dag.py
[2026-04-24T16:46:18.597+0000] {processor.py:840} INFO - DAG(s) 'batch_pipeline' retrieved from /opt/airflow/dags/batch_pipeline_dag.py
[2026-04-24T16:46:18.642+0000] {logging_mixin.py:188} INFO - [2026-04-24T16:46:18.642+0000] {dag.py:3036} INFO - Sync 1 DAGs
[2026-04-24T16:46:18.697+0000] {processor.py:183} INFO - Processing /opt/airflow/dags/batch_pipeline_dag.py took 0.130 seconds
[2026-04-24T16:46:48.775+0000] {processor.py:161} INFO - Started process (PID=40) to work on /opt/airflow/dags/batch_pipeline_dag.py
[2026-04-24T16:46:48.776+0000] {processor.py:830} INFO - Processing file /opt/airflow/dags/batch_pipeline_dag.py for tasks to queue
[2026-04-24T16:46:48.781+0000] {logging_mixin.py:188} INFO - [2026-04-24T16:46:48.779+0000] {dagbag.py:538} INFO - Filling up the DagBag from /opt/airflow/dags/batch_pipeline_dag.py
[2026-04-24T16:46:48.808+0000] {processor.py:840} INFO - DAG(s) 'batch_pipeline' retrieved from /opt/airflow/dags/batch_pipeline_dag.py
[2026-04-24T16:46:49.063+0000] {logging_mixin.py:188} INFO - [2026-04-24T16:46:49.062+0000] {dag.py:3036} INFO - Sync 1 DAGs
[2026-04-24T16:46:49.225+0000] {processor.py:183} INFO - Processing /opt/airflow/dags/batch_pipeline_dag.py took 0.457 seconds
[2026-04-24T16:47:19.522+0000] {processor.py:161} INFO - Started process (PID=41) to work on /opt/airflow/dags/batch_pipeline_dag.py
[2026-04-24T16:47:19.524+0000] {processor.py:830} INFO - Processing file /opt/airflow/dags/batch_pipeline_dag.py for tasks to queue
[2026-04-24T16:47:19.537+0000] {logging_mixin.py:188} INFO - [2026-04-24T16:47:19.536+0000] {dagbag.py:538} INFO - Filling up the DagBag from /opt/airflow/dags/batch_pipeline_dag.py
[2026-04-24T16:47:19.572+0000] {processor.py:840} INFO - DAG(s) 'batch_pipeline' retrieved from /opt/airflow/dags/batch_pipeline_dag.py
[2026-04-24T16:47:19.616+0000] {logging_mixin.py:188} INFO - [2026-04-24T16:47:19.615+0000] {dag.py:3036} INFO - Sync 1 DAGs
[2026-04-24T16:47:19.690+0000] {processor.py:183} INFO - Processing /opt/airflow/dags/batch_pipeline_dag.py took 0.185 seconds
[2026-04-24T16:47:49.722+0000] {processor.py:161} INFO - Started process (PID=42) to work on /opt/airflow/dags/batch_pipeline_dag.py
[2026-04-24T16:47:49.723+0000] {processor.py:830} INFO - Processing file /opt/airflow/dags/batch_pipeline_dag.py for tasks to queue
[2026-04-24T16:47:49.726+0000] {logging_mixin.py:188} INFO - [2026-04-24T16:47:49.726+0000] {dagbag.py:538} INFO - Filling up the DagBag from /opt/airflow/dags/batch_pipeline_dag.py
[2026-04-24T16:47:49.749+0000] {processor.py:840} INFO - DAG(s) 'batch_pipeline' retrieved from /opt/airflow/dags/batch_pipeline_dag.py
[2026-04-24T16:47:49.793+0000] {logging_mixin.py:188} INFO - [2026-04-24T16:47:49.792+0000] {dag.py:3036} INFO - Sync 1 DAGs
[2026-04-24T16:47:49.862+0000] {processor.py:183} INFO - Processing /opt/airflow/dags/batch_pipeline_dag.py took 0.144 seconds
[2026-04-24T16:48:19.949+0000] {processor.py:161} INFO - Started process (PID=43) to work on /opt/airflow/dags/batch_pipeline_dag.py
[2026-04-24T16:48:19.952+0000] {processor.py:830} INFO - Processing file /opt/airflow/dags/batch_pipeline_dag.py for tasks to queue
[2026-04-24T16:48:19.955+0000] {logging_mixin.py:188} INFO - [2026-04-24T16:48:19.954+0000] {dagbag.py:538} INFO - Filling up the DagBag from /opt/airflow/dags/batch_pipeline_dag.py
[2026-04-24T16:48:19.974+0000] {processor.py:840} INFO - DAG(s) 'batch_pipeline' retrieved from /opt/airflow/dags/batch_pipeline_dag.py
[2026-04-24T16:48:20.023+0000] {logging_mixin.py:188} INFO - [2026-04-24T16:48:20.023+0000] {dag.py:3036} INFO - Sync 1 DAGs
[2026-04-24T16:48:20.108+0000] {processor.py:183} INFO - Processing /opt/airflow/dags/batch_pipeline_dag.py took 0.168 seconds
[2026-04-24T16:48:50.315+0000] {processor.py:161} INFO - Started process (PID=44) to work on /opt/airflow/dags/batch_pipeline_dag.py
[2026-04-24T16:48:50.316+0000] {processor.py:830} INFO - Processing file /opt/airflow/dags/batch_pipeline_dag.py for tasks to queue
[2026-04-24T16:48:50.320+0000] {logging_mixin.py:188} INFO - [2026-04-24T16:48:50.319+0000] {dagbag.py:538} INFO - Filling up the DagBag from /opt/airflow/dags/batch_pipeline_dag.py
[2026-04-24T16:48:50.340+0000] {processor.py:840} INFO - DAG(s) 'batch_pipeline' retrieved from /opt/airflow/dags/batch_pipeline_dag.py
[2026-04-24T16:48:50.374+0000] {logging_mixin.py:188} INFO - [2026-04-24T16:48:50.374+0000] {dag.py:3036} INFO - Sync 1 DAGs
[2026-04-24T16:48:50.433+0000] {processor.py:183} INFO - Processing /opt/airflow/dags/batch_pipeline_dag.py took 0.124 seconds
[2026-04-24T16:49:20.533+0000] {processor.py:161} INFO - Started process (PID=45) to work on /opt/airflow/dags/batch_pipeline_dag.py
[2026-04-24T16:49:20.536+0000] {processor.py:830} INFO - Processing file /opt/airflow/dags/batch_pipeline_dag.py for tasks to queue
[2026-04-24T16:49:20.538+0000] {logging_mixin.py:188} INFO - [2026-04-24T16:49:20.538+0000] {dagbag.py:538} INFO - Filling up the DagBag from /opt/airflow/dags/batch_pipeline_dag.py
[2026-04-24T16:49:20.556+0000] {processor.py:840} INFO - DAG(s) 'batch_pipeline' retrieved from /opt/airflow/dags/batch_pipeline_dag.py
[2026-04-24T16:49:20.601+0000] {logging_mixin.py:188} INFO - [2026-04-24T16:49:20.601+0000] {dag.py:3036} INFO - Sync 1 DAGs
[2026-04-24T16:49:20.659+0000] {processor.py:183} INFO - Processing /opt/airflow/dags/batch_pipeline_dag.py took 0.133 seconds
[2026-04-24T16:49:50.822+0000] {processor.py:161} INFO - Started process (PID=46) to work on /opt/airflow/dags/batch_pipeline_dag.py
[2026-04-24T16:49:50.822+0000] {processor.py:830} INFO - Processing file /opt/airflow/dags/batch_pipeline_dag.py for tasks to queue
[2026-04-24T16:49:50.824+0000] {logging_mixin.py:188} INFO - [2026-04-24T16:49:50.824+0000] {dagbag.py:538} INFO - Filling up the DagBag from /opt/airflow/dags/batch_pipeline_dag.py
[2026-04-24T16:49:50.844+0000] {processor.py:840} INFO - DAG(s) 'batch_pipeline' retrieved from /opt/airflow/dags/batch_pipeline_dag.py
[2026-04-24T16:49:50.884+0000] {logging_mixin.py:188} INFO - [2026-04-24T16:49:50.884+0000] {dag.py:3036} INFO - Sync 1 DAGs
[2026-04-24T16:49:50.951+0000] {processor.py:183} INFO - Processing /opt/airflow/dags/batch_pipeline_dag.py took 0.133 seconds
[2026-04-24T16:50:21.071+0000] {processor.py:161} INFO - Started process (PID=47) to work on /opt/airflow/dags/batch_pipeline_dag.py
[2026-04-24T16:50:21.074+0000] {processor.py:830} INFO - Processing file /opt/airflow/dags/batch_pipeline_dag.py for tasks to queue
[2026-04-24T16:50:21.076+0000] {logging_mixin.py:188} INFO - [2026-04-24T16:50:21.076+0000] {dagbag.py:538} INFO - Filling up the DagBag from /opt/airflow/dags/batch_pipeline_dag.py
[2026-04-24T16:50:21.093+0000] {processor.py:840} INFO - DAG(s) 'batch_pipeline' retrieved from /opt/airflow/dags/batch_pipeline_dag.py
[2026-04-24T16:50:21.130+0000] {logging_mixin.py:188} INFO - [2026-04-24T16:50:21.130+0000] {dag.py:3036} INFO - Sync 1 DAGs
[2026-04-24T16:50:21.192+0000] {processor.py:183} INFO - Processing /opt/airflow/dags/batch_pipeline_dag.py took 0.124 seconds
[2026-04-24T16:50:51.354+0000] {processor.py:161} INFO - Started process (PID=48) to work on /opt/airflow/dags/batch_pipeline_dag.py
[2026-04-24T16:50:51.355+0000] {processor.py:830} INFO - Processing file /opt/airflow/dags/batch_pipeline_dag.py for tasks to queue
[2026-04-24T16:50:51.357+0000] {logging_mixin.py:188} INFO - [2026-04-24T16:50:51.357+0000] {dagbag.py:538} INFO - Filling up the DagBag from /opt/airflow/dags/batch_pipeline_dag.py
[2026-04-24T16:50:51.374+0000] {processor.py:840} INFO - DAG(s) 'batch_pipeline' retrieved from /opt/airflow/dags/batch_pipeline_dag.py
[2026-04-24T16:50:51.408+0000] {logging_mixin.py:188} INFO - [2026-04-24T16:50:51.407+0000] {dag.py:3036} INFO - Sync 1 DAGs
[2026-04-24T16:50:51.470+0000] {processor.py:183} INFO - Processing /opt/airflow/dags/batch_pipeline_dag.py took 0.119 seconds
[2026-04-24T16:51:21.611+0000] {processor.py:161} INFO - Started process (PID=49) to work on /opt/airflow/dags/batch_pipeline_dag.py
[2026-04-24T16:51:21.613+0000] {processor.py:830} INFO - Processing file /opt/airflow/dags/batch_pipeline_dag.py for tasks to queue
[2026-04-24T16:51:21.615+0000] {logging_mixin.py:188} INFO - [2026-04-24T16:51:21.614+0000] {dagbag.py:538} INFO - Filling up the DagBag from /opt/airflow/dags/batch_pipeline_dag.py
[2026-04-24T16:51:21.632+0000] {processor.py:840} INFO - DAG(s) 'batch_pipeline' retrieved from /opt/airflow/dags/batch_pipeline_dag.py
[2026-04-24T16:51:21.668+0000] {logging_mixin.py:188} INFO - [2026-04-24T16:51:21.667+0000] {dag.py:3036} INFO - Sync 1 DAGs
[2026-04-24T16:51:21.735+0000] {processor.py:183} INFO - Processing /opt/airflow/dags/batch_pipeline_dag.py took 0.129 seconds
[2026-04-24T16:51:51.872+0000] {processor.py:161} INFO - Started process (PID=50) to work on /opt/airflow/dags/batch_pipeline_dag.py
[2026-04-24T16:51:51.873+0000] {processor.py:830} INFO - Processing file /opt/airflow/dags/batch_pipeline_dag.py for tasks to queue
[2026-04-24T16:51:51.876+0000] {logging_mixin.py:188} INFO - [2026-04-24T16:51:51.876+0000] {dagbag.py:538} INFO - Filling up the DagBag from /opt/airflow/dags/batch_pipeline_dag.py
[2026-04-24T16:51:51.893+0000] {processor.py:840} INFO - DAG(s) 'batch_pipeline' retrieved from /opt/airflow/dags/batch_pipeline_dag.py
[2026-04-24T16:51:51.929+0000] {logging_mixin.py:188} INFO - [2026-04-24T16:51:51.928+0000] {dag.py:3036} INFO - Sync 1 DAGs
[2026-04-24T16:51:52.002+0000] {processor.py:183} INFO - Processing /opt/airflow/dags/batch_pipeline_dag.py took 0.134 seconds
[2026-04-24T16:52:22.143+0000] {processor.py:161} INFO - Started process (PID=51) to work on /opt/airflow/dags/batch_pipeline_dag.py
[2026-04-24T16:52:22.144+0000] {processor.py:830} INFO - Processing file /opt/airflow/dags/batch_pipeline_dag.py for tasks to queue
[2026-04-24T16:52:22.147+0000] {logging_mixin.py:188} INFO - [2026-04-24T16:52:22.147+0000] {dagbag.py:538} INFO - Filling up the DagBag from /opt/airflow/dags/batch_pipeline_dag.py
[2026-04-24T16:52:22.173+0000] {processor.py:840} INFO - DAG(s) 'batch_pipeline' retrieved from /opt/airflow/dags/batch_pipeline_dag.py
[2026-04-24T16:52:22.240+0000] {logging_mixin.py:188} INFO - [2026-04-24T16:52:22.239+0000] {dag.py:3036} INFO - Sync 1 DAGs
[2026-04-24T16:52:22.304+0000] {processor.py:183} INFO - Processing /opt/airflow/dags/batch_pipeline_dag.py took 0.169 seconds
[2026-04-24T16:52:52.416+0000] {processor.py:161} INFO - Started process (PID=52) to work on /opt/airflow/dags/batch_pipeline_dag.py
[2026-04-24T16:52:52.417+0000] {processor.py:830} INFO - Processing file /opt/airflow/dags/batch_pipeline_dag.py for tasks to queue
[2026-04-24T16:52:52.419+0000] {logging_mixin.py:188} INFO - [2026-04-24T16:52:52.419+0000] {dagbag.py:538} INFO - Filling up the DagBag from /opt/airflow/dags/batch_pipeline_dag.py
[2026-04-24T16:52:52.448+0000] {processor.py:840} INFO - DAG(s) 'batch_pipeline' retrieved from /opt/airflow/dags/batch_pipeline_dag.py
[2026-04-24T16:52:52.493+0000] {logging_mixin.py:188} INFO - [2026-04-24T16:52:52.493+0000] {dag.py:3036} INFO - Sync 1 DAGs
[2026-04-24T16:52:52.568+0000] {processor.py:183} INFO - Processing /opt/airflow/dags/batch_pipeline_dag.py took 0.156 seconds
[2026-04-24T16:53:22.716+0000] {processor.py:161} INFO - Started process (PID=53) to work on /opt/airflow/dags/batch_pipeline_dag.py
[2026-04-24T16:53:22.718+0000] {processor.py:830} INFO - Processing file /opt/airflow/dags/batch_pipeline_dag.py for tasks to queue
[2026-04-24T16:53:22.723+0000] {logging_mixin.py:188} INFO - [2026-04-24T16:53:22.723+0000] {dagbag.py:538} INFO - Filling up the DagBag from /opt/airflow/dags/batch_pipeline_dag.py
[2026-04-24T16:53:22.739+0000] {processor.py:840} INFO - DAG(s) 'batch_pipeline' retrieved from /opt/airflow/dags/batch_pipeline_dag.py
[2026-04-24T16:53:22.777+0000] {logging_mixin.py:188} INFO - [2026-04-24T16:53:22.777+0000] {dag.py:3036} INFO - Sync 1 DAGs
[2026-04-24T16:53:22.845+0000] {processor.py:183} INFO - Processing /opt/airflow/dags/batch_pipeline_dag.py took 0.133 seconds
[2026-04-24T16:53:52.987+0000] {processor.py:161} INFO - Started process (PID=54) to work on /opt/airflow/dags/batch_pipeline_dag.py
[2026-04-24T16:53:52.989+0000] {processor.py:830} INFO - Processing file /opt/airflow/dags/batch_pipeline_dag.py for tasks to queue
[2026-04-24T16:53:52.992+0000] {logging_mixin.py:188} INFO - [2026-04-24T16:53:52.991+0000] {dagbag.py:538} INFO - Filling up the DagBag from /opt/airflow/dags/batch_pipeline_dag.py
[2026-04-24T16:53:53.008+0000] {processor.py:840} INFO - DAG(s) 'batch_pipeline' retrieved from /opt/airflow/dags/batch_pipeline_dag.py
[2026-04-24T16:53:53.042+0000] {logging_mixin.py:188} INFO - [2026-04-24T16:53:53.041+0000] {dag.py:3036} INFO - Sync 1 DAGs
[2026-04-24T16:53:53.104+0000] {processor.py:183} INFO - Processing /opt/airflow/dags/batch_pipeline_dag.py took 0.122 seconds
[2026-04-24T16:54:23.269+0000] {processor.py:161} INFO - Started process (PID=55) to work on /opt/airflow/dags/batch_pipeline_dag.py
[2026-04-24T16:54:23.272+0000] {processor.py:830} INFO - Processing file /opt/airflow/dags/batch_pipeline_dag.py for tasks to queue
[2026-04-24T16:54:23.275+0000] {logging_mixin.py:188} INFO - [2026-04-24T16:54:23.274+0000] {dagbag.py:538} INFO - Filling up the DagBag from /opt/airflow/dags/batch_pipeline_dag.py
[2026-04-24T16:54:23.290+0000] {processor.py:840} INFO - DAG(s) 'batch_pipeline' retrieved from /opt/airflow/dags/batch_pipeline_dag.py
[2026-04-24T16:54:23.325+0000] {logging_mixin.py:188} INFO - [2026-04-24T16:54:23.325+0000] {dag.py:3036} INFO - Sync 1 DAGs
[2026-04-24T16:54:23.384+0000] {processor.py:183} INFO - Processing /opt/airflow/dags/batch_pipeline_dag.py took 0.119 seconds
[2026-04-24T16:54:53.515+0000] {processor.py:161} INFO - Started process (PID=56) to work on /opt/airflow/dags/batch_pipeline_dag.py
[2026-04-24T16:54:53.516+0000] {processor.py:830} INFO - Processing file /opt/airflow/dags/batch_pipeline_dag.py for tasks to queue
[2026-04-24T16:54:53.522+0000] {logging_mixin.py:188} INFO - [2026-04-24T16:54:53.521+0000] {dagbag.py:538} INFO - Filling up the DagBag from /opt/airflow/dags/batch_pipeline_dag.py
[2026-04-24T16:54:53.540+0000] {processor.py:840} INFO - DAG(s) 'batch_pipeline' retrieved from /opt/airflow/dags/batch_pipeline_dag.py
[2026-04-24T16:54:53.581+0000] {logging_mixin.py:188} INFO - [2026-04-24T16:54:53.581+0000] {dag.py:3036} INFO - Sync 1 DAGs
[2026-04-24T16:54:53.649+0000] {processor.py:183} INFO - Processing /opt/airflow/dags/batch_pipeline_dag.py took 0.137 seconds
[2026-04-24T16:55:23.796+0000] {processor.py:161} INFO - Started process (PID=57) to work on /opt/airflow/dags/batch_pipeline_dag.py
[2026-04-24T16:55:23.797+0000] {processor.py:830} INFO - Processing file /opt/airflow/dags/batch_pipeline_dag.py for tasks to queue
[2026-04-24T16:55:23.801+0000] {logging_mixin.py:188} INFO - [2026-04-24T16:55:23.800+0000] {dagbag.py:538} INFO - Filling up the DagBag from /opt/airflow/dags/batch_pipeline_dag.py
[2026-04-24T16:55:23.819+0000] {processor.py:840} INFO - DAG(s) 'batch_pipeline' retrieved from /opt/airflow/dags/batch_pipeline_dag.py
[2026-04-24T16:55:23.861+0000] {logging_mixin.py:188} INFO - [2026-04-24T16:55:23.861+0000] {dag.py:3036} INFO - Sync 1 DAGs
[2026-04-24T16:55:23.923+0000] {processor.py:183} INFO - Processing /opt/airflow/dags/batch_pipeline_dag.py took 0.131 seconds
[2026-04-24T16:55:54.066+0000] {processor.py:161} INFO - Started process (PID=58) to work on /opt/airflow/dags/batch_pipeline_dag.py
[2026-04-24T16:55:54.069+0000] {processor.py:830} INFO - Processing file /opt/airflow/dags/batch_pipeline_dag.py for tasks to queue
[2026-04-24T16:55:54.071+0000] {logging_mixin.py:188} INFO - [2026-04-24T16:55:54.070+0000] {dagbag.py:538} INFO - Filling up the DagBag from /opt/airflow/dags/batch_pipeline_dag.py
[2026-04-24T16:55:54.087+0000] {processor.py:840} INFO - DAG(s) 'batch_pipeline' retrieved from /opt/airflow/dags/batch_pipeline_dag.py
[2026-04-24T16:55:54.122+0000] {logging_mixin.py:188} INFO - [2026-04-24T16:55:54.122+0000] {dag.py:3036} INFO - Sync 1 DAGs
[2026-04-24T16:55:54.190+0000] {processor.py:183} INFO - Processing /opt/airflow/dags/batch_pipeline_dag.py took 0.130 seconds
[2026-04-24T16:56:24.362+0000] {processor.py:161} INFO - Started process (PID=59) to work on /opt/airflow/dags/batch_pipeline_dag.py
[2026-04-24T16:56:24.363+0000] {processor.py:830} INFO - Processing file /opt/airflow/dags/batch_pipeline_dag.py for tasks to queue
[2026-04-24T16:56:24.369+0000] {logging_mixin.py:188} INFO - [2026-04-24T16:56:24.366+0000] {dagbag.py:538} INFO - Filling up the DagBag from /opt/airflow/dags/batch_pipeline_dag.py
[2026-04-24T16:56:24.393+0000] {processor.py:840} INFO - DAG(s) 'batch_pipeline' retrieved from /opt/airflow/dags/batch_pipeline_dag.py
[2026-04-24T16:56:24.430+0000] {logging_mixin.py:188} INFO - [2026-04-24T16:56:24.430+0000] {dag.py:3036} INFO - Sync 1 DAGs
[2026-04-24T16:56:24.491+0000] {processor.py:183} INFO - Processing /opt/airflow/dags/batch_pipeline_dag.py took 0.133 seconds
[2026-04-24T16:56:54.607+0000] {processor.py:161} INFO - Started process (PID=60) to work on /opt/airflow/dags/batch_pipeline_dag.py
[2026-04-24T16:56:54.609+0000] {processor.py:830} INFO - Processing file /opt/airflow/dags/batch_pipeline_dag.py for tasks to queue
[2026-04-24T16:56:54.611+0000] {logging_mixin.py:188} INFO - [2026-04-24T16:56:54.611+0000] {dagbag.py:538} INFO - Filling up the DagBag from /opt/airflow/dags/batch_pipeline_dag.py
[2026-04-24T16:56:54.629+0000] {processor.py:840} INFO - DAG(s) 'batch_pipeline' retrieved from /opt/airflow/dags/batch_pipeline_dag.py
[2026-04-24T16:56:54.668+0000] {logging_mixin.py:188} INFO - [2026-04-24T16:56:54.668+0000] {dag.py:3036} INFO - Sync 1 DAGs
[2026-04-24T16:56:54.744+0000] {processor.py:183} INFO - Processing /opt/airflow/dags/batch_pipeline_dag.py took 0.141 seconds
[2026-04-24T16:57:24.968+0000] {processor.py:161} INFO - Started process (PID=61) to work on /opt/airflow/dags/batch_pipeline_dag.py
[2026-04-24T16:57:24.969+0000] {processor.py:830} INFO - Processing file /opt/airflow/dags/batch_pipeline_dag.py for tasks to queue
[2026-04-24T16:57:24.975+0000] {logging_mixin.py:188} INFO - [2026-04-24T16:57:24.973+0000] {dagbag.py:538} INFO - Filling up the DagBag from /opt/airflow/dags/batch_pipeline_dag.py
[2026-04-24T16:57:25.009+0000] {processor.py:840} INFO - DAG(s) 'batch_pipeline' retrieved from /opt/airflow/dags/batch_pipeline_dag.py
[2026-04-24T16:57:25.090+0000] {logging_mixin.py:188} INFO - [2026-04-24T16:57:25.089+0000] {dag.py:3036} INFO - Sync 1 DAGs
[2026-04-24T16:57:25.200+0000] {processor.py:183} INFO - Processing /opt/airflow/dags/batch_pipeline_dag.py took 0.240 seconds
[2026-04-24T16:57:55.412+0000] {processor.py:161} INFO - Started process (PID=62) to work on /opt/airflow/dags/batch_pipeline_dag.py
[2026-04-24T16:57:55.414+0000] {processor.py:830} INFO - Processing file /opt/airflow/dags/batch_pipeline_dag.py for tasks to queue
[2026-04-24T16:57:55.418+0000] {logging_mixin.py:188} INFO - [2026-04-24T16:57:55.417+0000] {dagbag.py:538} INFO - Filling up the DagBag from /opt/airflow/dags/batch_pipeline_dag.py
[2026-04-24T16:57:55.438+0000] {processor.py:840} INFO - DAG(s) 'batch_pipeline' retrieved from /opt/airflow/dags/batch_pipeline_dag.py
[2026-04-24T16:57:55.474+0000] {logging_mixin.py:188} INFO - [2026-04-24T16:57:55.474+0000] {dag.py:3036} INFO - Sync 1 DAGs
[2026-04-24T16:57:55.549+0000] {processor.py:183} INFO - Processing /opt/airflow/dags/batch_pipeline_dag.py took 0.141 seconds
[2026-04-24T16:58:25.641+0000] {processor.py:161} INFO - Started process (PID=63) to work on /opt/airflow/dags/batch_pipeline_dag.py
[2026-04-24T16:58:25.642+0000] {processor.py:830} INFO - Processing file /opt/airflow/dags/batch_pipeline_dag.py for tasks to queue
[2026-04-24T16:58:25.649+0000] {logging_mixin.py:188} INFO - [2026-04-24T16:58:25.647+0000] {dagbag.py:538} INFO - Filling up the DagBag from /opt/airflow/dags/batch_pipeline_dag.py
[2026-04-24T16:58:25.675+0000] {processor.py:840} INFO - DAG(s) 'batch_pipeline' retrieved from /opt/airflow/dags/batch_pipeline_dag.py
[2026-04-24T16:58:25.723+0000] {logging_mixin.py:188} INFO - [2026-04-24T16:58:25.723+0000] {dag.py:3036} INFO - Sync 1 DAGs
[2026-04-24T16:58:25.798+0000] {processor.py:183} INFO - Processing /opt/airflow/dags/batch_pipeline_dag.py took 0.164 seconds
[2026-04-24T16:58:55.975+0000] {processor.py:161} INFO - Started process (PID=64) to work on /opt/airflow/dags/batch_pipeline_dag.py
[2026-04-24T16:58:55.978+0000] {processor.py:830} INFO - Processing file /opt/airflow/dags/batch_pipeline_dag.py for tasks to queue
[2026-04-24T16:58:55.984+0000] {logging_mixin.py:188} INFO - [2026-04-24T16:58:55.983+0000] {dagbag.py:538} INFO - Filling up the DagBag from /opt/airflow/dags/batch_pipeline_dag.py
[2026-04-24T16:58:56.006+0000] {processor.py:840} INFO - DAG(s) 'batch_pipeline' retrieved from /opt/airflow/dags/batch_pipeline_dag.py
[2026-04-24T16:58:56.057+0000] {logging_mixin.py:188} INFO - [2026-04-24T16:58:56.057+0000] {dag.py:3036} INFO - Sync 1 DAGs
[2026-04-24T16:58:56.205+0000] {processor.py:183} INFO - Processing /opt/airflow/dags/batch_pipeline_dag.py took 0.234 seconds
[2026-04-24T16:59:26.421+0000] {processor.py:161} INFO - Started process (PID=65) to work on /opt/airflow/dags/batch_pipeline_dag.py
[2026-04-24T16:59:26.422+0000] {processor.py:830} INFO - Processing file /opt/airflow/dags/batch_pipeline_dag.py for tasks to queue
[2026-04-24T16:59:26.424+0000] {logging_mixin.py:188} INFO - [2026-04-24T16:59:26.424+0000] {dagbag.py:538} INFO - Filling up the DagBag from /opt/airflow/dags/batch_pipeline_dag.py
[2026-04-24T16:59:26.454+0000] {processor.py:840} INFO - DAG(s) 'batch_pipeline' retrieved from /opt/airflow/dags/batch_pipeline_dag.py
[2026-04-24T16:59:26.500+0000] {logging_mixin.py:188} INFO - [2026-04-24T16:59:26.500+0000] {dag.py:3036} INFO - Sync 1 DAGs
[2026-04-24T16:59:26.578+0000] {processor.py:183} INFO - Processing /opt/airflow/dags/batch_pipeline_dag.py took 0.161 seconds
[2026-04-24T16:59:56.653+0000] {processor.py:161} INFO - Started process (PID=66) to work on /opt/airflow/dags/batch_pipeline_dag.py
[2026-04-24T16:59:56.656+0000] {processor.py:830} INFO - Processing file /opt/airflow/dags/batch_pipeline_dag.py for tasks to queue
[2026-04-24T16:59:56.658+0000] {logging_mixin.py:188} INFO - [2026-04-24T16:59:56.657+0000] {dagbag.py:538} INFO - Filling up the DagBag from /opt/airflow/dags/batch_pipeline_dag.py
[2026-04-24T16:59:56.677+0000] {processor.py:840} INFO - DAG(s) 'batch_pipeline' retrieved from /opt/airflow/dags/batch_pipeline_dag.py
[2026-04-24T16:59:56.717+0000] {logging_mixin.py:188} INFO - [2026-04-24T16:59:56.717+0000] {dag.py:3036} INFO - Sync 1 DAGs
[2026-04-24T16:59:56.795+0000] {processor.py:183} INFO - Processing /opt/airflow/dags/batch_pipeline_dag.py took 0.148 seconds
[2026-04-24T17:00:27.016+0000] {processor.py:161} INFO - Started process (PID=67) to work on /opt/airflow/dags/batch_pipeline_dag.py
[2026-04-24T17:00:27.017+0000] {processor.py:830} INFO - Processing file /opt/airflow/dags/batch_pipeline_dag.py for tasks to queue
[2026-04-24T17:00:27.022+0000] {logging_mixin.py:188} INFO - [2026-04-24T17:00:27.021+0000] {dagbag.py:538} INFO - Filling up the DagBag from /opt/airflow/dags/batch_pipeline_dag.py
[2026-04-24T17:00:27.065+0000] {processor.py:840} INFO - DAG(s) 'batch_pipeline' retrieved from /opt/airflow/dags/batch_pipeline_dag.py
[2026-04-24T17:00:27.132+0000] {logging_mixin.py:188} INFO - [2026-04-24T17:00:27.131+0000] {dag.py:3036} INFO - Sync 1 DAGs
[2026-04-24T17:00:27.220+0000] {processor.py:183} INFO - Processing /opt/airflow/dags/batch_pipeline_dag.py took 0.215 seconds
[2026-04-24T17:00:57.436+0000] {processor.py:161} INFO - Started process (PID=68) to work on /opt/airflow/dags/batch_pipeline_dag.py
[2026-04-24T17:00:57.439+0000] {processor.py:830} INFO - Processing file /opt/airflow/dags/batch_pipeline_dag.py for tasks to queue
[2026-04-24T17:00:57.444+0000] {logging_mixin.py:188} INFO - [2026-04-24T17:00:57.444+0000] {dagbag.py:538} INFO - Filling up the DagBag from /opt/airflow/dags/batch_pipeline_dag.py
[2026-04-24T17:00:57.461+0000] {processor.py:840} INFO - DAG(s) 'batch_pipeline' retrieved from /opt/airflow/dags/batch_pipeline_dag.py
[2026-04-24T17:00:57.498+0000] {logging_mixin.py:188} INFO - [2026-04-24T17:00:57.497+0000] {dag.py:3036} INFO - Sync 1 DAGs
[2026-04-24T17:00:57.558+0000] {processor.py:183} INFO - Processing /opt/airflow/dags/batch_pipeline_dag.py took 0.126 seconds
[2026-04-24T17:01:27.679+0000] {processor.py:161} INFO - Started process (PID=69) to work on /opt/airflow/dags/batch_pipeline_dag.py
[2026-04-24T17:01:27.680+0000] {processor.py:830} INFO - Processing file /opt/airflow/dags/batch_pipeline_dag.py for tasks to queue
[2026-04-24T17:01:27.683+0000] {logging_mixin.py:188} INFO - [2026-04-24T17:01:27.683+0000] {dagbag.py:538} INFO - Filling up the DagBag from /opt/airflow/dags/batch_pipeline_dag.py
[2026-04-24T17:01:27.703+0000] {processor.py:840} INFO - DAG(s) 'batch_pipeline' retrieved from /opt/airflow/dags/batch_pipeline_dag.py
[2026-04-24T17:01:27.780+0000] {logging_mixin.py:188} INFO - [2026-04-24T17:01:27.779+0000] {dag.py:3036} INFO - Sync 1 DAGs
[2026-04-24T17:01:27.867+0000] {processor.py:183} INFO - Processing /opt/airflow/dags/batch_pipeline_dag.py took 0.198 seconds
[2026-04-24T17:01:58.008+0000] {processor.py:161} INFO - Started process (PID=70) to work on /opt/airflow/dags/batch_pipeline_dag.py
[2026-04-24T17:01:58.011+0000] {processor.py:830} INFO - Processing file /opt/airflow/dags/batch_pipeline_dag.py for tasks to queue
[2026-04-24T17:01:58.014+0000] {logging_mixin.py:188} INFO - [2026-04-24T17:01:58.014+0000] {dagbag.py:538} INFO - Filling up the DagBag from /opt/airflow/dags/batch_pipeline_dag.py
[2026-04-24T17:01:58.039+0000] {processor.py:840} INFO - DAG(s) 'batch_pipeline' retrieved from /opt/airflow/dags/batch_pipeline_dag.py
[2026-04-24T17:01:58.098+0000] {logging_mixin.py:188} INFO - [2026-04-24T17:01:58.097+0000] {dag.py:3036} INFO - Sync 1 DAGs
[2026-04-24T17:01:58.174+0000] {processor.py:183} INFO - Processing /opt/airflow/dags/batch_pipeline_dag.py took 0.171 seconds
[2026-04-24T17:02:28.492+0000] {processor.py:161} INFO - Started process (PID=71) to work on /opt/airflow/dags/batch_pipeline_dag.py
[2026-04-24T17:02:28.493+0000] {processor.py:830} INFO - Processing file /opt/airflow/dags/batch_pipeline_dag.py for tasks to queue
[2026-04-24T17:02:28.498+0000] {logging_mixin.py:188} INFO - [2026-04-24T17:02:28.497+0000] {dagbag.py:538} INFO - Filling up the DagBag from /opt/airflow/dags/batch_pipeline_dag.py
[2026-04-24T17:02:28.555+0000] {processor.py:840} INFO - DAG(s) 'batch_pipeline' retrieved from /opt/airflow/dags/batch_pipeline_dag.py
[2026-04-24T17:02:28.612+0000] {logging_mixin.py:188} INFO - [2026-04-24T17:02:28.611+0000] {dag.py:3036} INFO - Sync 1 DAGs
[2026-04-24T17:02:28.695+0000] {processor.py:183} INFO - Processing /opt/airflow/dags/batch_pipeline_dag.py took 0.215 seconds
[2026-04-24T17:02:58.793+0000] {processor.py:161} INFO - Started process (PID=72) to work on /opt/airflow/dags/batch_pipeline_dag.py
[2026-04-24T17:02:58.794+0000] {processor.py:830} INFO - Processing file /opt/airflow/dags/batch_pipeline_dag.py for tasks to queue
[2026-04-24T17:02:58.798+0000] {logging_mixin.py:188} INFO - [2026-04-24T17:02:58.797+0000] {dagbag.py:538} INFO - Filling up the DagBag from /opt/airflow/dags/batch_pipeline_dag.py
[2026-04-24T17:02:58.843+0000] {processor.py:840} INFO - DAG(s) 'batch_pipeline' retrieved from /opt/airflow/dags/batch_pipeline_dag.py
[2026-04-24T17:02:58.926+0000] {logging_mixin.py:188} INFO - [2026-04-24T17:02:58.925+0000] {dag.py:3036} INFO - Sync 1 DAGs
[2026-04-24T17:02:59.048+0000] {processor.py:183} INFO - Processing /opt/airflow/dags/batch_pipeline_dag.py took 0.262 seconds
[2026-04-24T17:03:29.385+0000] {processor.py:161} INFO - Started process (PID=73) to work on /opt/airflow/dags/batch_pipeline_dag.py
[2026-04-24T17:03:29.386+0000] {processor.py:830} INFO - Processing file /opt/airflow/dags/batch_pipeline_dag.py for tasks to queue
[2026-04-24T17:03:29.395+0000] {logging_mixin.py:188} INFO - [2026-04-24T17:03:29.394+0000] {dagbag.py:538} INFO - Filling up the DagBag from /opt/airflow/dags/batch_pipeline_dag.py
[2026-04-24T17:03:29.429+0000] {processor.py:840} INFO - DAG(s) 'batch_pipeline' retrieved from /opt/airflow/dags/batch_pipeline_dag.py
[2026-04-24T17:03:29.551+0000] {logging_mixin.py:188} INFO - [2026-04-24T17:03:29.551+0000] {dag.py:3036} INFO - Sync 1 DAGs
[2026-04-24T17:03:29.786+0000] {processor.py:183} INFO - Processing /opt/airflow/dags/batch_pipeline_dag.py took 0.419 seconds
[2026-04-24T17:04:00.244+0000] {processor.py:161} INFO - Started process (PID=74) to work on /opt/airflow/dags/batch_pipeline_dag.py
[2026-04-24T17:04:00.247+0000] {processor.py:830} INFO - Processing file /opt/airflow/dags/batch_pipeline_dag.py for tasks to queue
[2026-04-24T17:04:00.254+0000] {logging_mixin.py:188} INFO - [2026-04-24T17:04:00.253+0000] {dagbag.py:538} INFO - Filling up the DagBag from /opt/airflow/dags/batch_pipeline_dag.py
[2026-04-24T17:04:00.307+0000] {processor.py:840} INFO - DAG(s) 'batch_pipeline' retrieved from /opt/airflow/dags/batch_pipeline_dag.py
[2026-04-24T17:04:00.412+0000] {logging_mixin.py:188} INFO - [2026-04-24T17:04:00.411+0000] {dag.py:3036} INFO - Sync 1 DAGs
[2026-04-24T17:04:00.624+0000] {processor.py:183} INFO - Processing /opt/airflow/dags/batch_pipeline_dag.py took 0.388 seconds
[2026-04-24T17:04:30.986+0000] {processor.py:161} INFO - Started process (PID=75) to work on /opt/airflow/dags/batch_pipeline_dag.py
[2026-04-24T17:04:30.987+0000] {processor.py:830} INFO - Processing file /opt/airflow/dags/batch_pipeline_dag.py for tasks to queue
[2026-04-24T17:04:30.994+0000] {logging_mixin.py:188} INFO - [2026-04-24T17:04:30.993+0000] {dagbag.py:538} INFO - Filling up the DagBag from /opt/airflow/dags/batch_pipeline_dag.py
[2026-04-24T17:04:31.016+0000] {processor.py:840} INFO - DAG(s) 'batch_pipeline' retrieved from /opt/airflow/dags/batch_pipeline_dag.py
[2026-04-24T17:04:31.071+0000] {logging_mixin.py:188} INFO - [2026-04-24T17:04:31.070+0000] {dag.py:3036} INFO - Sync 1 DAGs
[2026-04-24T17:04:31.169+0000] {processor.py:183} INFO - Processing /opt/airflow/dags/batch_pipeline_dag.py took 0.186 seconds
[2026-04-24T17:05:01.270+0000] {processor.py:161} INFO - Started process (PID=76) to work on /opt/airflow/dags/batch_pipeline_dag.py
[2026-04-24T17:05:01.272+0000] {processor.py:830} INFO - Processing file /opt/airflow/dags/batch_pipeline_dag.py for tasks to queue
[2026-04-24T17:05:01.281+0000] {logging_mixin.py:188} INFO - [2026-04-24T17:05:01.281+0000] {dagbag.py:538} INFO - Filling up the DagBag from /opt/airflow/dags/batch_pipeline_dag.py
[2026-04-24T17:05:01.314+0000] {processor.py:840} INFO - DAG(s) 'batch_pipeline' retrieved from /opt/airflow/dags/batch_pipeline_dag.py
[2026-04-24T17:05:01.416+0000] {logging_mixin.py:188} INFO - [2026-04-24T17:05:01.416+0000] {dag.py:3036} INFO - Sync 1 DAGs
[2026-04-24T17:05:01.599+0000] {processor.py:183} INFO - Processing /opt/airflow/dags/batch_pipeline_dag.py took 0.338 seconds
[2026-04-24T17:05:31.736+0000] {processor.py:161} INFO - Started process (PID=77) to work on /opt/airflow/dags/batch_pipeline_dag.py
[2026-04-24T17:05:31.741+0000] {processor.py:830} INFO - Processing file /opt/airflow/dags/batch_pipeline_dag.py for tasks to queue
[2026-04-24T17:05:31.743+0000] {logging_mixin.py:188} INFO - [2026-04-24T17:05:31.743+0000] {dagbag.py:538} INFO - Filling up the DagBag from /opt/airflow/dags/batch_pipeline_dag.py
[2026-04-24T17:05:31.772+0000] {processor.py:840} INFO - DAG(s) 'batch_pipeline' retrieved from /opt/airflow/dags/batch_pipeline_dag.py
[2026-04-24T17:05:31.829+0000] {logging_mixin.py:188} INFO - [2026-04-24T17:05:31.827+0000] {dag.py:3036} INFO - Sync 1 DAGs
[2026-04-24T17:05:31.950+0000] {processor.py:183} INFO - Processing /opt/airflow/dags/batch_pipeline_dag.py took 0.219 seconds
[2026-04-24T17:06:02.264+0000] {processor.py:161} INFO - Started process (PID=78) to work on /opt/airflow/dags/batch_pipeline_dag.py
[2026-04-24T17:06:02.284+0000] {processor.py:830} INFO - Processing file /opt/airflow/dags/batch_pipeline_dag.py for tasks to queue
[2026-04-24T17:06:02.311+0000] {logging_mixin.py:188} INFO - [2026-04-24T17:06:02.302+0000] {dagbag.py:538} INFO - Filling up the DagBag from /opt/airflow/dags/batch_pipeline_dag.py
[2026-04-24T17:06:02.410+0000] {processor.py:840} INFO - DAG(s) 'batch_pipeline' retrieved from /opt/airflow/dags/batch_pipeline_dag.py
[2026-04-24T17:06:02.514+0000] {logging_mixin.py:188} INFO - [2026-04-24T17:06:02.513+0000] {dag.py:3036} INFO - Sync 1 DAGs
[2026-04-24T17:06:02.631+0000] {processor.py:183} INFO - Processing /opt/airflow/dags/batch_pipeline_dag.py took 0.396 seconds
[2026-04-24T17:06:32.964+0000] {processor.py:161} INFO - Started process (PID=79) to work on /opt/airflow/dags/batch_pipeline_dag.py
[2026-04-24T17:06:32.966+0000] {processor.py:830} INFO - Processing file /opt/airflow/dags/batch_pipeline_dag.py for tasks to queue
[2026-04-24T17:06:32.968+0000] {logging_mixin.py:188} INFO - [2026-04-24T17:06:32.968+0000] {dagbag.py:538} INFO - Filling up the DagBag from /opt/airflow/dags/batch_pipeline_dag.py
[2026-04-24T17:06:32.992+0000] {processor.py:840} INFO - DAG(s) 'batch_pipeline' retrieved from /opt/airflow/dags/batch_pipeline_dag.py
[2026-04-24T17:06:33.059+0000] {logging_mixin.py:188} INFO - [2026-04-24T17:06:33.055+0000] {dag.py:3036} INFO - Sync 1 DAGs
[2026-04-24T17:06:33.172+0000] {processor.py:183} INFO - Processing /opt/airflow/dags/batch_pipeline_dag.py took 0.211 seconds
[2026-04-24T17:07:03.285+0000] {processor.py:161} INFO - Started process (PID=80) to work on /opt/airflow/dags/batch_pipeline_dag.py
[2026-04-24T17:07:03.287+0000] {processor.py:830} INFO - Processing file /opt/airflow/dags/batch_pipeline_dag.py for tasks to queue
[2026-04-24T17:07:03.291+0000] {logging_mixin.py:188} INFO - [2026-04-24T17:07:03.290+0000] {dagbag.py:538} INFO - Filling up the DagBag from /opt/airflow/dags/batch_pipeline_dag.py
[2026-04-24T17:07:03.336+0000] {processor.py:840} INFO - DAG(s) 'batch_pipeline' retrieved from /opt/airflow/dags/batch_pipeline_dag.py
[2026-04-24T17:07:03.429+0000] {logging_mixin.py:188} INFO - [2026-04-24T17:07:03.428+0000] {dag.py:3036} INFO - Sync 1 DAGs
[2026-04-24T17:07:03.552+0000] {processor.py:183} INFO - Processing /opt/airflow/dags/batch_pipeline_dag.py took 0.274 seconds
[2026-04-24T17:07:33.758+0000] {processor.py:161} INFO - Started process (PID=81) to work on /opt/airflow/dags/batch_pipeline_dag.py
[2026-04-24T17:07:33.761+0000] {processor.py:830} INFO - Processing file /opt/airflow/dags/batch_pipeline_dag.py for tasks to queue
[2026-04-24T17:07:33.765+0000] {logging_mixin.py:188} INFO - [2026-04-24T17:07:33.764+0000] {dagbag.py:538} INFO - Filling up the DagBag from /opt/airflow/dags/batch_pipeline_dag.py
[2026-04-24T17:07:33.786+0000] {processor.py:840} INFO - DAG(s) 'batch_pipeline' retrieved from /opt/airflow/dags/batch_pipeline_dag.py
[2026-04-24T17:07:33.828+0000] {logging_mixin.py:188} INFO - [2026-04-24T17:07:33.828+0000] {dag.py:3036} INFO - Sync 1 DAGs
[2026-04-24T17:07:33.906+0000] {processor.py:183} INFO - Processing /opt/airflow/dags/batch_pipeline_dag.py took 0.153 seconds
[2026-04-24T17:08:03.988+0000] {processor.py:161} INFO - Started process (PID=82) to work on /opt/airflow/dags/batch_pipeline_dag.py
[2026-04-24T17:08:03.989+0000] {processor.py:830} INFO - Processing file /opt/airflow/dags/batch_pipeline_dag.py for tasks to queue
[2026-04-24T17:08:03.992+0000] {logging_mixin.py:188} INFO - [2026-04-24T17:08:03.991+0000] {dagbag.py:538} INFO - Filling up the DagBag from /opt/airflow/dags/batch_pipeline_dag.py
[2026-04-24T17:08:04.024+0000] {processor.py:840} INFO - DAG(s) 'batch_pipeline' retrieved from /opt/airflow/dags/batch_pipeline_dag.py
[2026-04-24T17:08:04.112+0000] {logging_mixin.py:188} INFO - [2026-04-24T17:08:04.112+0000] {dag.py:3036} INFO - Sync 1 DAGs
[2026-04-24T17:08:04.243+0000] {processor.py:183} INFO - Processing /opt/airflow/dags/batch_pipeline_dag.py took 0.261 seconds
[2026-04-24T17:08:34.446+0000] {processor.py:161} INFO - Started process (PID=83) to work on /opt/airflow/dags/batch_pipeline_dag.py
[2026-04-24T17:08:34.447+0000] {processor.py:830} INFO - Processing file /opt/airflow/dags/batch_pipeline_dag.py for tasks to queue
[2026-04-24T17:08:34.450+0000] {logging_mixin.py:188} INFO - [2026-04-24T17:08:34.450+0000] {dagbag.py:538} INFO - Filling up the DagBag from /opt/airflow/dags/batch_pipeline_dag.py
[2026-04-24T17:08:34.497+0000] {processor.py:840} INFO - DAG(s) 'batch_pipeline' retrieved from /opt/airflow/dags/batch_pipeline_dag.py
[2026-04-24T17:08:34.568+0000] {logging_mixin.py:188} INFO - [2026-04-24T17:08:34.568+0000] {dag.py:3036} INFO - Sync 1 DAGs
[2026-04-24T17:08:34.666+0000] {processor.py:183} INFO - Processing /opt/airflow/dags/batch_pipeline_dag.py took 0.224 seconds
[2026-04-24T17:09:04.852+0000] {processor.py:161} INFO - Started process (PID=84) to work on /opt/airflow/dags/batch_pipeline_dag.py
[2026-04-24T17:09:04.860+0000] {processor.py:830} INFO - Processing file /opt/airflow/dags/batch_pipeline_dag.py for tasks to queue
[2026-04-24T17:09:04.862+0000] {logging_mixin.py:188} INFO - [2026-04-24T17:09:04.862+0000] {dagbag.py:538} INFO - Filling up the DagBag from /opt/airflow/dags/batch_pipeline_dag.py
[2026-04-24T17:09:04.903+0000] {processor.py:840} INFO - DAG(s) 'batch_pipeline' retrieved from /opt/airflow/dags/batch_pipeline_dag.py
[2026-04-24T17:09:04.959+0000] {logging_mixin.py:188} INFO - [2026-04-24T17:09:04.959+0000] {dag.py:3036} INFO - Sync 1 DAGs
[2026-04-24T17:09:05.058+0000] {processor.py:183} INFO - Processing /opt/airflow/dags/batch_pipeline_dag.py took 0.215 seconds
[2026-04-24T17:09:35.263+0000] {processor.py:161} INFO - Started process (PID=85) to work on /opt/airflow/dags/batch_pipeline_dag.py
[2026-04-24T17:09:35.269+0000] {processor.py:830} INFO - Processing file /opt/airflow/dags/batch_pipeline_dag.py for tasks to queue
[2026-04-24T17:09:35.279+0000] {logging_mixin.py:188} INFO - [2026-04-24T17:09:35.276+0000] {dagbag.py:538} INFO - Filling up the DagBag from /opt/airflow/dags/batch_pipeline_dag.py
[2026-04-24T17:09:35.320+0000] {processor.py:840} INFO - DAG(s) 'batch_pipeline' retrieved from /opt/airflow/dags/batch_pipeline_dag.py
[2026-04-24T17:09:35.399+0000] {logging_mixin.py:188} INFO - [2026-04-24T17:09:35.399+0000] {dag.py:3036} INFO - Sync 1 DAGs
[2026-04-24T17:09:35.542+0000] {processor.py:183} INFO - Processing /opt/airflow/dags/batch_pipeline_dag.py took 0.289 seconds
[2026-04-24T17:10:05.674+0000] {processor.py:161} INFO - Started process (PID=86) to work on /opt/airflow/dags/batch_pipeline_dag.py
[2026-04-24T17:10:05.675+0000] {processor.py:830} INFO - Processing file /opt/airflow/dags/batch_pipeline_dag.py for tasks to queue
[2026-04-24T17:10:05.677+0000] {logging_mixin.py:188} INFO - [2026-04-24T17:10:05.677+0000] {dagbag.py:538} INFO - Filling up the DagBag from /opt/airflow/dags/batch_pipeline_dag.py
[2026-04-24T17:10:05.705+0000] {processor.py:840} INFO - DAG(s) 'batch_pipeline' retrieved from /opt/airflow/dags/batch_pipeline_dag.py
[2026-04-24T17:10:05.761+0000] {logging_mixin.py:188} INFO - [2026-04-24T17:10:05.761+0000] {dag.py:3036} INFO - Sync 1 DAGs
[2026-04-24T17:10:05.860+0000] {processor.py:183} INFO - Processing /opt/airflow/dags/batch_pipeline_dag.py took 0.194 seconds
[2026-04-24T17:10:36.139+0000] {processor.py:161} INFO - Started process (PID=87) to work on /opt/airflow/dags/batch_pipeline_dag.py
[2026-04-24T17:10:36.140+0000] {processor.py:830} INFO - Processing file /opt/airflow/dags/batch_pipeline_dag.py for tasks to queue
[2026-04-24T17:10:36.147+0000] {logging_mixin.py:188} INFO - [2026-04-24T17:10:36.144+0000] {dagbag.py:538} INFO - Filling up the DagBag from /opt/airflow/dags/batch_pipeline_dag.py
[2026-04-24T17:10:36.171+0000] {processor.py:840} INFO - DAG(s) 'batch_pipeline' retrieved from /opt/airflow/dags/batch_pipeline_dag.py
[2026-04-24T17:10:36.235+0000] {logging_mixin.py:188} INFO - [2026-04-24T17:10:36.234+0000] {dag.py:3036} INFO - Sync 1 DAGs
[2026-04-24T17:10:36.317+0000] {processor.py:183} INFO - Processing /opt/airflow/dags/batch_pipeline_dag.py took 0.184 seconds
[2026-04-24T17:11:06.540+0000] {processor.py:161} INFO - Started process (PID=88) to work on /opt/airflow/dags/batch_pipeline_dag.py
[2026-04-24T17:11:06.541+0000] {processor.py:830} INFO - Processing file /opt/airflow/dags/batch_pipeline_dag.py for tasks to queue
[2026-04-24T17:11:06.544+0000] {logging_mixin.py:188} INFO - [2026-04-24T17:11:06.543+0000] {dagbag.py:538} INFO - Filling up the DagBag from /opt/airflow/dags/batch_pipeline_dag.py
[2026-04-24T17:11:06.588+0000] {processor.py:840} INFO - DAG(s) 'batch_pipeline' retrieved from /opt/airflow/dags/batch_pipeline_dag.py
[2026-04-24T17:11:06.669+0000] {logging_mixin.py:188} INFO - [2026-04-24T17:11:06.669+0000] {dag.py:3036} INFO - Sync 1 DAGs
[2026-04-24T17:11:06.805+0000] {processor.py:183} INFO - Processing /opt/airflow/dags/batch_pipeline_dag.py took 0.273 seconds
[2026-04-24T17:11:36.872+0000] {processor.py:161} INFO - Started process (PID=89) to work on /opt/airflow/dags/batch_pipeline_dag.py
[2026-04-24T17:11:36.875+0000] {processor.py:830} INFO - Processing file /opt/airflow/dags/batch_pipeline_dag.py for tasks to queue
[2026-04-24T17:11:36.880+0000] {logging_mixin.py:188} INFO - [2026-04-24T17:11:36.879+0000] {dagbag.py:538} INFO - Filling up the DagBag from /opt/airflow/dags/batch_pipeline_dag.py
[2026-04-24T17:11:36.917+0000] {processor.py:840} INFO - DAG(s) 'batch_pipeline' retrieved from /opt/airflow/dags/batch_pipeline_dag.py
[2026-04-24T17:11:36.969+0000] {logging_mixin.py:188} INFO - [2026-04-24T17:11:36.969+0000] {dag.py:3036} INFO - Sync 1 DAGs
[2026-04-24T17:11:37.086+0000] {processor.py:183} INFO - Processing /opt/airflow/dags/batch_pipeline_dag.py took 0.218 seconds
[2026-04-24T17:12:07.199+0000] {processor.py:161} INFO - Started process (PID=90) to work on /opt/airflow/dags/batch_pipeline_dag.py
[2026-04-24T17:12:07.200+0000] {processor.py:830} INFO - Processing file /opt/airflow/dags/batch_pipeline_dag.py for tasks to queue
[2026-04-24T17:12:07.203+0000] {logging_mixin.py:188} INFO - [2026-04-24T17:12:07.203+0000] {dagbag.py:538} INFO - Filling up the DagBag from /opt/airflow/dags/batch_pipeline_dag.py
[2026-04-24T17:12:07.219+0000] {processor.py:840} INFO - DAG(s) 'batch_pipeline' retrieved from /opt/airflow/dags/batch_pipeline_dag.py
[2026-04-24T17:12:07.293+0000] {logging_mixin.py:188} INFO - [2026-04-24T17:12:07.292+0000] {dag.py:3036} INFO - Sync 1 DAGs
[2026-04-24T17:12:07.423+0000] {processor.py:183} INFO - Processing /opt/airflow/dags/batch_pipeline_dag.py took 0.228 seconds
[2026-04-24T17:12:37.791+0000] {processor.py:161} INFO - Started process (PID=91) to work on /opt/airflow/dags/batch_pipeline_dag.py
[2026-04-24T17:12:37.794+0000] {processor.py:830} INFO - Processing file /opt/airflow/dags/batch_pipeline_dag.py for tasks to queue
[2026-04-24T17:12:37.796+0000] {logging_mixin.py:188} INFO - [2026-04-24T17:12:37.796+0000] {dagbag.py:538} INFO - Filling up the DagBag from /opt/airflow/dags/batch_pipeline_dag.py
[2026-04-24T17:12:37.822+0000] {processor.py:840} INFO - DAG(s) 'batch_pipeline' retrieved from /opt/airflow/dags/batch_pipeline_dag.py
[2026-04-24T17:12:37.890+0000] {logging_mixin.py:188} INFO - [2026-04-24T17:12:37.889+0000] {dag.py:3036} INFO - Sync 1 DAGs
[2026-04-24T17:12:38.053+0000] {processor.py:183} INFO - Processing /opt/airflow/dags/batch_pipeline_dag.py took 0.267 seconds
[2026-04-24T17:13:08.152+0000] {processor.py:161} INFO - Started process (PID=92) to work on /opt/airflow/dags/batch_pipeline_dag.py
[2026-04-24T17:13:08.153+0000] {processor.py:830} INFO - Processing file /opt/airflow/dags/batch_pipeline_dag.py for tasks to queue
[2026-04-24T17:13:08.156+0000] {logging_mixin.py:188} INFO - [2026-04-24T17:13:08.155+0000] {dagbag.py:538} INFO - Filling up the DagBag from /opt/airflow/dags/batch_pipeline_dag.py
[2026-04-24T17:13:08.176+0000] {processor.py:840} INFO - DAG(s) 'batch_pipeline' retrieved from /opt/airflow/dags/batch_pipeline_dag.py
[2026-04-24T17:13:08.226+0000] {logging_mixin.py:188} INFO - [2026-04-24T17:13:08.226+0000] {dag.py:3036} INFO - Sync 1 DAGs
[2026-04-24T17:13:08.302+0000] {processor.py:183} INFO - Processing /opt/airflow/dags/batch_pipeline_dag.py took 0.154 seconds
[2026-04-24T17:13:38.446+0000] {processor.py:161} INFO - Started process (PID=93) to work on /opt/airflow/dags/batch_pipeline_dag.py
[2026-04-24T17:13:38.447+0000] {processor.py:830} INFO - Processing file /opt/airflow/dags/batch_pipeline_dag.py for tasks to queue
[2026-04-24T17:13:38.460+0000] {logging_mixin.py:188} INFO - [2026-04-24T17:13:38.457+0000] {dagbag.py:538} INFO - Filling up the DagBag from /opt/airflow/dags/batch_pipeline_dag.py
[2026-04-24T17:13:38.496+0000] {processor.py:840} INFO - DAG(s) 'batch_pipeline' retrieved from /opt/airflow/dags/batch_pipeline_dag.py
[2026-04-24T17:13:38.554+0000] {logging_mixin.py:188} INFO - [2026-04-24T17:13:38.553+0000] {dag.py:3036} INFO - Sync 1 DAGs
[2026-04-24T17:13:38.661+0000] {processor.py:183} INFO - Processing /opt/airflow/dags/batch_pipeline_dag.py took 0.225 seconds
[2026-04-24T17:14:08.840+0000] {processor.py:161} INFO - Started process (PID=94) to work on /opt/airflow/dags/batch_pipeline_dag.py
[2026-04-24T17:14:08.844+0000] {processor.py:830} INFO - Processing file /opt/airflow/dags/batch_pipeline_dag.py for tasks to queue
[2026-04-24T17:14:08.858+0000] {logging_mixin.py:188} INFO - [2026-04-24T17:14:08.857+0000] {dagbag.py:538} INFO - Filling up the DagBag from /opt/airflow/dags/batch_pipeline_dag.py
[2026-04-24T17:14:08.905+0000] {processor.py:840} INFO - DAG(s) 'batch_pipeline' retrieved from /opt/airflow/dags/batch_pipeline_dag.py
[2026-04-24T17:14:08.992+0000] {logging_mixin.py:188} INFO - [2026-04-24T17:14:08.992+0000] {dag.py:3036} INFO - Sync 1 DAGs
[2026-04-24T17:14:09.127+0000] {processor.py:183} INFO - Processing /opt/airflow/dags/batch_pipeline_dag.py took 0.302 seconds
[2026-04-24T17:14:39.263+0000] {processor.py:161} INFO - Started process (PID=95) to work on /opt/airflow/dags/batch_pipeline_dag.py
[2026-04-24T17:14:39.266+0000] {processor.py:830} INFO - Processing file /opt/airflow/dags/batch_pipeline_dag.py for tasks to queue
[2026-04-24T17:14:39.268+0000] {logging_mixin.py:188} INFO - [2026-04-24T17:14:39.268+0000] {dagbag.py:538} INFO - Filling up the DagBag from /opt/airflow/dags/batch_pipeline_dag.py
[2026-04-24T17:14:39.295+0000] {processor.py:840} INFO - DAG(s) 'batch_pipeline' retrieved from /opt/airflow/dags/batch_pipeline_dag.py
[2026-04-24T17:14:39.356+0000] {logging_mixin.py:188} INFO - [2026-04-24T17:14:39.355+0000] {dag.py:3036} INFO - Sync 1 DAGs
[2026-04-24T17:14:39.469+0000] {processor.py:183} INFO - Processing /opt/airflow/dags/batch_pipeline_dag.py took 0.211 seconds
[2026-04-24T17:15:09.719+0000] {processor.py:161} INFO - Started process (PID=96) to work on /opt/airflow/dags/batch_pipeline_dag.py
[2026-04-24T17:15:09.721+0000] {processor.py:830} INFO - Processing file /opt/airflow/dags/batch_pipeline_dag.py for tasks to queue
[2026-04-24T17:15:09.725+0000] {logging_mixin.py:188} INFO - [2026-04-24T17:15:09.725+0000] {dagbag.py:538} INFO - Filling up the DagBag from /opt/airflow/dags/batch_pipeline_dag.py
[2026-04-24T17:15:09.750+0000] {processor.py:840} INFO - DAG(s) 'batch_pipeline' retrieved from /opt/airflow/dags/batch_pipeline_dag.py
[2026-04-24T17:15:09.799+0000] {logging_mixin.py:188} INFO - [2026-04-24T17:15:09.798+0000] {dag.py:3036} INFO - Sync 1 DAGs
[2026-04-24T17:15:09.892+0000] {processor.py:183} INFO - Processing /opt/airflow/dags/batch_pipeline_dag.py took 0.177 seconds
[2026-04-24T17:15:40.134+0000] {processor.py:161} INFO - Started process (PID=97) to work on /opt/airflow/dags/batch_pipeline_dag.py
[2026-04-24T17:15:40.140+0000] {processor.py:830} INFO - Processing file /opt/airflow/dags/batch_pipeline_dag.py for tasks to queue
[2026-04-24T17:15:40.146+0000] {logging_mixin.py:188} INFO - [2026-04-24T17:15:40.144+0000] {dagbag.py:538} INFO - Filling up the DagBag from /opt/airflow/dags/batch_pipeline_dag.py
[2026-04-24T17:15:40.170+0000] {processor.py:840} INFO - DAG(s) 'batch_pipeline' retrieved from /opt/airflow/dags/batch_pipeline_dag.py
[2026-04-24T17:15:40.231+0000] {logging_mixin.py:188} INFO - [2026-04-24T17:15:40.230+0000] {dag.py:3036} INFO - Sync 1 DAGs
[2026-04-24T17:15:40.330+0000] {processor.py:183} INFO - Processing /opt/airflow/dags/batch_pipeline_dag.py took 0.201 seconds
[2026-04-24T17:16:10.473+0000] {processor.py:161} INFO - Started process (PID=98) to work on /opt/airflow/dags/batch_pipeline_dag.py
[2026-04-24T17:16:10.475+0000] {processor.py:830} INFO - Processing file /opt/airflow/dags/batch_pipeline_dag.py for tasks to queue
[2026-04-24T17:16:10.477+0000] {logging_mixin.py:188} INFO - [2026-04-24T17:16:10.476+0000] {dagbag.py:538} INFO - Filling up the DagBag from /opt/airflow/dags/batch_pipeline_dag.py
[2026-04-24T17:16:10.499+0000] {processor.py:840} INFO - DAG(s) 'batch_pipeline' retrieved from /opt/airflow/dags/batch_pipeline_dag.py
[2026-04-24T17:16:10.545+0000] {logging_mixin.py:188} INFO - [2026-04-24T17:16:10.545+0000] {dag.py:3036} INFO - Sync 1 DAGs
[2026-04-24T17:16:10.641+0000] {processor.py:183} INFO - Processing /opt/airflow/dags/batch_pipeline_dag.py took 0.173 seconds
[2026-04-24T17:16:40.896+0000] {processor.py:161} INFO - Started process (PID=99) to work on /opt/airflow/dags/batch_pipeline_dag.py
[2026-04-24T17:16:40.900+0000] {processor.py:830} INFO - Processing file /opt/airflow/dags/batch_pipeline_dag.py for tasks to queue
[2026-04-24T17:16:40.902+0000] {logging_mixin.py:188} INFO - [2026-04-24T17:16:40.902+0000] {dagbag.py:538} INFO - Filling up the DagBag from /opt/airflow/dags/batch_pipeline_dag.py
[2026-04-24T17:16:40.952+0000] {processor.py:840} INFO - DAG(s) 'batch_pipeline' retrieved from /opt/airflow/dags/batch_pipeline_dag.py
[2026-04-24T17:16:41.047+0000] {logging_mixin.py:188} INFO - [2026-04-24T17:16:41.047+0000] {dag.py:3036} INFO - Sync 1 DAGs
[2026-04-24T17:16:41.199+0000] {processor.py:183} INFO - Processing /opt/airflow/dags/batch_pipeline_dag.py took 0.311 seconds
[2026-04-24T17:17:11.327+0000] {processor.py:161} INFO - Started process (PID=100) to work on /opt/airflow/dags/batch_pipeline_dag.py
[2026-04-24T17:17:11.331+0000] {processor.py:830} INFO - Processing file /opt/airflow/dags/batch_pipeline_dag.py for tasks to queue
[2026-04-24T17:17:11.338+0000] {logging_mixin.py:188} INFO - [2026-04-24T17:17:11.336+0000] {dagbag.py:538} INFO - Filling up the DagBag from /opt/airflow/dags/batch_pipeline_dag.py
[2026-04-24T17:17:11.385+0000] {processor.py:840} INFO - DAG(s) 'batch_pipeline' retrieved from /opt/airflow/dags/batch_pipeline_dag.py
[2026-04-24T17:17:11.615+0000] {logging_mixin.py:188} INFO - [2026-04-24T17:17:11.614+0000] {dag.py:3036} INFO - Sync 1 DAGs
[2026-04-24T17:17:11.827+0000] {processor.py:183} INFO - Processing /opt/airflow/dags/batch_pipeline_dag.py took 0.513 seconds
[2026-04-24T17:17:42.020+0000] {processor.py:161} INFO - Started process (PID=101) to work on /opt/airflow/dags/batch_pipeline_dag.py
[2026-04-24T17:17:42.026+0000] {processor.py:830} INFO - Processing file /opt/airflow/dags/batch_pipeline_dag.py for tasks to queue
[2026-04-24T17:17:42.038+0000] {logging_mixin.py:188} INFO - [2026-04-24T17:17:42.035+0000] {dagbag.py:538} INFO - Filling up the DagBag from /opt/airflow/dags/batch_pipeline_dag.py
[2026-04-24T17:17:42.138+0000] {processor.py:840} INFO - DAG(s) 'batch_pipeline' retrieved from /opt/airflow/dags/batch_pipeline_dag.py
[2026-04-24T17:17:42.289+0000] {logging_mixin.py:188} INFO - [2026-04-24T17:17:42.287+0000] {dag.py:3036} INFO - Sync 1 DAGs
[2026-04-24T17:17:42.501+0000] {processor.py:183} INFO - Processing /opt/airflow/dags/batch_pipeline_dag.py took 0.490 seconds
[2026-04-24T17:18:12.781+0000] {processor.py:161} INFO - Started process (PID=102) to work on /opt/airflow/dags/batch_pipeline_dag.py
[2026-04-24T17:18:12.783+0000] {processor.py:830} INFO - Processing file /opt/airflow/dags/batch_pipeline_dag.py for tasks to queue
[2026-04-24T17:18:12.792+0000] {logging_mixin.py:188} INFO - [2026-04-24T17:18:12.791+0000] {dagbag.py:538} INFO - Filling up the DagBag from /opt/airflow/dags/batch_pipeline_dag.py
[2026-04-24T17:18:12.847+0000] {processor.py:840} INFO - DAG(s) 'batch_pipeline' retrieved from /opt/airflow/dags/batch_pipeline_dag.py
[2026-04-24T17:18:12.911+0000] {logging_mixin.py:188} INFO - [2026-04-24T17:18:12.911+0000] {dag.py:3036} INFO - Sync 1 DAGs
[2026-04-24T17:18:13.049+0000] {processor.py:183} INFO - Processing /opt/airflow/dags/batch_pipeline_dag.py took 0.277 seconds
[2026-04-24T17:18:43.472+0000] {processor.py:161} INFO - Started process (PID=103) to work on /opt/airflow/dags/batch_pipeline_dag.py
[2026-04-24T17:18:43.474+0000] {processor.py:830} INFO - Processing file /opt/airflow/dags/batch_pipeline_dag.py for tasks to queue
[2026-04-24T17:18:43.479+0000] {logging_mixin.py:188} INFO - [2026-04-24T17:18:43.479+0000] {dagbag.py:538} INFO - Filling up the DagBag from /opt/airflow/dags/batch_pipeline_dag.py
[2026-04-24T17:18:43.569+0000] {processor.py:840} INFO - DAG(s) 'batch_pipeline' retrieved from /opt/airflow/dags/batch_pipeline_dag.py
[2026-04-24T17:18:43.899+0000] {logging_mixin.py:188} INFO - [2026-04-24T17:18:43.899+0000] {dag.py:3036} INFO - Sync 1 DAGs
[2026-04-24T17:18:44.091+0000] {processor.py:183} INFO - Processing /opt/airflow/dags/batch_pipeline_dag.py took 0.629 seconds
[2026-04-24T17:19:14.153+0000] {processor.py:161} INFO - Started process (PID=104) to work on /opt/airflow/dags/batch_pipeline_dag.py
[2026-04-24T17:19:14.155+0000] {processor.py:830} INFO - Processing file /opt/airflow/dags/batch_pipeline_dag.py for tasks to queue
[2026-04-24T17:19:14.160+0000] {logging_mixin.py:188} INFO - [2026-04-24T17:19:14.159+0000] {dagbag.py:538} INFO - Filling up the DagBag from /opt/airflow/dags/batch_pipeline_dag.py
[2026-04-24T17:19:14.201+0000] {processor.py:840} INFO - DAG(s) 'batch_pipeline' retrieved from /opt/airflow/dags/batch_pipeline_dag.py
[2026-04-24T17:19:14.295+0000] {logging_mixin.py:188} INFO - [2026-04-24T17:19:14.295+0000] {dag.py:3036} INFO - Sync 1 DAGs
[2026-04-24T17:19:14.437+0000] {processor.py:183} INFO - Processing /opt/airflow/dags/batch_pipeline_dag.py took 0.292 seconds
[2026-04-24T17:19:44.604+0000] {processor.py:161} INFO - Started process (PID=105) to work on /opt/airflow/dags/batch_pipeline_dag.py
[2026-04-24T17:19:44.607+0000] {processor.py:830} INFO - Processing file /opt/airflow/dags/batch_pipeline_dag.py for tasks to queue
[2026-04-24T17:19:44.610+0000] {logging_mixin.py:188} INFO - [2026-04-24T17:19:44.609+0000] {dagbag.py:538} INFO - Filling up the DagBag from /opt/airflow/dags/batch_pipeline_dag.py
[2026-04-24T17:19:44.631+0000] {processor.py:840} INFO - DAG(s) 'batch_pipeline' retrieved from /opt/airflow/dags/batch_pipeline_dag.py
[2026-04-24T17:19:44.695+0000] {logging_mixin.py:188} INFO - [2026-04-24T17:19:44.695+0000] {dag.py:3036} INFO - Sync 1 DAGs
[2026-04-24T17:19:44.821+0000] {processor.py:183} INFO - Processing /opt/airflow/dags/batch_pipeline_dag.py took 0.221 seconds
[2026-04-24T17:20:14.872+0000] {processor.py:161} INFO - Started process (PID=106) to work on /opt/airflow/dags/batch_pipeline_dag.py
[2026-04-24T17:20:14.875+0000] {processor.py:830} INFO - Processing file /opt/airflow/dags/batch_pipeline_dag.py for tasks to queue
[2026-04-24T17:20:14.880+0000] {logging_mixin.py:188} INFO - [2026-04-24T17:20:14.879+0000] {dagbag.py:538} INFO - Filling up the DagBag from /opt/airflow/dags/batch_pipeline_dag.py
[2026-04-24T17:20:14.909+0000] {processor.py:840} INFO - DAG(s) 'batch_pipeline' retrieved from /opt/airflow/dags/batch_pipeline_dag.py
[2026-04-24T17:20:14.960+0000] {logging_mixin.py:188} INFO - [2026-04-24T17:20:14.960+0000] {dag.py:3036} INFO - Sync 1 DAGs
[2026-04-24T17:20:15.052+0000] {processor.py:183} INFO - Processing /opt/airflow/dags/batch_pipeline_dag.py took 0.185 seconds
[2026-04-24T17:20:45.242+0000] {processor.py:161} INFO - Started process (PID=107) to work on /opt/airflow/dags/batch_pipeline_dag.py
[2026-04-24T17:20:45.243+0000] {processor.py:830} INFO - Processing file /opt/airflow/dags/batch_pipeline_dag.py for tasks to queue
[2026-04-24T17:20:45.246+0000] {logging_mixin.py:188} INFO - [2026-04-24T17:20:45.246+0000] {dagbag.py:538} INFO - Filling up the DagBag from /opt/airflow/dags/batch_pipeline_dag.py
[2026-04-24T17:20:45.267+0000] {processor.py:840} INFO - DAG(s) 'batch_pipeline' retrieved from /opt/airflow/dags/batch_pipeline_dag.py
[2026-04-24T17:20:45.304+0000] {logging_mixin.py:188} INFO - [2026-04-24T17:20:45.303+0000] {dag.py:3036} INFO - Sync 1 DAGs
[2026-04-24T17:20:45.367+0000] {processor.py:183} INFO - Processing /opt/airflow/dags/batch_pipeline_dag.py took 0.130 seconds
[2026-04-24T17:21:15.462+0000] {processor.py:161} INFO - Started process (PID=108) to work on /opt/airflow/dags/batch_pipeline_dag.py
[2026-04-24T17:21:15.463+0000] {processor.py:830} INFO - Processing file /opt/airflow/dags/batch_pipeline_dag.py for tasks to queue
[2026-04-24T17:21:15.465+0000] {logging_mixin.py:188} INFO - [2026-04-24T17:21:15.464+0000] {dagbag.py:538} INFO - Filling up the DagBag from /opt/airflow/dags/batch_pipeline_dag.py
[2026-04-24T17:21:15.483+0000] {processor.py:840} INFO - DAG(s) 'batch_pipeline' retrieved from /opt/airflow/dags/batch_pipeline_dag.py
[2026-04-24T17:21:15.518+0000] {logging_mixin.py:188} INFO - [2026-04-24T17:21:15.517+0000] {dag.py:3036} INFO - Sync 1 DAGs
[2026-04-24T17:21:15.582+0000] {processor.py:183} INFO - Processing /opt/airflow/dags/batch_pipeline_dag.py took 0.125 seconds
[2026-04-24T17:21:45.780+0000] {processor.py:161} INFO - Started process (PID=109) to work on /opt/airflow/dags/batch_pipeline_dag.py
[2026-04-24T17:21:45.783+0000] {processor.py:830} INFO - Processing file /opt/airflow/dags/batch_pipeline_dag.py for tasks to queue
[2026-04-24T17:21:45.787+0000] {logging_mixin.py:188} INFO - [2026-04-24T17:21:45.786+0000] {dagbag.py:538} INFO - Filling up the DagBag from /opt/airflow/dags/batch_pipeline_dag.py
[2026-04-24T17:21:45.804+0000] {processor.py:840} INFO - DAG(s) 'batch_pipeline' retrieved from /opt/airflow/dags/batch_pipeline_dag.py
[2026-04-24T17:21:45.846+0000] {logging_mixin.py:188} INFO - [2026-04-24T17:21:45.845+0000] {dag.py:3036} INFO - Sync 1 DAGs
[2026-04-24T17:21:45.913+0000] {processor.py:183} INFO - Processing /opt/airflow/dags/batch_pipeline_dag.py took 0.137 seconds
[2026-04-24T17:22:15.987+0000] {processor.py:161} INFO - Started process (PID=110) to work on /opt/airflow/dags/batch_pipeline_dag.py
[2026-04-24T17:22:15.988+0000] {processor.py:830} INFO - Processing file /opt/airflow/dags/batch_pipeline_dag.py for tasks to queue
[2026-04-24T17:22:15.991+0000] {logging_mixin.py:188} INFO - [2026-04-24T17:22:15.991+0000] {dagbag.py:538} INFO - Filling up the DagBag from /opt/airflow/dags/batch_pipeline_dag.py
[2026-04-24T17:22:16.009+0000] {processor.py:840} INFO - DAG(s) 'batch_pipeline' retrieved from /opt/airflow/dags/batch_pipeline_dag.py
[2026-04-24T17:22:16.044+0000] {logging_mixin.py:188} INFO - [2026-04-24T17:22:16.044+0000] {dag.py:3036} INFO - Sync 1 DAGs
[2026-04-24T17:22:16.110+0000] {processor.py:183} INFO - Processing /opt/airflow/dags/batch_pipeline_dag.py took 0.129 seconds
[2026-04-24T17:22:46.295+0000] {processor.py:161} INFO - Started process (PID=111) to work on /opt/airflow/dags/batch_pipeline_dag.py
[2026-04-24T17:22:46.296+0000] {processor.py:830} INFO - Processing file /opt/airflow/dags/batch_pipeline_dag.py for tasks to queue
[2026-04-24T17:22:46.300+0000] {logging_mixin.py:188} INFO - [2026-04-24T17:22:46.299+0000] {dagbag.py:538} INFO - Filling up the DagBag from /opt/airflow/dags/batch_pipeline_dag.py
[2026-04-24T17:22:46.320+0000] {processor.py:840} INFO - DAG(s) 'batch_pipeline' retrieved from /opt/airflow/dags/batch_pipeline_dag.py
[2026-04-24T17:22:46.360+0000] {logging_mixin.py:188} INFO - [2026-04-24T17:22:46.359+0000] {dag.py:3036} INFO - Sync 1 DAGs
[2026-04-24T17:22:46.427+0000] {processor.py:183} INFO - Processing /opt/airflow/dags/batch_pipeline_dag.py took 0.137 seconds
[2026-04-24T17:23:16.540+0000] {processor.py:161} INFO - Started process (PID=112) to work on /opt/airflow/dags/batch_pipeline_dag.py
[2026-04-24T17:23:16.541+0000] {processor.py:830} INFO - Processing file /opt/airflow/dags/batch_pipeline_dag.py for tasks to queue
[2026-04-24T17:23:16.546+0000] {logging_mixin.py:188} INFO - [2026-04-24T17:23:16.544+0000] {dagbag.py:538} INFO - Filling up the DagBag from /opt/airflow/dags/batch_pipeline_dag.py
[2026-04-24T17:23:16.569+0000] {processor.py:840} INFO - DAG(s) 'batch_pipeline' retrieved from /opt/airflow/dags/batch_pipeline_dag.py
[2026-04-24T17:23:16.610+0000] {logging_mixin.py:188} INFO - [2026-04-24T17:23:16.610+0000] {dag.py:3036} INFO - Sync 1 DAGs
[2026-04-24T17:23:16.688+0000] {processor.py:183} INFO - Processing /opt/airflow/dags/batch_pipeline_dag.py took 0.151 seconds
[2026-04-24T17:23:46.836+0000] {processor.py:161} INFO - Started process (PID=113) to work on /opt/airflow/dags/batch_pipeline_dag.py
[2026-04-24T17:23:46.839+0000] {processor.py:830} INFO - Processing file /opt/airflow/dags/batch_pipeline_dag.py for tasks to queue
[2026-04-24T17:23:46.842+0000] {logging_mixin.py:188} INFO - [2026-04-24T17:23:46.841+0000] {dagbag.py:538} INFO - Filling up the DagBag from /opt/airflow/dags/batch_pipeline_dag.py
[2026-04-24T17:23:46.872+0000] {processor.py:840} INFO - DAG(s) 'batch_pipeline' retrieved from /opt/airflow/dags/batch_pipeline_dag.py
[2026-04-24T17:23:46.927+0000] {logging_mixin.py:188} INFO - [2026-04-24T17:23:46.927+0000] {dag.py:3036} INFO - Sync 1 DAGs
[2026-04-24T17:23:47.038+0000] {processor.py:183} INFO - Processing /opt/airflow/dags/batch_pipeline_dag.py took 0.211 seconds
[2026-04-24T17:24:17.250+0000] {processor.py:161} INFO - Started process (PID=114) to work on /opt/airflow/dags/batch_pipeline_dag.py
[2026-04-24T17:24:17.252+0000] {processor.py:830} INFO - Processing file /opt/airflow/dags/batch_pipeline_dag.py for tasks to queue
[2026-04-24T17:24:17.255+0000] {logging_mixin.py:188} INFO - [2026-04-24T17:24:17.254+0000] {dagbag.py:538} INFO - Filling up the DagBag from /opt/airflow/dags/batch_pipeline_dag.py
[2026-04-24T17:24:17.274+0000] {processor.py:840} INFO - DAG(s) 'batch_pipeline' retrieved from /opt/airflow/dags/batch_pipeline_dag.py
[2026-04-24T17:24:17.321+0000] {logging_mixin.py:188} INFO - [2026-04-24T17:24:17.321+0000] {dag.py:3036} INFO - Sync 1 DAGs
[2026-04-24T17:24:17.392+0000] {processor.py:183} INFO - Processing /opt/airflow/dags/batch_pipeline_dag.py took 0.149 seconds
[2026-04-24T17:24:47.460+0000] {processor.py:161} INFO - Started process (PID=115) to work on /opt/airflow/dags/batch_pipeline_dag.py
[2026-04-24T17:24:47.463+0000] {processor.py:830} INFO - Processing file /opt/airflow/dags/batch_pipeline_dag.py for tasks to queue
[2026-04-24T17:24:47.470+0000] {logging_mixin.py:188} INFO - [2026-04-24T17:24:47.469+0000] {dagbag.py:538} INFO - Filling up the DagBag from /opt/airflow/dags/batch_pipeline_dag.py
[2026-04-24T17:24:47.492+0000] {processor.py:840} INFO - DAG(s) 'batch_pipeline' retrieved from /opt/airflow/dags/batch_pipeline_dag.py
[2026-04-24T17:24:47.549+0000] {logging_mixin.py:188} INFO - [2026-04-24T17:24:47.547+0000] {dag.py:3036} INFO - Sync 1 DAGs
[2026-04-24T17:24:47.632+0000] {processor.py:183} INFO - Processing /opt/airflow/dags/batch_pipeline_dag.py took 0.178 seconds
[2026-04-24T17:25:17.812+0000] {processor.py:161} INFO - Started process (PID=116) to work on /opt/airflow/dags/batch_pipeline_dag.py
[2026-04-24T17:25:17.816+0000] {processor.py:830} INFO - Processing file /opt/airflow/dags/batch_pipeline_dag.py for tasks to queue
[2026-04-24T17:25:17.818+0000] {logging_mixin.py:188} INFO - [2026-04-24T17:25:17.818+0000] {dagbag.py:538} INFO - Filling up the DagBag from /opt/airflow/dags/batch_pipeline_dag.py
[2026-04-24T17:25:17.839+0000] {processor.py:840} INFO - DAG(s) 'batch_pipeline' retrieved from /opt/airflow/dags/batch_pipeline_dag.py
[2026-04-24T17:25:17.878+0000] {logging_mixin.py:188} INFO - [2026-04-24T17:25:17.877+0000] {dag.py:3036} INFO - Sync 1 DAGs
[2026-04-24T17:25:17.940+0000] {processor.py:183} INFO - Processing /opt/airflow/dags/batch_pipeline_dag.py took 0.133 seconds
[2026-04-24T17:25:48.052+0000] {processor.py:161} INFO - Started process (PID=117) to work on /opt/airflow/dags/batch_pipeline_dag.py
[2026-04-24T17:25:48.056+0000] {processor.py:830} INFO - Processing file /opt/airflow/dags/batch_pipeline_dag.py for tasks to queue
[2026-04-24T17:25:48.066+0000] {logging_mixin.py:188} INFO - [2026-04-24T17:25:48.063+0000] {dagbag.py:538} INFO - Filling up the DagBag from /opt/airflow/dags/batch_pipeline_dag.py
[2026-04-24T17:25:48.122+0000] {processor.py:840} INFO - DAG(s) 'batch_pipeline' retrieved from /opt/airflow/dags/batch_pipeline_dag.py
[2026-04-24T17:25:48.219+0000] {logging_mixin.py:188} INFO - [2026-04-24T17:25:48.217+0000] {dag.py:3036} INFO - Sync 1 DAGs
[2026-04-24T17:25:48.456+0000] {processor.py:183} INFO - Processing /opt/airflow/dags/batch_pipeline_dag.py took 0.416 seconds
[2026-04-24T17:26:18.694+0000] {processor.py:161} INFO - Started process (PID=118) to work on /opt/airflow/dags/batch_pipeline_dag.py
[2026-04-24T17:26:18.695+0000] {processor.py:830} INFO - Processing file /opt/airflow/dags/batch_pipeline_dag.py for tasks to queue
[2026-04-24T17:26:18.697+0000] {logging_mixin.py:188} INFO - [2026-04-24T17:26:18.697+0000] {dagbag.py:538} INFO - Filling up the DagBag from /opt/airflow/dags/batch_pipeline_dag.py
[2026-04-24T17:26:18.717+0000] {processor.py:840} INFO - DAG(s) 'batch_pipeline' retrieved from /opt/airflow/dags/batch_pipeline_dag.py
[2026-04-24T17:26:18.766+0000] {logging_mixin.py:188} INFO - [2026-04-24T17:26:18.765+0000] {dag.py:3036} INFO - Sync 1 DAGs
[2026-04-24T17:26:18.823+0000] {processor.py:183} INFO - Processing /opt/airflow/dags/batch_pipeline_dag.py took 0.136 seconds
[2026-04-24T17:26:48.915+0000] {processor.py:161} INFO - Started process (PID=119) to work on /opt/airflow/dags/batch_pipeline_dag.py
[2026-04-24T17:26:48.916+0000] {processor.py:830} INFO - Processing file /opt/airflow/dags/batch_pipeline_dag.py for tasks to queue
[2026-04-24T17:26:48.919+0000] {logging_mixin.py:188} INFO - [2026-04-24T17:26:48.918+0000] {dagbag.py:538} INFO - Filling up the DagBag from /opt/airflow/dags/batch_pipeline_dag.py
[2026-04-24T17:26:48.943+0000] {processor.py:840} INFO - DAG(s) 'batch_pipeline' retrieved from /opt/airflow/dags/batch_pipeline_dag.py
[2026-04-24T17:26:48.998+0000] {logging_mixin.py:188} INFO - [2026-04-24T17:26:48.997+0000] {dag.py:3036} INFO - Sync 1 DAGs
[2026-04-24T17:26:49.094+0000] {processor.py:183} INFO - Processing /opt/airflow/dags/batch_pipeline_dag.py took 0.184 seconds
[2026-04-24T17:27:19.415+0000] {processor.py:161} INFO - Started process (PID=120) to work on /opt/airflow/dags/batch_pipeline_dag.py
[2026-04-24T17:27:19.417+0000] {processor.py:830} INFO - Processing file /opt/airflow/dags/batch_pipeline_dag.py for tasks to queue
[2026-04-24T17:27:19.426+0000] {logging_mixin.py:188} INFO - [2026-04-24T17:27:19.424+0000] {dagbag.py:538} INFO - Filling up the DagBag from /opt/airflow/dags/batch_pipeline_dag.py
[2026-04-24T17:27:19.501+0000] {processor.py:840} INFO - DAG(s) 'batch_pipeline' retrieved from /opt/airflow/dags/batch_pipeline_dag.py
[2026-04-24T17:27:19.596+0000] {logging_mixin.py:188} INFO - [2026-04-24T17:27:19.596+0000] {dag.py:3036} INFO - Sync 1 DAGs
[2026-04-24T17:27:19.755+0000] {processor.py:183} INFO - Processing /opt/airflow/dags/batch_pipeline_dag.py took 0.358 seconds
[2026-04-24T17:27:50.078+0000] {processor.py:161} INFO - Started process (PID=121) to work on /opt/airflow/dags/batch_pipeline_dag.py
[2026-04-24T17:27:50.079+0000] {processor.py:830} INFO - Processing file /opt/airflow/dags/batch_pipeline_dag.py for tasks to queue
[2026-04-24T17:27:50.081+0000] {logging_mixin.py:188} INFO - [2026-04-24T17:27:50.081+0000] {dagbag.py:538} INFO - Filling up the DagBag from /opt/airflow/dags/batch_pipeline_dag.py
[2026-04-24T17:27:50.104+0000] {processor.py:840} INFO - DAG(s) 'batch_pipeline' retrieved from /opt/airflow/dags/batch_pipeline_dag.py
[2026-04-24T17:27:50.148+0000] {logging_mixin.py:188} INFO - [2026-04-24T17:27:50.147+0000] {dag.py:3036} INFO - Sync 1 DAGs
[2026-04-24T17:27:50.247+0000] {processor.py:183} INFO - Processing /opt/airflow/dags/batch_pipeline_dag.py took 0.174 seconds
[2026-04-24T17:28:20.320+0000] {processor.py:161} INFO - Started process (PID=122) to work on /opt/airflow/dags/batch_pipeline_dag.py
[2026-04-24T17:28:20.322+0000] {processor.py:830} INFO - Processing file /opt/airflow/dags/batch_pipeline_dag.py for tasks to queue
[2026-04-24T17:28:20.325+0000] {logging_mixin.py:188} INFO - [2026-04-24T17:28:20.324+0000] {dagbag.py:538} INFO - Filling up the DagBag from /opt/airflow/dags/batch_pipeline_dag.py
[2026-04-24T17:28:20.350+0000] {processor.py:840} INFO - DAG(s) 'batch_pipeline' retrieved from /opt/airflow/dags/batch_pipeline_dag.py
[2026-04-24T17:28:20.416+0000] {logging_mixin.py:188} INFO - [2026-04-24T17:28:20.415+0000] {dag.py:3036} INFO - Sync 1 DAGs
[2026-04-24T17:28:20.525+0000] {processor.py:183} INFO - Processing /opt/airflow/dags/batch_pipeline_dag.py took 0.213 seconds
[2026-04-24T17:28:50.601+0000] {processor.py:161} INFO - Started process (PID=123) to work on /opt/airflow/dags/batch_pipeline_dag.py
[2026-04-24T17:28:50.603+0000] {processor.py:830} INFO - Processing file /opt/airflow/dags/batch_pipeline_dag.py for tasks to queue
[2026-04-24T17:28:50.605+0000] {logging_mixin.py:188} INFO - [2026-04-24T17:28:50.605+0000] {dagbag.py:538} INFO - Filling up the DagBag from /opt/airflow/dags/batch_pipeline_dag.py
[2026-04-24T17:28:50.627+0000] {processor.py:840} INFO - DAG(s) 'batch_pipeline' retrieved from /opt/airflow/dags/batch_pipeline_dag.py
[2026-04-24T17:28:50.673+0000] {logging_mixin.py:188} INFO - [2026-04-24T17:28:50.673+0000] {dag.py:3036} INFO - Sync 1 DAGs
[2026-04-24T17:28:50.761+0000] {processor.py:183} INFO - Processing /opt/airflow/dags/batch_pipeline_dag.py took 0.166 seconds
[2026-04-24T17:29:20.905+0000] {processor.py:161} INFO - Started process (PID=124) to work on /opt/airflow/dags/batch_pipeline_dag.py
[2026-04-24T17:29:20.909+0000] {processor.py:830} INFO - Processing file /opt/airflow/dags/batch_pipeline_dag.py for tasks to queue
[2026-04-24T17:29:20.912+0000] {logging_mixin.py:188} INFO - [2026-04-24T17:29:20.911+0000] {dagbag.py:538} INFO - Filling up the DagBag from /opt/airflow/dags/batch_pipeline_dag.py
[2026-04-24T17:29:20.940+0000] {processor.py:840} INFO - DAG(s) 'batch_pipeline' retrieved from /opt/airflow/dags/batch_pipeline_dag.py
[2026-04-24T17:29:20.985+0000] {logging_mixin.py:188} INFO - [2026-04-24T17:29:20.985+0000] {dag.py:3036} INFO - Sync 1 DAGs
[2026-04-24T17:29:21.077+0000] {processor.py:183} INFO - Processing /opt/airflow/dags/batch_pipeline_dag.py took 0.176 seconds
[2026-04-24T17:29:51.330+0000] {processor.py:161} INFO - Started process (PID=125) to work on /opt/airflow/dags/batch_pipeline_dag.py
[2026-04-24T17:29:51.331+0000] {processor.py:830} INFO - Processing file /opt/airflow/dags/batch_pipeline_dag.py for tasks to queue
[2026-04-24T17:29:51.333+0000] {logging_mixin.py:188} INFO - [2026-04-24T17:29:51.333+0000] {dagbag.py:538} INFO - Filling up the DagBag from /opt/airflow/dags/batch_pipeline_dag.py
[2026-04-24T17:29:51.355+0000] {processor.py:840} INFO - DAG(s) 'batch_pipeline' retrieved from /opt/airflow/dags/batch_pipeline_dag.py
[2026-04-24T17:29:51.399+0000] {logging_mixin.py:188} INFO - [2026-04-24T17:29:51.398+0000] {dag.py:3036} INFO - Sync 1 DAGs
[2026-04-24T17:29:51.524+0000] {processor.py:183} INFO - Processing /opt/airflow/dags/batch_pipeline_dag.py took 0.198 seconds
[2026-04-24T17:30:21.584+0000] {processor.py:161} INFO - Started process (PID=126) to work on /opt/airflow/dags/batch_pipeline_dag.py
[2026-04-24T17:30:21.586+0000] {processor.py:830} INFO - Processing file /opt/airflow/dags/batch_pipeline_dag.py for tasks to queue
[2026-04-24T17:30:21.589+0000] {logging_mixin.py:188} INFO - [2026-04-24T17:30:21.588+0000] {dagbag.py:538} INFO - Filling up the DagBag from /opt/airflow/dags/batch_pipeline_dag.py
[2026-04-24T17:30:21.619+0000] {processor.py:840} INFO - DAG(s) 'batch_pipeline' retrieved from /opt/airflow/dags/batch_pipeline_dag.py
[2026-04-24T17:30:21.683+0000] {logging_mixin.py:188} INFO - [2026-04-24T17:30:21.682+0000] {dag.py:3036} INFO - Sync 1 DAGs
[2026-04-24T17:30:21.858+0000] {processor.py:183} INFO - Processing /opt/airflow/dags/batch_pipeline_dag.py took 0.279 seconds
[2026-04-24T17:30:52.091+0000] {processor.py:161} INFO - Started process (PID=127) to work on /opt/airflow/dags/batch_pipeline_dag.py
[2026-04-24T17:30:52.093+0000] {processor.py:830} INFO - Processing file /opt/airflow/dags/batch_pipeline_dag.py for tasks to queue
[2026-04-24T17:30:52.097+0000] {logging_mixin.py:188} INFO - [2026-04-24T17:30:52.097+0000] {dagbag.py:538} INFO - Filling up the DagBag from /opt/airflow/dags/batch_pipeline_dag.py
[2026-04-24T17:30:52.140+0000] {processor.py:840} INFO - DAG(s) 'batch_pipeline' retrieved from /opt/airflow/dags/batch_pipeline_dag.py
[2026-04-24T17:30:52.220+0000] {logging_mixin.py:188} INFO - [2026-04-24T17:30:52.219+0000] {dag.py:3036} INFO - Sync 1 DAGs
[2026-04-24T17:30:52.355+0000] {processor.py:183} INFO - Processing /opt/airflow/dags/batch_pipeline_dag.py took 0.275 seconds
[2026-04-24T17:31:22.437+0000] {processor.py:161} INFO - Started process (PID=128) to work on /opt/airflow/dags/batch_pipeline_dag.py
[2026-04-24T17:31:22.438+0000] {processor.py:830} INFO - Processing file /opt/airflow/dags/batch_pipeline_dag.py for tasks to queue
[2026-04-24T17:31:22.442+0000] {logging_mixin.py:188} INFO - [2026-04-24T17:31:22.441+0000] {dagbag.py:538} INFO - Filling up the DagBag from /opt/airflow/dags/batch_pipeline_dag.py
[2026-04-24T17:31:22.481+0000] {processor.py:840} INFO - DAG(s) 'batch_pipeline' retrieved from /opt/airflow/dags/batch_pipeline_dag.py
[2026-04-24T17:31:22.536+0000] {logging_mixin.py:188} INFO - [2026-04-24T17:31:22.535+0000] {dag.py:3036} INFO - Sync 1 DAGs
[2026-04-24T17:31:22.636+0000] {processor.py:183} INFO - Processing /opt/airflow/dags/batch_pipeline_dag.py took 0.203 seconds
[2026-04-24T17:31:52.943+0000] {processor.py:161} INFO - Started process (PID=129) to work on /opt/airflow/dags/batch_pipeline_dag.py
[2026-04-24T17:31:52.945+0000] {processor.py:830} INFO - Processing file /opt/airflow/dags/batch_pipeline_dag.py for tasks to queue
[2026-04-24T17:31:52.948+0000] {logging_mixin.py:188} INFO - [2026-04-24T17:31:52.947+0000] {dagbag.py:538} INFO - Filling up the DagBag from /opt/airflow/dags/batch_pipeline_dag.py
[2026-04-24T17:31:52.971+0000] {processor.py:840} INFO - DAG(s) 'batch_pipeline' retrieved from /opt/airflow/dags/batch_pipeline_dag.py
[2026-04-24T17:31:53.016+0000] {logging_mixin.py:188} INFO - [2026-04-24T17:31:53.015+0000] {dag.py:3036} INFO - Sync 1 DAGs
[2026-04-24T17:31:53.099+0000] {processor.py:183} INFO - Processing /opt/airflow/dags/batch_pipeline_dag.py took 0.167 seconds
[2026-04-24T17:32:23.262+0000] {processor.py:161} INFO - Started process (PID=130) to work on /opt/airflow/dags/batch_pipeline_dag.py
[2026-04-24T17:32:23.264+0000] {processor.py:830} INFO - Processing file /opt/airflow/dags/batch_pipeline_dag.py for tasks to queue
[2026-04-24T17:32:23.267+0000] {logging_mixin.py:188} INFO - [2026-04-24T17:32:23.267+0000] {dagbag.py:538} INFO - Filling up the DagBag from /opt/airflow/dags/batch_pipeline_dag.py
[2026-04-24T17:32:23.289+0000] {processor.py:840} INFO - DAG(s) 'batch_pipeline' retrieved from /opt/airflow/dags/batch_pipeline_dag.py
[2026-04-24T17:32:23.333+0000] {logging_mixin.py:188} INFO - [2026-04-24T17:32:23.332+0000] {dag.py:3036} INFO - Sync 1 DAGs
[2026-04-24T17:32:23.441+0000] {processor.py:183} INFO - Processing /opt/airflow/dags/batch_pipeline_dag.py took 0.185 seconds
[2026-04-24T17:32:53.720+0000] {processor.py:161} INFO - Started process (PID=131) to work on /opt/airflow/dags/batch_pipeline_dag.py
[2026-04-24T17:32:53.722+0000] {processor.py:830} INFO - Processing file /opt/airflow/dags/batch_pipeline_dag.py for tasks to queue
[2026-04-24T17:32:53.730+0000] {logging_mixin.py:188} INFO - [2026-04-24T17:32:53.728+0000] {dagbag.py:538} INFO - Filling up the DagBag from /opt/airflow/dags/batch_pipeline_dag.py
[2026-04-24T17:32:53.765+0000] {processor.py:840} INFO - DAG(s) 'batch_pipeline' retrieved from /opt/airflow/dags/batch_pipeline_dag.py
[2026-04-24T17:32:53.815+0000] {logging_mixin.py:188} INFO - [2026-04-24T17:32:53.815+0000] {dag.py:3036} INFO - Sync 1 DAGs
[2026-04-24T17:32:53.928+0000] {processor.py:183} INFO - Processing /opt/airflow/dags/batch_pipeline_dag.py took 0.220 seconds
[2026-04-24T17:33:23.995+0000] {processor.py:161} INFO - Started process (PID=132) to work on /opt/airflow/dags/batch_pipeline_dag.py
[2026-04-24T17:33:23.998+0000] {processor.py:830} INFO - Processing file /opt/airflow/dags/batch_pipeline_dag.py for tasks to queue
[2026-04-24T17:33:24.000+0000] {logging_mixin.py:188} INFO - [2026-04-24T17:33:24.000+0000] {dagbag.py:538} INFO - Filling up the DagBag from /opt/airflow/dags/batch_pipeline_dag.py
[2026-04-24T17:33:24.027+0000] {processor.py:840} INFO - DAG(s) 'batch_pipeline' retrieved from /opt/airflow/dags/batch_pipeline_dag.py
[2026-04-24T17:33:24.104+0000] {logging_mixin.py:188} INFO - [2026-04-24T17:33:24.104+0000] {dag.py:3036} INFO - Sync 1 DAGs
[2026-04-24T17:33:24.256+0000] {processor.py:183} INFO - Processing /opt/airflow/dags/batch_pipeline_dag.py took 0.265 seconds
[2026-04-24T17:33:54.406+0000] {processor.py:161} INFO - Started process (PID=133) to work on /opt/airflow/dags/batch_pipeline_dag.py
[2026-04-24T17:33:54.407+0000] {processor.py:830} INFO - Processing file /opt/airflow/dags/batch_pipeline_dag.py for tasks to queue
[2026-04-24T17:33:54.410+0000] {logging_mixin.py:188} INFO - [2026-04-24T17:33:54.409+0000] {dagbag.py:538} INFO - Filling up the DagBag from /opt/airflow/dags/batch_pipeline_dag.py
[2026-04-24T17:33:54.427+0000] {processor.py:840} INFO - DAG(s) 'batch_pipeline' retrieved from /opt/airflow/dags/batch_pipeline_dag.py
[2026-04-24T17:33:54.475+0000] {logging_mixin.py:188} INFO - [2026-04-24T17:33:54.474+0000] {dag.py:3036} INFO - Sync 1 DAGs
[2026-04-24T17:33:54.560+0000] {processor.py:183} INFO - Processing /opt/airflow/dags/batch_pipeline_dag.py took 0.159 seconds
[2026-04-24T17:34:24.809+0000] {processor.py:161} INFO - Started process (PID=134) to work on /opt/airflow/dags/batch_pipeline_dag.py
[2026-04-24T17:34:24.812+0000] {processor.py:830} INFO - Processing file /opt/airflow/dags/batch_pipeline_dag.py for tasks to queue
[2026-04-24T17:34:24.827+0000] {logging_mixin.py:188} INFO - [2026-04-24T17:34:24.826+0000] {dagbag.py:538} INFO - Filling up the DagBag from /opt/airflow/dags/batch_pipeline_dag.py
[2026-04-24T17:34:24.880+0000] {processor.py:840} INFO - DAG(s) 'batch_pipeline' retrieved from /opt/airflow/dags/batch_pipeline_dag.py
[2026-04-24T17:34:25.084+0000] {logging_mixin.py:188} INFO - [2026-04-24T17:34:25.083+0000] {dag.py:3036} INFO - Sync 1 DAGs
[2026-04-24T17:34:25.197+0000] {processor.py:183} INFO - Processing /opt/airflow/dags/batch_pipeline_dag.py took 0.397 seconds
[2026-04-24T17:34:55.484+0000] {processor.py:161} INFO - Started process (PID=135) to work on /opt/airflow/dags/batch_pipeline_dag.py
[2026-04-24T17:34:55.486+0000] {processor.py:830} INFO - Processing file /opt/airflow/dags/batch_pipeline_dag.py for tasks to queue
[2026-04-24T17:34:55.488+0000] {logging_mixin.py:188} INFO - [2026-04-24T17:34:55.488+0000] {dagbag.py:538} INFO - Filling up the DagBag from /opt/airflow/dags/batch_pipeline_dag.py
[2026-04-24T17:34:55.507+0000] {processor.py:840} INFO - DAG(s) 'batch_pipeline' retrieved from /opt/airflow/dags/batch_pipeline_dag.py
[2026-04-24T17:34:55.561+0000] {logging_mixin.py:188} INFO - [2026-04-24T17:34:55.561+0000] {dag.py:3036} INFO - Sync 1 DAGs
[2026-04-24T17:34:55.648+0000] {processor.py:183} INFO - Processing /opt/airflow/dags/batch_pipeline_dag.py took 0.173 seconds
[2026-04-24T17:35:25.773+0000] {processor.py:161} INFO - Started process (PID=136) to work on /opt/airflow/dags/batch_pipeline_dag.py
[2026-04-24T17:35:25.779+0000] {processor.py:830} INFO - Processing file /opt/airflow/dags/batch_pipeline_dag.py for tasks to queue
[2026-04-24T17:35:25.783+0000] {logging_mixin.py:188} INFO - [2026-04-24T17:35:25.782+0000] {dagbag.py:538} INFO - Filling up the DagBag from /opt/airflow/dags/batch_pipeline_dag.py
[2026-04-24T17:35:25.820+0000] {processor.py:840} INFO - DAG(s) 'batch_pipeline' retrieved from /opt/airflow/dags/batch_pipeline_dag.py
[2026-04-24T17:35:25.880+0000] {logging_mixin.py:188} INFO - [2026-04-24T17:35:25.879+0000] {dag.py:3036} INFO - Sync 1 DAGs
[2026-04-24T17:35:25.972+0000] {processor.py:183} INFO - Processing /opt/airflow/dags/batch_pipeline_dag.py took 0.204 seconds
[2026-04-24T17:35:56.328+0000] {processor.py:161} INFO - Started process (PID=137) to work on /opt/airflow/dags/batch_pipeline_dag.py
[2026-04-24T17:35:56.329+0000] {processor.py:830} INFO - Processing file /opt/airflow/dags/batch_pipeline_dag.py for tasks to queue
[2026-04-24T17:35:56.336+0000] {logging_mixin.py:188} INFO - [2026-04-24T17:35:56.334+0000] {dagbag.py:538} INFO - Filling up the DagBag from /opt/airflow/dags/batch_pipeline_dag.py
[2026-04-24T17:35:56.362+0000] {processor.py:840} INFO - DAG(s) 'batch_pipeline' retrieved from /opt/airflow/dags/batch_pipeline_dag.py
[2026-04-24T17:35:56.434+0000] {logging_mixin.py:188} INFO - [2026-04-24T17:35:56.433+0000] {dag.py:3036} INFO - Sync 1 DAGs
[2026-04-24T17:35:56.587+0000] {processor.py:183} INFO - Processing /opt/airflow/dags/batch_pipeline_dag.py took 0.268 seconds
[2026-04-24T17:36:26.872+0000] {processor.py:161} INFO - Started process (PID=138) to work on /opt/airflow/dags/batch_pipeline_dag.py
[2026-04-24T17:36:26.878+0000] {processor.py:830} INFO - Processing file /opt/airflow/dags/batch_pipeline_dag.py for tasks to queue
[2026-04-24T17:36:26.890+0000] {logging_mixin.py:188} INFO - [2026-04-24T17:36:26.885+0000] {dagbag.py:538} INFO - Filling up the DagBag from /opt/airflow/dags/batch_pipeline_dag.py
[2026-04-24T17:36:26.972+0000] {processor.py:840} INFO - DAG(s) 'batch_pipeline' retrieved from /opt/airflow/dags/batch_pipeline_dag.py
[2026-04-24T17:36:27.058+0000] {logging_mixin.py:188} INFO - [2026-04-24T17:36:27.057+0000] {dag.py:3036} INFO - Sync 1 DAGs
[2026-04-24T17:36:27.257+0000] {processor.py:183} INFO - Processing /opt/airflow/dags/batch_pipeline_dag.py took 0.392 seconds
[2026-04-24T17:36:57.584+0000] {processor.py:161} INFO - Started process (PID=139) to work on /opt/airflow/dags/batch_pipeline_dag.py
[2026-04-24T17:36:57.585+0000] {processor.py:830} INFO - Processing file /opt/airflow/dags/batch_pipeline_dag.py for tasks to queue
[2026-04-24T17:36:57.589+0000] {logging_mixin.py:188} INFO - [2026-04-24T17:36:57.588+0000] {dagbag.py:538} INFO - Filling up the DagBag from /opt/airflow/dags/batch_pipeline_dag.py
[2026-04-24T17:36:57.621+0000] {processor.py:840} INFO - DAG(s) 'batch_pipeline' retrieved from /opt/airflow/dags/batch_pipeline_dag.py
[2026-04-24T17:36:57.683+0000] {logging_mixin.py:188} INFO - [2026-04-24T17:36:57.682+0000] {dag.py:3036} INFO - Sync 1 DAGs
[2026-04-24T17:36:57.780+0000] {processor.py:183} INFO - Processing /opt/airflow/dags/batch_pipeline_dag.py took 0.201 seconds
[2026-04-24T17:37:27.873+0000] {processor.py:161} INFO - Started process (PID=140) to work on /opt/airflow/dags/batch_pipeline_dag.py
[2026-04-24T17:37:27.878+0000] {processor.py:830} INFO - Processing file /opt/airflow/dags/batch_pipeline_dag.py for tasks to queue
[2026-04-24T17:37:27.890+0000] {logging_mixin.py:188} INFO - [2026-04-24T17:37:27.889+0000] {dagbag.py:538} INFO - Filling up the DagBag from /opt/airflow/dags/batch_pipeline_dag.py
[2026-04-24T17:37:27.943+0000] {processor.py:840} INFO - DAG(s) 'batch_pipeline' retrieved from /opt/airflow/dags/batch_pipeline_dag.py
[2026-04-24T17:37:28.048+0000] {logging_mixin.py:188} INFO - [2026-04-24T17:37:28.046+0000] {dag.py:3036} INFO - Sync 1 DAGs
[2026-04-24T17:37:28.222+0000] {processor.py:183} INFO - Processing /opt/airflow/dags/batch_pipeline_dag.py took 0.365 seconds
[2026-04-24T17:37:58.358+0000] {processor.py:161} INFO - Started process (PID=141) to work on /opt/airflow/dags/batch_pipeline_dag.py
[2026-04-24T17:37:58.360+0000] {processor.py:830} INFO - Processing file /opt/airflow/dags/batch_pipeline_dag.py for tasks to queue
[2026-04-24T17:37:58.372+0000] {logging_mixin.py:188} INFO - [2026-04-24T17:37:58.368+0000] {dagbag.py:538} INFO - Filling up the DagBag from /opt/airflow/dags/batch_pipeline_dag.py
[2026-04-24T17:37:58.410+0000] {processor.py:840} INFO - DAG(s) 'batch_pipeline' retrieved from /opt/airflow/dags/batch_pipeline_dag.py
[2026-04-24T17:37:58.505+0000] {logging_mixin.py:188} INFO - [2026-04-24T17:37:58.504+0000] {dag.py:3036} INFO - Sync 1 DAGs
[2026-04-24T17:37:58.641+0000] {processor.py:183} INFO - Processing /opt/airflow/dags/batch_pipeline_dag.py took 0.291 seconds
[2026-04-24T17:38:28.804+0000] {processor.py:161} INFO - Started process (PID=142) to work on /opt/airflow/dags/batch_pipeline_dag.py
[2026-04-24T17:38:28.807+0000] {processor.py:830} INFO - Processing file /opt/airflow/dags/batch_pipeline_dag.py for tasks to queue
[2026-04-24T17:38:28.813+0000] {logging_mixin.py:188} INFO - [2026-04-24T17:38:28.811+0000] {dagbag.py:538} INFO - Filling up the DagBag from /opt/airflow/dags/batch_pipeline_dag.py
[2026-04-24T17:38:28.846+0000] {processor.py:840} INFO - DAG(s) 'batch_pipeline' retrieved from /opt/airflow/dags/batch_pipeline_dag.py
[2026-04-24T17:38:28.919+0000] {logging_mixin.py:188} INFO - [2026-04-24T17:38:28.917+0000] {dag.py:3036} INFO - Sync 1 DAGs
[2026-04-24T17:38:29.013+0000] {processor.py:183} INFO - Processing /opt/airflow/dags/batch_pipeline_dag.py took 0.213 seconds
[2026-04-24T17:38:59.270+0000] {processor.py:161} INFO - Started process (PID=143) to work on /opt/airflow/dags/batch_pipeline_dag.py
[2026-04-24T17:38:59.275+0000] {processor.py:830} INFO - Processing file /opt/airflow/dags/batch_pipeline_dag.py for tasks to queue
[2026-04-24T17:38:59.281+0000] {logging_mixin.py:188} INFO - [2026-04-24T17:38:59.280+0000] {dagbag.py:538} INFO - Filling up the DagBag from /opt/airflow/dags/batch_pipeline_dag.py
[2026-04-24T17:38:59.346+0000] {processor.py:840} INFO - DAG(s) 'batch_pipeline' retrieved from /opt/airflow/dags/batch_pipeline_dag.py
[2026-04-24T17:38:59.449+0000] {logging_mixin.py:188} INFO - [2026-04-24T17:38:59.449+0000] {dag.py:3036} INFO - Sync 1 DAGs
[2026-04-24T17:38:59.626+0000] {processor.py:183} INFO - Processing /opt/airflow/dags/batch_pipeline_dag.py took 0.368 seconds
[2026-04-24T17:39:30.069+0000] {processor.py:161} INFO - Started process (PID=144) to work on /opt/airflow/dags/batch_pipeline_dag.py
[2026-04-24T17:39:30.073+0000] {processor.py:830} INFO - Processing file /opt/airflow/dags/batch_pipeline_dag.py for tasks to queue
[2026-04-24T17:39:30.078+0000] {logging_mixin.py:188} INFO - [2026-04-24T17:39:30.078+0000] {dagbag.py:538} INFO - Filling up the DagBag from /opt/airflow/dags/batch_pipeline_dag.py
[2026-04-24T17:39:30.114+0000] {processor.py:840} INFO - DAG(s) 'batch_pipeline' retrieved from /opt/airflow/dags/batch_pipeline_dag.py
[2026-04-24T17:39:30.222+0000] {logging_mixin.py:188} INFO - [2026-04-24T17:39:30.222+0000] {dag.py:3036} INFO - Sync 1 DAGs
[2026-04-24T17:39:30.422+0000] {processor.py:183} INFO - Processing /opt/airflow/dags/batch_pipeline_dag.py took 0.358 seconds
[2026-04-24T17:40:00.694+0000] {processor.py:161} INFO - Started process (PID=145) to work on /opt/airflow/dags/batch_pipeline_dag.py
[2026-04-24T17:40:00.695+0000] {processor.py:830} INFO - Processing file /opt/airflow/dags/batch_pipeline_dag.py for tasks to queue
[2026-04-24T17:40:00.699+0000] {logging_mixin.py:188} INFO - [2026-04-24T17:40:00.698+0000] {dagbag.py:538} INFO - Filling up the DagBag from /opt/airflow/dags/batch_pipeline_dag.py
[2026-04-24T17:40:00.716+0000] {processor.py:840} INFO - DAG(s) 'batch_pipeline' retrieved from /opt/airflow/dags/batch_pipeline_dag.py
[2026-04-24T17:40:00.759+0000] {logging_mixin.py:188} INFO - [2026-04-24T17:40:00.758+0000] {dag.py:3036} INFO - Sync 1 DAGs
[2026-04-24T17:40:00.836+0000] {processor.py:183} INFO - Processing /opt/airflow/dags/batch_pipeline_dag.py took 0.146 seconds
[2026-04-24T17:40:31.150+0000] {processor.py:161} INFO - Started process (PID=146) to work on /opt/airflow/dags/batch_pipeline_dag.py
[2026-04-24T17:40:31.153+0000] {processor.py:830} INFO - Processing file /opt/airflow/dags/batch_pipeline_dag.py for tasks to queue
[2026-04-24T17:40:31.158+0000] {logging_mixin.py:188} INFO - [2026-04-24T17:40:31.157+0000] {dagbag.py:538} INFO - Filling up the DagBag from /opt/airflow/dags/batch_pipeline_dag.py
[2026-04-24T17:40:31.178+0000] {processor.py:840} INFO - DAG(s) 'batch_pipeline' retrieved from /opt/airflow/dags/batch_pipeline_dag.py
[2026-04-24T17:40:31.218+0000] {logging_mixin.py:188} INFO - [2026-04-24T17:40:31.218+0000] {dag.py:3036} INFO - Sync 1 DAGs
[2026-04-24T17:40:31.304+0000] {processor.py:183} INFO - Processing /opt/airflow/dags/batch_pipeline_dag.py took 0.158 seconds
[2026-04-24T17:41:01.659+0000] {processor.py:161} INFO - Started process (PID=147) to work on /opt/airflow/dags/batch_pipeline_dag.py
[2026-04-24T17:41:01.661+0000] {processor.py:830} INFO - Processing file /opt/airflow/dags/batch_pipeline_dag.py for tasks to queue
[2026-04-24T17:41:01.665+0000] {logging_mixin.py:188} INFO - [2026-04-24T17:41:01.665+0000] {dagbag.py:538} INFO - Filling up the DagBag from /opt/airflow/dags/batch_pipeline_dag.py
[2026-04-24T17:41:01.690+0000] {processor.py:840} INFO - DAG(s) 'batch_pipeline' retrieved from /opt/airflow/dags/batch_pipeline_dag.py
[2026-04-24T17:41:01.747+0000] {logging_mixin.py:188} INFO - [2026-04-24T17:41:01.746+0000] {dag.py:3036} INFO - Sync 1 DAGs
[2026-04-24T17:41:01.845+0000] {processor.py:183} INFO - Processing /opt/airflow/dags/batch_pipeline_dag.py took 0.195 seconds
[2026-04-24T17:41:31.975+0000] {processor.py:161} INFO - Started process (PID=148) to work on /opt/airflow/dags/batch_pipeline_dag.py
[2026-04-24T17:41:31.983+0000] {processor.py:830} INFO - Processing file /opt/airflow/dags/batch_pipeline_dag.py for tasks to queue
[2026-04-24T17:41:31.991+0000] {logging_mixin.py:188} INFO - [2026-04-24T17:41:31.988+0000] {dagbag.py:538} INFO - Filling up the DagBag from /opt/airflow/dags/batch_pipeline_dag.py
[2026-04-24T17:41:32.030+0000] {processor.py:840} INFO - DAG(s) 'batch_pipeline' retrieved from /opt/airflow/dags/batch_pipeline_dag.py
[2026-04-24T17:41:32.108+0000] {logging_mixin.py:188} INFO - [2026-04-24T17:41:32.108+0000] {dag.py:3036} INFO - Sync 1 DAGs
[2026-04-24T17:41:32.263+0000] {processor.py:183} INFO - Processing /opt/airflow/dags/batch_pipeline_dag.py took 0.295 seconds
[2026-04-24T17:42:02.509+0000] {processor.py:161} INFO - Started process (PID=149) to work on /opt/airflow/dags/batch_pipeline_dag.py
[2026-04-24T17:42:02.511+0000] {processor.py:830} INFO - Processing file /opt/airflow/dags/batch_pipeline_dag.py for tasks to queue
[2026-04-24T17:42:02.514+0000] {logging_mixin.py:188} INFO - [2026-04-24T17:42:02.514+0000] {dagbag.py:538} INFO - Filling up the DagBag from /opt/airflow/dags/batch_pipeline_dag.py
[2026-04-24T17:42:02.558+0000] {processor.py:840} INFO - DAG(s) 'batch_pipeline' retrieved from /opt/airflow/dags/batch_pipeline_dag.py
[2026-04-24T17:42:02.624+0000] {logging_mixin.py:188} INFO - [2026-04-24T17:42:02.624+0000] {dag.py:3036} INFO - Sync 1 DAGs
[2026-04-24T17:42:02.758+0000] {processor.py:183} INFO - Processing /opt/airflow/dags/batch_pipeline_dag.py took 0.253 seconds
[2026-04-24T17:42:32.971+0000] {processor.py:161} INFO - Started process (PID=150) to work on /opt/airflow/dags/batch_pipeline_dag.py
[2026-04-24T17:42:32.974+0000] {processor.py:830} INFO - Processing file /opt/airflow/dags/batch_pipeline_dag.py for tasks to queue
[2026-04-24T17:42:32.982+0000] {logging_mixin.py:188} INFO - [2026-04-24T17:42:32.980+0000] {dagbag.py:538} INFO - Filling up the DagBag from /opt/airflow/dags/batch_pipeline_dag.py
[2026-04-24T17:42:33.024+0000] {processor.py:840} INFO - DAG(s) 'batch_pipeline' retrieved from /opt/airflow/dags/batch_pipeline_dag.py
[2026-04-24T17:42:33.108+0000] {logging_mixin.py:188} INFO - [2026-04-24T17:42:33.108+0000] {dag.py:3036} INFO - Sync 1 DAGs
[2026-04-24T17:42:33.265+0000] {processor.py:183} INFO - Processing /opt/airflow/dags/batch_pipeline_dag.py took 0.306 seconds
[2026-04-24T17:43:03.332+0000] {processor.py:161} INFO - Started process (PID=151) to work on /opt/airflow/dags/batch_pipeline_dag.py
[2026-04-24T17:43:03.334+0000] {processor.py:830} INFO - Processing file /opt/airflow/dags/batch_pipeline_dag.py for tasks to queue
[2026-04-24T17:43:03.340+0000] {logging_mixin.py:188} INFO - [2026-04-24T17:43:03.338+0000] {dagbag.py:538} INFO - Filling up the DagBag from /opt/airflow/dags/batch_pipeline_dag.py
[2026-04-24T17:43:03.376+0000] {processor.py:840} INFO - DAG(s) 'batch_pipeline' retrieved from /opt/airflow/dags/batch_pipeline_dag.py
[2026-04-24T17:43:03.433+0000] {logging_mixin.py:188} INFO - [2026-04-24T17:43:03.433+0000] {dag.py:3036} INFO - Sync 1 DAGs
[2026-04-24T17:43:03.544+0000] {processor.py:183} INFO - Processing /opt/airflow/dags/batch_pipeline_dag.py took 0.216 seconds
[2026-04-24T17:43:34.214+0000] {processor.py:161} INFO - Started process (PID=152) to work on /opt/airflow/dags/batch_pipeline_dag.py
[2026-04-24T17:43:34.226+0000] {processor.py:830} INFO - Processing file /opt/airflow/dags/batch_pipeline_dag.py for tasks to queue
[2026-04-24T17:43:34.241+0000] {logging_mixin.py:188} INFO - [2026-04-24T17:43:34.235+0000] {dagbag.py:538} INFO - Filling up the DagBag from /opt/airflow/dags/batch_pipeline_dag.py
[2026-04-24T17:43:34.355+0000] {processor.py:840} INFO - DAG(s) 'batch_pipeline' retrieved from /opt/airflow/dags/batch_pipeline_dag.py
[2026-04-24T17:43:34.489+0000] {logging_mixin.py:188} INFO - [2026-04-24T17:43:34.488+0000] {dag.py:3036} INFO - Sync 1 DAGs
[2026-04-24T17:43:34.670+0000] {processor.py:183} INFO - Processing /opt/airflow/dags/batch_pipeline_dag.py took 0.491 seconds
[2026-04-24T17:44:04.896+0000] {processor.py:161} INFO - Started process (PID=153) to work on /opt/airflow/dags/batch_pipeline_dag.py
[2026-04-24T17:44:04.903+0000] {processor.py:830} INFO - Processing file /opt/airflow/dags/batch_pipeline_dag.py for tasks to queue
[2026-04-24T17:44:04.922+0000] {logging_mixin.py:188} INFO - [2026-04-24T17:44:04.919+0000] {dagbag.py:538} INFO - Filling up the DagBag from /opt/airflow/dags/batch_pipeline_dag.py
[2026-04-24T17:44:04.999+0000] {processor.py:840} INFO - DAG(s) 'batch_pipeline' retrieved from /opt/airflow/dags/batch_pipeline_dag.py
[2026-04-24T17:44:05.095+0000] {logging_mixin.py:188} INFO - [2026-04-24T17:44:05.094+0000] {dag.py:3036} INFO - Sync 1 DAGs
[2026-04-24T17:44:05.315+0000] {processor.py:183} INFO - Processing /opt/airflow/dags/batch_pipeline_dag.py took 0.433 seconds
[2026-04-24T17:44:35.897+0000] {processor.py:161} INFO - Started process (PID=154) to work on /opt/airflow/dags/batch_pipeline_dag.py
[2026-04-24T17:44:35.902+0000] {processor.py:830} INFO - Processing file /opt/airflow/dags/batch_pipeline_dag.py for tasks to queue
[2026-04-24T17:44:35.914+0000] {logging_mixin.py:188} INFO - [2026-04-24T17:44:35.910+0000] {dagbag.py:538} INFO - Filling up the DagBag from /opt/airflow/dags/batch_pipeline_dag.py
[2026-04-24T17:44:36.026+0000] {processor.py:840} INFO - DAG(s) 'batch_pipeline' retrieved from /opt/airflow/dags/batch_pipeline_dag.py
[2026-04-24T17:44:36.446+0000] {logging_mixin.py:188} INFO - [2026-04-24T17:44:36.445+0000] {dag.py:3036} INFO - Sync 1 DAGs
[2026-04-24T17:44:37.151+0000] {processor.py:183} INFO - Processing /opt/airflow/dags/batch_pipeline_dag.py took 1.331 seconds
[2026-04-24T17:45:07.593+0000] {processor.py:161} INFO - Started process (PID=155) to work on /opt/airflow/dags/batch_pipeline_dag.py
[2026-04-24T17:45:07.605+0000] {processor.py:830} INFO - Processing file /opt/airflow/dags/batch_pipeline_dag.py for tasks to queue
[2026-04-24T17:45:07.612+0000] {logging_mixin.py:188} INFO - [2026-04-24T17:45:07.611+0000] {dagbag.py:538} INFO - Filling up the DagBag from /opt/airflow/dags/batch_pipeline_dag.py
[2026-04-24T17:45:07.681+0000] {processor.py:840} INFO - DAG(s) 'batch_pipeline' retrieved from /opt/airflow/dags/batch_pipeline_dag.py
[2026-04-24T17:45:07.815+0000] {logging_mixin.py:188} INFO - [2026-04-24T17:45:07.815+0000] {dag.py:3036} INFO - Sync 1 DAGs
[2026-04-24T17:45:08.005+0000] {processor.py:183} INFO - Processing /opt/airflow/dags/batch_pipeline_dag.py took 0.427 seconds
[2026-04-24T17:45:38.151+0000] {processor.py:161} INFO - Started process (PID=156) to work on /opt/airflow/dags/batch_pipeline_dag.py
[2026-04-24T17:45:38.153+0000] {processor.py:830} INFO - Processing file /opt/airflow/dags/batch_pipeline_dag.py for tasks to queue
[2026-04-24T17:45:38.157+0000] {logging_mixin.py:188} INFO - [2026-04-24T17:45:38.156+0000] {dagbag.py:538} INFO - Filling up the DagBag from /opt/airflow/dags/batch_pipeline_dag.py
[2026-04-24T17:45:38.199+0000] {processor.py:840} INFO - DAG(s) 'batch_pipeline' retrieved from /opt/airflow/dags/batch_pipeline_dag.py
[2026-04-24T17:45:38.276+0000] {logging_mixin.py:188} INFO - [2026-04-24T17:45:38.275+0000] {dag.py:3036} INFO - Sync 1 DAGs
[2026-04-24T17:45:38.458+0000] {processor.py:183} INFO - Processing /opt/airflow/dags/batch_pipeline_dag.py took 0.318 seconds
[2026-04-24T17:46:08.901+0000] {processor.py:161} INFO - Started process (PID=157) to work on /opt/airflow/dags/batch_pipeline_dag.py
[2026-04-24T17:46:08.909+0000] {processor.py:830} INFO - Processing file /opt/airflow/dags/batch_pipeline_dag.py for tasks to queue
[2026-04-24T17:46:08.939+0000] {logging_mixin.py:188} INFO - [2026-04-24T17:46:08.938+0000] {dagbag.py:538} INFO - Filling up the DagBag from /opt/airflow/dags/batch_pipeline_dag.py
[2026-04-24T17:46:09.031+0000] {processor.py:840} INFO - DAG(s) 'batch_pipeline' retrieved from /opt/airflow/dags/batch_pipeline_dag.py
[2026-04-24T17:46:09.213+0000] {logging_mixin.py:188} INFO - [2026-04-24T17:46:09.211+0000] {dag.py:3036} INFO - Sync 1 DAGs
[2026-04-24T17:46:09.825+0000] {processor.py:183} INFO - Processing /opt/airflow/dags/batch_pipeline_dag.py took 0.938 seconds
[2026-04-24T17:46:40.501+0000] {processor.py:161} INFO - Started process (PID=158) to work on /opt/airflow/dags/batch_pipeline_dag.py
[2026-04-24T17:46:40.503+0000] {processor.py:830} INFO - Processing file /opt/airflow/dags/batch_pipeline_dag.py for tasks to queue
[2026-04-24T17:46:40.511+0000] {logging_mixin.py:188} INFO - [2026-04-24T17:46:40.508+0000] {dagbag.py:538} INFO - Filling up the DagBag from /opt/airflow/dags/batch_pipeline_dag.py
[2026-04-24T17:46:40.581+0000] {processor.py:840} INFO - DAG(s) 'batch_pipeline' retrieved from /opt/airflow/dags/batch_pipeline_dag.py
[2026-04-24T17:46:40.729+0000] {logging_mixin.py:188} INFO - [2026-04-24T17:46:40.728+0000] {dag.py:3036} INFO - Sync 1 DAGs
[2026-04-24T17:46:40.877+0000] {processor.py:183} INFO - Processing /opt/airflow/dags/batch_pipeline_dag.py took 0.394 seconds
[2026-04-24T17:47:11.280+0000] {processor.py:161} INFO - Started process (PID=159) to work on /opt/airflow/dags/batch_pipeline_dag.py
[2026-04-24T17:47:11.288+0000] {processor.py:830} INFO - Processing file /opt/airflow/dags/batch_pipeline_dag.py for tasks to queue
[2026-04-24T17:47:11.335+0000] {logging_mixin.py:188} INFO - [2026-04-24T17:47:11.334+0000] {dagbag.py:538} INFO - Filling up the DagBag from /opt/airflow/dags/batch_pipeline_dag.py
[2026-04-24T17:47:11.402+0000] {processor.py:840} INFO - DAG(s) 'batch_pipeline' retrieved from /opt/airflow/dags/batch_pipeline_dag.py
[2026-04-24T17:47:11.557+0000] {logging_mixin.py:188} INFO - [2026-04-24T17:47:11.557+0000] {dag.py:3036} INFO - Sync 1 DAGs
[2026-04-24T17:47:11.824+0000] {processor.py:183} INFO - Processing /opt/airflow/dags/batch_pipeline_dag.py took 0.555 seconds
[2026-04-24T17:47:42.138+0000] {processor.py:161} INFO - Started process (PID=160) to work on /opt/airflow/dags/batch_pipeline_dag.py
[2026-04-24T17:47:42.140+0000] {processor.py:830} INFO - Processing file /opt/airflow/dags/batch_pipeline_dag.py for tasks to queue
[2026-04-24T17:47:42.145+0000] {logging_mixin.py:188} INFO - [2026-04-24T17:47:42.144+0000] {dagbag.py:538} INFO - Filling up the DagBag from /opt/airflow/dags/batch_pipeline_dag.py
[2026-04-24T17:47:42.228+0000] {processor.py:840} INFO - DAG(s) 'batch_pipeline' retrieved from /opt/airflow/dags/batch_pipeline_dag.py
[2026-04-24T17:47:42.365+0000] {logging_mixin.py:188} INFO - [2026-04-24T17:47:42.364+0000] {dag.py:3036} INFO - Sync 1 DAGs
[2026-04-24T17:47:42.569+0000] {processor.py:183} INFO - Processing /opt/airflow/dags/batch_pipeline_dag.py took 0.444 seconds
[2026-04-24T17:48:13.071+0000] {processor.py:161} INFO - Started process (PID=161) to work on /opt/airflow/dags/batch_pipeline_dag.py
[2026-04-24T17:48:13.083+0000] {processor.py:830} INFO - Processing file /opt/airflow/dags/batch_pipeline_dag.py for tasks to queue
[2026-04-24T17:48:13.090+0000] {logging_mixin.py:188} INFO - [2026-04-24T17:48:13.089+0000] {dagbag.py:538} INFO - Filling up the DagBag from /opt/airflow/dags/batch_pipeline_dag.py
[2026-04-24T17:48:13.166+0000] {processor.py:840} INFO - DAG(s) 'batch_pipeline' retrieved from /opt/airflow/dags/batch_pipeline_dag.py
[2026-04-24T17:48:13.289+0000] {logging_mixin.py:188} INFO - [2026-04-24T17:48:13.288+0000] {dag.py:3036} INFO - Sync 1 DAGs
[2026-04-24T17:48:13.430+0000] {processor.py:183} INFO - Processing /opt/airflow/dags/batch_pipeline_dag.py took 0.389 seconds
[2026-04-24T17:48:43.763+0000] {processor.py:161} INFO - Started process (PID=162) to work on /opt/airflow/dags/batch_pipeline_dag.py
[2026-04-24T17:48:43.766+0000] {processor.py:830} INFO - Processing file /opt/airflow/dags/batch_pipeline_dag.py for tasks to queue
[2026-04-24T17:48:43.770+0000] {logging_mixin.py:188} INFO - [2026-04-24T17:48:43.769+0000] {dagbag.py:538} INFO - Filling up the DagBag from /opt/airflow/dags/batch_pipeline_dag.py
[2026-04-24T17:48:43.839+0000] {processor.py:840} INFO - DAG(s) 'batch_pipeline' retrieved from /opt/airflow/dags/batch_pipeline_dag.py
[2026-04-24T17:48:44.463+0000] {logging_mixin.py:188} INFO - [2026-04-24T17:48:44.462+0000] {dag.py:3036} INFO - Sync 1 DAGs
[2026-04-24T17:48:44.863+0000] {processor.py:183} INFO - Processing /opt/airflow/dags/batch_pipeline_dag.py took 1.128 seconds
[2026-04-24T17:49:15.305+0000] {processor.py:161} INFO - Started process (PID=163) to work on /opt/airflow/dags/batch_pipeline_dag.py
[2026-04-24T17:49:15.310+0000] {processor.py:830} INFO - Processing file /opt/airflow/dags/batch_pipeline_dag.py for tasks to queue
[2026-04-24T17:49:15.315+0000] {logging_mixin.py:188} INFO - [2026-04-24T17:49:15.314+0000] {dagbag.py:538} INFO - Filling up the DagBag from /opt/airflow/dags/batch_pipeline_dag.py
[2026-04-24T17:49:15.374+0000] {processor.py:840} INFO - DAG(s) 'batch_pipeline' retrieved from /opt/airflow/dags/batch_pipeline_dag.py
[2026-04-24T17:49:15.606+0000] {logging_mixin.py:188} INFO - [2026-04-24T17:49:15.605+0000] {dag.py:3036} INFO - Sync 1 DAGs
[2026-04-24T17:49:15.858+0000] {processor.py:183} INFO - Processing /opt/airflow/dags/batch_pipeline_dag.py took 0.564 seconds
[2026-04-24T17:49:46.147+0000] {processor.py:161} INFO - Started process (PID=164) to work on /opt/airflow/dags/batch_pipeline_dag.py
[2026-04-24T17:49:46.149+0000] {processor.py:830} INFO - Processing file /opt/airflow/dags/batch_pipeline_dag.py for tasks to queue
[2026-04-24T17:49:46.156+0000] {logging_mixin.py:188} INFO - [2026-04-24T17:49:46.155+0000] {dagbag.py:538} INFO - Filling up the DagBag from /opt/airflow/dags/batch_pipeline_dag.py
[2026-04-24T17:49:46.215+0000] {processor.py:840} INFO - DAG(s) 'batch_pipeline' retrieved from /opt/airflow/dags/batch_pipeline_dag.py
[2026-04-24T17:49:46.338+0000] {logging_mixin.py:188} INFO - [2026-04-24T17:49:46.337+0000] {dag.py:3036} INFO - Sync 1 DAGs
[2026-04-24T17:49:46.560+0000] {processor.py:183} INFO - Processing /opt/airflow/dags/batch_pipeline_dag.py took 0.423 seconds
[2026-04-24T17:50:17.115+0000] {processor.py:161} INFO - Started process (PID=165) to work on /opt/airflow/dags/batch_pipeline_dag.py
[2026-04-24T17:50:17.118+0000] {processor.py:830} INFO - Processing file /opt/airflow/dags/batch_pipeline_dag.py for tasks to queue
[2026-04-24T17:50:17.122+0000] {logging_mixin.py:188} INFO - [2026-04-24T17:50:17.122+0000] {dagbag.py:538} INFO - Filling up the DagBag from /opt/airflow/dags/batch_pipeline_dag.py
[2026-04-24T17:50:17.172+0000] {processor.py:840} INFO - DAG(s) 'batch_pipeline' retrieved from /opt/airflow/dags/batch_pipeline_dag.py
[2026-04-24T17:50:17.326+0000] {logging_mixin.py:188} INFO - [2026-04-24T17:50:17.325+0000] {dag.py:3036} INFO - Sync 1 DAGs
[2026-04-24T17:50:17.507+0000] {processor.py:183} INFO - Processing /opt/airflow/dags/batch_pipeline_dag.py took 0.406 seconds
[2026-04-24T17:50:48.173+0000] {processor.py:161} INFO - Started process (PID=166) to work on /opt/airflow/dags/batch_pipeline_dag.py
[2026-04-24T17:50:48.176+0000] {processor.py:830} INFO - Processing file /opt/airflow/dags/batch_pipeline_dag.py for tasks to queue
[2026-04-24T17:50:48.181+0000] {logging_mixin.py:188} INFO - [2026-04-24T17:50:48.180+0000] {dagbag.py:538} INFO - Filling up the DagBag from /opt/airflow/dags/batch_pipeline_dag.py
[2026-04-24T17:50:48.245+0000] {processor.py:840} INFO - DAG(s) 'batch_pipeline' retrieved from /opt/airflow/dags/batch_pipeline_dag.py
[2026-04-24T17:50:48.364+0000] {logging_mixin.py:188} INFO - [2026-04-24T17:50:48.363+0000] {dag.py:3036} INFO - Sync 1 DAGs
[2026-04-24T17:50:48.614+0000] {processor.py:183} INFO - Processing /opt/airflow/dags/batch_pipeline_dag.py took 0.470 seconds
[2026-04-24T17:51:19.200+0000] {processor.py:161} INFO - Started process (PID=167) to work on /opt/airflow/dags/batch_pipeline_dag.py
[2026-04-24T17:51:19.206+0000] {processor.py:830} INFO - Processing file /opt/airflow/dags/batch_pipeline_dag.py for tasks to queue
[2026-04-24T17:51:19.210+0000] {logging_mixin.py:188} INFO - [2026-04-24T17:51:19.209+0000] {dagbag.py:538} INFO - Filling up the DagBag from /opt/airflow/dags/batch_pipeline_dag.py
[2026-04-24T17:51:19.250+0000] {processor.py:840} INFO - DAG(s) 'batch_pipeline' retrieved from /opt/airflow/dags/batch_pipeline_dag.py
[2026-04-24T17:51:19.355+0000] {logging_mixin.py:188} INFO - [2026-04-24T17:51:19.349+0000] {dag.py:3036} INFO - Sync 1 DAGs
[2026-04-24T17:51:19.516+0000] {processor.py:183} INFO - Processing /opt/airflow/dags/batch_pipeline_dag.py took 0.343 seconds
[2026-04-24T17:51:49.756+0000] {processor.py:161} INFO - Started process (PID=168) to work on /opt/airflow/dags/batch_pipeline_dag.py
[2026-04-24T17:51:49.762+0000] {processor.py:830} INFO - Processing file /opt/airflow/dags/batch_pipeline_dag.py for tasks to queue
[2026-04-24T17:51:49.772+0000] {logging_mixin.py:188} INFO - [2026-04-24T17:51:49.770+0000] {dagbag.py:538} INFO - Filling up the DagBag from /opt/airflow/dags/batch_pipeline_dag.py
[2026-04-24T17:51:49.819+0000] {processor.py:840} INFO - DAG(s) 'batch_pipeline' retrieved from /opt/airflow/dags/batch_pipeline_dag.py
[2026-04-24T17:51:49.961+0000] {logging_mixin.py:188} INFO - [2026-04-24T17:51:49.958+0000] {dag.py:3036} INFO - Sync 1 DAGs
[2026-04-24T17:51:50.206+0000] {processor.py:183} INFO - Processing /opt/airflow/dags/batch_pipeline_dag.py took 0.460 seconds
[2026-04-24T17:52:20.584+0000] {processor.py:161} INFO - Started process (PID=169) to work on /opt/airflow/dags/batch_pipeline_dag.py
[2026-04-24T17:52:20.587+0000] {processor.py:830} INFO - Processing file /opt/airflow/dags/batch_pipeline_dag.py for tasks to queue
[2026-04-24T17:52:20.589+0000] {logging_mixin.py:188} INFO - [2026-04-24T17:52:20.589+0000] {dagbag.py:538} INFO - Filling up the DagBag from /opt/airflow/dags/batch_pipeline_dag.py
[2026-04-24T17:52:20.612+0000] {processor.py:840} INFO - DAG(s) 'batch_pipeline' retrieved from /opt/airflow/dags/batch_pipeline_dag.py
[2026-04-24T17:52:20.695+0000] {logging_mixin.py:188} INFO - [2026-04-24T17:52:20.694+0000] {dag.py:3036} INFO - Sync 1 DAGs
[2026-04-24T17:52:20.861+0000] {processor.py:183} INFO - Processing /opt/airflow/dags/batch_pipeline_dag.py took 0.287 seconds
[2026-04-24T17:52:51.287+0000] {processor.py:161} INFO - Started process (PID=170) to work on /opt/airflow/dags/batch_pipeline_dag.py
[2026-04-24T17:52:51.291+0000] {processor.py:830} INFO - Processing file /opt/airflow/dags/batch_pipeline_dag.py for tasks to queue
[2026-04-24T17:52:51.296+0000] {logging_mixin.py:188} INFO - [2026-04-24T17:52:51.295+0000] {dagbag.py:538} INFO - Filling up the DagBag from /opt/airflow/dags/batch_pipeline_dag.py
[2026-04-24T17:52:51.352+0000] {processor.py:840} INFO - DAG(s) 'batch_pipeline' retrieved from /opt/airflow/dags/batch_pipeline_dag.py
[2026-04-24T17:52:51.441+0000] {logging_mixin.py:188} INFO - [2026-04-24T17:52:51.440+0000] {dag.py:3036} INFO - Sync 1 DAGs
[2026-04-24T17:52:51.551+0000] {processor.py:183} INFO - Processing /opt/airflow/dags/batch_pipeline_dag.py took 0.276 seconds
[2026-04-24T17:53:21.736+0000] {processor.py:161} INFO - Started process (PID=171) to work on /opt/airflow/dags/batch_pipeline_dag.py
[2026-04-24T17:53:21.737+0000] {processor.py:830} INFO - Processing file /opt/airflow/dags/batch_pipeline_dag.py for tasks to queue
[2026-04-24T17:53:21.747+0000] {logging_mixin.py:188} INFO - [2026-04-24T17:53:21.745+0000] {dagbag.py:538} INFO - Filling up the DagBag from /opt/airflow/dags/batch_pipeline_dag.py
[2026-04-24T17:53:21.789+0000] {processor.py:840} INFO - DAG(s) 'batch_pipeline' retrieved from /opt/airflow/dags/batch_pipeline_dag.py
[2026-04-24T17:53:21.954+0000] {logging_mixin.py:188} INFO - [2026-04-24T17:53:21.953+0000] {dag.py:3036} INFO - Sync 1 DAGs
[2026-04-24T17:53:22.197+0000] {processor.py:183} INFO - Processing /opt/airflow/dags/batch_pipeline_dag.py took 0.476 seconds
[2026-04-24T17:53:52.436+0000] {processor.py:161} INFO - Started process (PID=172) to work on /opt/airflow/dags/batch_pipeline_dag.py
[2026-04-24T17:53:52.443+0000] {processor.py:830} INFO - Processing file /opt/airflow/dags/batch_pipeline_dag.py for tasks to queue
[2026-04-24T17:53:52.451+0000] {logging_mixin.py:188} INFO - [2026-04-24T17:53:52.450+0000] {dagbag.py:538} INFO - Filling up the DagBag from /opt/airflow/dags/batch_pipeline_dag.py
[2026-04-24T17:53:52.508+0000] {processor.py:840} INFO - DAG(s) 'batch_pipeline' retrieved from /opt/airflow/dags/batch_pipeline_dag.py
[2026-04-24T17:53:52.652+0000] {logging_mixin.py:188} INFO - [2026-04-24T17:53:52.651+0000] {dag.py:3036} INFO - Sync 1 DAGs
[2026-04-24T17:53:53.222+0000] {processor.py:183} INFO - Processing /opt/airflow/dags/batch_pipeline_dag.py took 0.803 seconds
[2026-04-24T17:54:23.731+0000] {processor.py:161} INFO - Started process (PID=173) to work on /opt/airflow/dags/batch_pipeline_dag.py
[2026-04-24T17:54:23.738+0000] {processor.py:830} INFO - Processing file /opt/airflow/dags/batch_pipeline_dag.py for tasks to queue
[2026-04-24T17:54:23.751+0000] {logging_mixin.py:188} INFO - [2026-04-24T17:54:23.749+0000] {dagbag.py:538} INFO - Filling up the DagBag from /opt/airflow/dags/batch_pipeline_dag.py
[2026-04-24T17:54:23.979+0000] {processor.py:840} INFO - DAG(s) 'batch_pipeline' retrieved from /opt/airflow/dags/batch_pipeline_dag.py
[2026-04-24T17:54:24.122+0000] {logging_mixin.py:188} INFO - [2026-04-24T17:54:24.117+0000] {dag.py:3036} INFO - Sync 1 DAGs
[2026-04-24T17:54:24.392+0000] {processor.py:183} INFO - Processing /opt/airflow/dags/batch_pipeline_dag.py took 0.675 seconds
[2026-04-24T17:54:54.882+0000] {processor.py:161} INFO - Started process (PID=174) to work on /opt/airflow/dags/batch_pipeline_dag.py
[2026-04-24T17:54:54.886+0000] {processor.py:830} INFO - Processing file /opt/airflow/dags/batch_pipeline_dag.py for tasks to queue
[2026-04-24T17:54:54.904+0000] {logging_mixin.py:188} INFO - [2026-04-24T17:54:54.901+0000] {dagbag.py:538} INFO - Filling up the DagBag from /opt/airflow/dags/batch_pipeline_dag.py
[2026-04-24T17:54:54.965+0000] {processor.py:840} INFO - DAG(s) 'batch_pipeline' retrieved from /opt/airflow/dags/batch_pipeline_dag.py
[2026-04-24T17:54:55.061+0000] {logging_mixin.py:188} INFO - [2026-04-24T17:54:55.060+0000] {dag.py:3036} INFO - Sync 1 DAGs
[2026-04-24T17:54:55.257+0000] {processor.py:183} INFO - Processing /opt/airflow/dags/batch_pipeline_dag.py took 0.385 seconds
[2026-04-24T17:55:25.728+0000] {processor.py:161} INFO - Started process (PID=175) to work on /opt/airflow/dags/batch_pipeline_dag.py
[2026-04-24T17:55:25.731+0000] {processor.py:830} INFO - Processing file /opt/airflow/dags/batch_pipeline_dag.py for tasks to queue
[2026-04-24T17:55:25.747+0000] {logging_mixin.py:188} INFO - [2026-04-24T17:55:25.746+0000] {dagbag.py:538} INFO - Filling up the DagBag from /opt/airflow/dags/batch_pipeline_dag.py
[2026-04-24T17:55:25.832+0000] {processor.py:840} INFO - DAG(s) 'batch_pipeline' retrieved from /opt/airflow/dags/batch_pipeline_dag.py
[2026-04-24T17:55:25.938+0000] {logging_mixin.py:188} INFO - [2026-04-24T17:55:25.938+0000] {dag.py:3036} INFO - Sync 1 DAGs
[2026-04-24T17:55:26.154+0000] {processor.py:183} INFO - Processing /opt/airflow/dags/batch_pipeline_dag.py took 0.436 seconds
[2026-04-24T17:55:56.823+0000] {processor.py:161} INFO - Started process (PID=176) to work on /opt/airflow/dags/batch_pipeline_dag.py
[2026-04-24T17:55:56.832+0000] {processor.py:830} INFO - Processing file /opt/airflow/dags/batch_pipeline_dag.py for tasks to queue
[2026-04-24T17:55:56.841+0000] {logging_mixin.py:188} INFO - [2026-04-24T17:55:56.838+0000] {dagbag.py:538} INFO - Filling up the DagBag from /opt/airflow/dags/batch_pipeline_dag.py
[2026-04-24T17:55:56.887+0000] {processor.py:840} INFO - DAG(s) 'batch_pipeline' retrieved from /opt/airflow/dags/batch_pipeline_dag.py
[2026-04-24T17:55:56.987+0000] {logging_mixin.py:188} INFO - [2026-04-24T17:55:56.985+0000] {dag.py:3036} INFO - Sync 1 DAGs
[2026-04-24T17:55:57.164+0000] {processor.py:183} INFO - Processing /opt/airflow/dags/batch_pipeline_dag.py took 0.351 seconds
[2026-04-24T17:56:27.714+0000] {processor.py:161} INFO - Started process (PID=177) to work on /opt/airflow/dags/batch_pipeline_dag.py
[2026-04-24T17:56:27.716+0000] {processor.py:830} INFO - Processing file /opt/airflow/dags/batch_pipeline_dag.py for tasks to queue
[2026-04-24T17:56:27.723+0000] {logging_mixin.py:188} INFO - [2026-04-24T17:56:27.722+0000] {dagbag.py:538} INFO - Filling up the DagBag from /opt/airflow/dags/batch_pipeline_dag.py
[2026-04-24T17:56:27.959+0000] {processor.py:840} INFO - DAG(s) 'batch_pipeline' retrieved from /opt/airflow/dags/batch_pipeline_dag.py
[2026-04-24T17:56:28.092+0000] {logging_mixin.py:188} INFO - [2026-04-24T17:56:28.092+0000] {dag.py:3036} INFO - Sync 1 DAGs
[2026-04-24T17:56:28.347+0000] {processor.py:183} INFO - Processing /opt/airflow/dags/batch_pipeline_dag.py took 0.687 seconds
[2026-04-24T17:56:58.763+0000] {processor.py:161} INFO - Started process (PID=178) to work on /opt/airflow/dags/batch_pipeline_dag.py
[2026-04-24T17:56:58.765+0000] {processor.py:830} INFO - Processing file /opt/airflow/dags/batch_pipeline_dag.py for tasks to queue
[2026-04-24T17:56:58.784+0000] {logging_mixin.py:188} INFO - [2026-04-24T17:56:58.782+0000] {dagbag.py:538} INFO - Filling up the DagBag from /opt/airflow/dags/batch_pipeline_dag.py
[2026-04-24T17:56:58.838+0000] {processor.py:840} INFO - DAG(s) 'batch_pipeline' retrieved from /opt/airflow/dags/batch_pipeline_dag.py
[2026-04-24T17:56:58.968+0000] {logging_mixin.py:188} INFO - [2026-04-24T17:56:58.965+0000] {dag.py:3036} INFO - Sync 1 DAGs
[2026-04-24T17:56:59.183+0000] {processor.py:183} INFO - Processing /opt/airflow/dags/batch_pipeline_dag.py took 0.433 seconds
[2026-04-24T17:57:29.601+0000] {processor.py:161} INFO - Started process (PID=179) to work on /opt/airflow/dags/batch_pipeline_dag.py
[2026-04-24T17:57:29.605+0000] {processor.py:830} INFO - Processing file /opt/airflow/dags/batch_pipeline_dag.py for tasks to queue
[2026-04-24T17:57:29.619+0000] {logging_mixin.py:188} INFO - [2026-04-24T17:57:29.618+0000] {dagbag.py:538} INFO - Filling up the DagBag from /opt/airflow/dags/batch_pipeline_dag.py
[2026-04-24T17:57:29.692+0000] {processor.py:840} INFO - DAG(s) 'batch_pipeline' retrieved from /opt/airflow/dags/batch_pipeline_dag.py
[2026-04-24T17:57:29.780+0000] {logging_mixin.py:188} INFO - [2026-04-24T17:57:29.779+0000] {dag.py:3036} INFO - Sync 1 DAGs
[2026-04-24T17:57:29.904+0000] {processor.py:183} INFO - Processing /opt/airflow/dags/batch_pipeline_dag.py took 0.309 seconds
[2026-04-24T17:57:59.981+0000] {processor.py:161} INFO - Started process (PID=180) to work on /opt/airflow/dags/batch_pipeline_dag.py
[2026-04-24T17:57:59.983+0000] {processor.py:830} INFO - Processing file /opt/airflow/dags/batch_pipeline_dag.py for tasks to queue
[2026-04-24T17:57:59.994+0000] {logging_mixin.py:188} INFO - [2026-04-24T17:57:59.989+0000] {dagbag.py:538} INFO - Filling up the DagBag from /opt/airflow/dags/batch_pipeline_dag.py
[2026-04-24T17:58:00.044+0000] {processor.py:840} INFO - DAG(s) 'batch_pipeline' retrieved from /opt/airflow/dags/batch_pipeline_dag.py
[2026-04-24T17:58:00.115+0000] {logging_mixin.py:188} INFO - [2026-04-24T17:58:00.114+0000] {dag.py:3036} INFO - Sync 1 DAGs
[2026-04-24T17:58:00.320+0000] {processor.py:183} INFO - Processing /opt/airflow/dags/batch_pipeline_dag.py took 0.344 seconds
[2026-04-24T17:58:30.732+0000] {processor.py:161} INFO - Started process (PID=181) to work on /opt/airflow/dags/batch_pipeline_dag.py
[2026-04-24T17:58:30.734+0000] {processor.py:830} INFO - Processing file /opt/airflow/dags/batch_pipeline_dag.py for tasks to queue
[2026-04-24T17:58:30.741+0000] {logging_mixin.py:188} INFO - [2026-04-24T17:58:30.740+0000] {dagbag.py:538} INFO - Filling up the DagBag from /opt/airflow/dags/batch_pipeline_dag.py
[2026-04-24T17:58:30.778+0000] {processor.py:840} INFO - DAG(s) 'batch_pipeline' retrieved from /opt/airflow/dags/batch_pipeline_dag.py
[2026-04-24T17:58:30.859+0000] {logging_mixin.py:188} INFO - [2026-04-24T17:58:30.857+0000] {dag.py:3036} INFO - Sync 1 DAGs
[2026-04-24T17:58:31.127+0000] {processor.py:183} INFO - Processing /opt/airflow/dags/batch_pipeline_dag.py took 0.399 seconds
[2026-04-24T17:59:01.593+0000] {processor.py:161} INFO - Started process (PID=182) to work on /opt/airflow/dags/batch_pipeline_dag.py
[2026-04-24T17:59:01.606+0000] {processor.py:830} INFO - Processing file /opt/airflow/dags/batch_pipeline_dag.py for tasks to queue
[2026-04-24T17:59:01.627+0000] {logging_mixin.py:188} INFO - [2026-04-24T17:59:01.626+0000] {dagbag.py:538} INFO - Filling up the DagBag from /opt/airflow/dags/batch_pipeline_dag.py
[2026-04-24T17:59:01.705+0000] {processor.py:840} INFO - DAG(s) 'batch_pipeline' retrieved from /opt/airflow/dags/batch_pipeline_dag.py
[2026-04-24T17:59:01.924+0000] {logging_mixin.py:188} INFO - [2026-04-24T17:59:01.923+0000] {dag.py:3036} INFO - Sync 1 DAGs
[2026-04-24T17:59:02.168+0000] {processor.py:183} INFO - Processing /opt/airflow/dags/batch_pipeline_dag.py took 0.626 seconds
[2026-04-24T17:59:32.578+0000] {processor.py:161} INFO - Started process (PID=183) to work on /opt/airflow/dags/batch_pipeline_dag.py
[2026-04-24T17:59:32.579+0000] {processor.py:830} INFO - Processing file /opt/airflow/dags/batch_pipeline_dag.py for tasks to queue
[2026-04-24T17:59:32.588+0000] {logging_mixin.py:188} INFO - [2026-04-24T17:59:32.584+0000] {dagbag.py:538} INFO - Filling up the DagBag from /opt/airflow/dags/batch_pipeline_dag.py
[2026-04-24T17:59:32.644+0000] {processor.py:840} INFO - DAG(s) 'batch_pipeline' retrieved from /opt/airflow/dags/batch_pipeline_dag.py
[2026-04-24T17:59:32.748+0000] {logging_mixin.py:188} INFO - [2026-04-24T17:59:32.747+0000] {dag.py:3036} INFO - Sync 1 DAGs
[2026-04-24T17:59:33.090+0000] {processor.py:183} INFO - Processing /opt/airflow/dags/batch_pipeline_dag.py took 0.527 seconds
[2026-04-24T18:00:03.534+0000] {processor.py:161} INFO - Started process (PID=184) to work on /opt/airflow/dags/batch_pipeline_dag.py
[2026-04-24T18:00:03.537+0000] {processor.py:830} INFO - Processing file /opt/airflow/dags/batch_pipeline_dag.py for tasks to queue
[2026-04-24T18:00:03.544+0000] {logging_mixin.py:188} INFO - [2026-04-24T18:00:03.541+0000] {dagbag.py:538} INFO - Filling up the DagBag from /opt/airflow/dags/batch_pipeline_dag.py
[2026-04-24T18:00:03.590+0000] {processor.py:840} INFO - DAG(s) 'batch_pipeline' retrieved from /opt/airflow/dags/batch_pipeline_dag.py
[2026-04-24T18:00:03.662+0000] {logging_mixin.py:188} INFO - [2026-04-24T18:00:03.662+0000] {dag.py:3036} INFO - Sync 1 DAGs
[2026-04-24T18:00:03.829+0000] {processor.py:183} INFO - Processing /opt/airflow/dags/batch_pipeline_dag.py took 0.304 seconds
[2026-04-24T18:00:34.024+0000] {processor.py:161} INFO - Started process (PID=185) to work on /opt/airflow/dags/batch_pipeline_dag.py
[2026-04-24T18:00:34.026+0000] {processor.py:830} INFO - Processing file /opt/airflow/dags/batch_pipeline_dag.py for tasks to queue
[2026-04-24T18:00:34.032+0000] {logging_mixin.py:188} INFO - [2026-04-24T18:00:34.032+0000] {dagbag.py:538} INFO - Filling up the DagBag from /opt/airflow/dags/batch_pipeline_dag.py
[2026-04-24T18:00:34.065+0000] {processor.py:840} INFO - DAG(s) 'batch_pipeline' retrieved from /opt/airflow/dags/batch_pipeline_dag.py
[2026-04-24T18:00:34.146+0000] {logging_mixin.py:188} INFO - [2026-04-24T18:00:34.144+0000] {dag.py:3036} INFO - Sync 1 DAGs
[2026-04-24T18:00:34.313+0000] {processor.py:183} INFO - Processing /opt/airflow/dags/batch_pipeline_dag.py took 0.295 seconds
[2026-04-24T18:01:04.604+0000] {processor.py:161} INFO - Started process (PID=186) to work on /opt/airflow/dags/batch_pipeline_dag.py
[2026-04-24T18:01:04.607+0000] {processor.py:830} INFO - Processing file /opt/airflow/dags/batch_pipeline_dag.py for tasks to queue
[2026-04-24T18:01:04.610+0000] {logging_mixin.py:188} INFO - [2026-04-24T18:01:04.610+0000] {dagbag.py:538} INFO - Filling up the DagBag from /opt/airflow/dags/batch_pipeline_dag.py
[2026-04-24T18:01:04.640+0000] {processor.py:840} INFO - DAG(s) 'batch_pipeline' retrieved from /opt/airflow/dags/batch_pipeline_dag.py
[2026-04-24T18:01:04.689+0000] {logging_mixin.py:188} INFO - [2026-04-24T18:01:04.689+0000] {dag.py:3036} INFO - Sync 1 DAGs
[2026-04-24T18:01:04.773+0000] {processor.py:183} INFO - Processing /opt/airflow/dags/batch_pipeline_dag.py took 0.176 seconds
[2026-04-24T18:01:35.316+0000] {processor.py:161} INFO - Started process (PID=187) to work on /opt/airflow/dags/batch_pipeline_dag.py
[2026-04-24T18:01:35.318+0000] {processor.py:830} INFO - Processing file /opt/airflow/dags/batch_pipeline_dag.py for tasks to queue
[2026-04-24T18:01:35.323+0000] {logging_mixin.py:188} INFO - [2026-04-24T18:01:35.322+0000] {dagbag.py:538} INFO - Filling up the DagBag from /opt/airflow/dags/batch_pipeline_dag.py
[2026-04-24T18:01:35.373+0000] {processor.py:840} INFO - DAG(s) 'batch_pipeline' retrieved from /opt/airflow/dags/batch_pipeline_dag.py
[2026-04-24T18:01:35.470+0000] {logging_mixin.py:188} INFO - [2026-04-24T18:01:35.469+0000] {dag.py:3036} INFO - Sync 1 DAGs
[2026-04-24T18:01:35.618+0000] {processor.py:183} INFO - Processing /opt/airflow/dags/batch_pipeline_dag.py took 0.322 seconds
[2026-04-24T18:02:06.101+0000] {processor.py:161} INFO - Started process (PID=188) to work on /opt/airflow/dags/batch_pipeline_dag.py
[2026-04-24T18:02:06.127+0000] {processor.py:830} INFO - Processing file /opt/airflow/dags/batch_pipeline_dag.py for tasks to queue
[2026-04-24T18:02:06.140+0000] {logging_mixin.py:188} INFO - [2026-04-24T18:02:06.135+0000] {dagbag.py:538} INFO - Filling up the DagBag from /opt/airflow/dags/batch_pipeline_dag.py
[2026-04-24T18:02:06.316+0000] {processor.py:840} INFO - DAG(s) 'batch_pipeline' retrieved from /opt/airflow/dags/batch_pipeline_dag.py
[2026-04-24T18:02:06.542+0000] {logging_mixin.py:188} INFO - [2026-04-24T18:02:06.541+0000] {dag.py:3036} INFO - Sync 1 DAGs
[2026-04-24T18:02:06.692+0000] {processor.py:183} INFO - Processing /opt/airflow/dags/batch_pipeline_dag.py took 0.604 seconds
[2026-04-24T18:02:37.274+0000] {processor.py:161} INFO - Started process (PID=189) to work on /opt/airflow/dags/batch_pipeline_dag.py
[2026-04-24T18:02:37.283+0000] {processor.py:830} INFO - Processing file /opt/airflow/dags/batch_pipeline_dag.py for tasks to queue
[2026-04-24T18:02:37.289+0000] {logging_mixin.py:188} INFO - [2026-04-24T18:02:37.288+0000] {dagbag.py:538} INFO - Filling up the DagBag from /opt/airflow/dags/batch_pipeline_dag.py
[2026-04-24T18:02:37.430+0000] {processor.py:840} INFO - DAG(s) 'batch_pipeline' retrieved from /opt/airflow/dags/batch_pipeline_dag.py
[2026-04-24T18:02:37.552+0000] {logging_mixin.py:188} INFO - [2026-04-24T18:02:37.551+0000] {dag.py:3036} INFO - Sync 1 DAGs
[2026-04-24T18:02:37.703+0000] {processor.py:183} INFO - Processing /opt/airflow/dags/batch_pipeline_dag.py took 0.436 seconds
