[2026-04-24T10:20:19.810+0000] {manager.py:469} INFO - Processing files using up to 2 processes at a time 
[2026-04-24T10:20:19.810+0000] {manager.py:470} INFO - Process each file at most once every 30 seconds
[2026-04-24T10:20:19.811+0000] {manager.py:471} INFO - Checking for new files in /opt/airflow/dags every 300 seconds
[2026-04-24T10:20:19.811+0000] {manager.py:738} INFO - Searching for files in /opt/airflow/dags
[2026-04-24T10:20:19.816+0000] {manager.py:741} INFO - There are 1 files in /opt/airflow/dags
[2026-04-24T10:20:19.964+0000] {manager.py:879} INFO - 
================================================================================
DAG File Processing Stats

File Path                                  PID  Runtime      # DAGs    # Errors  Last Runtime    Last Run
---------------------------------------  -----  ---------  --------  ----------  --------------  ----------
/opt/airflow/dags/batch_pipeline_dag.py     47  0.07s             0           0
================================================================================
[2026-04-24T10:20:50.166+0000] {manager.py:879} INFO - 
================================================================================
DAG File Processing Stats

File Path                                PID    Runtime      # DAGs    # Errors  Last Runtime    Last Run
---------------------------------------  -----  ---------  --------  ----------  --------------  -------------------
/opt/airflow/dags/batch_pipeline_dag.py                           1           0  0.87s           2026-04-24T10:20:20
================================================================================
[2026-04-24T10:21:20.297+0000] {manager.py:879} INFO - 
================================================================================
DAG File Processing Stats

File Path                                PID    Runtime      # DAGs    # Errors  Last Runtime    Last Run
---------------------------------------  -----  ---------  --------  ----------  --------------  -------------------
/opt/airflow/dags/batch_pipeline_dag.py                           1           0  0.20s           2026-04-24T10:20:51
================================================================================
[2026-04-24T10:21:50.461+0000] {manager.py:879} INFO - 
================================================================================
DAG File Processing Stats

File Path                                PID    Runtime      # DAGs    # Errors  Last Runtime    Last Run
---------------------------------------  -----  ---------  --------  ----------  --------------  -------------------
/opt/airflow/dags/batch_pipeline_dag.py                           1           0  0.21s           2026-04-24T10:21:21
================================================================================
[2026-04-24T10:22:20.833+0000] {manager.py:879} INFO - 
================================================================================
DAG File Processing Stats

File Path                                PID    Runtime      # DAGs    # Errors  Last Runtime    Last Run
---------------------------------------  -----  ---------  --------  ----------  --------------  -------------------
/opt/airflow/dags/batch_pipeline_dag.py                           1           0  0.19s           2026-04-24T10:21:51
================================================================================
[2026-04-24T10:22:51.183+0000] {manager.py:879} INFO - 
================================================================================
DAG File Processing Stats

File Path                                PID    Runtime      # DAGs    # Errors  Last Runtime    Last Run
---------------------------------------  -----  ---------  --------  ----------  --------------  -------------------
/opt/airflow/dags/batch_pipeline_dag.py                           1           0  0.16s           2026-04-24T10:22:22
================================================================================
[2026-04-24T10:23:21.460+0000] {manager.py:879} INFO - 
================================================================================
DAG File Processing Stats

File Path                                PID    Runtime      # DAGs    # Errors  Last Runtime    Last Run
---------------------------------------  -----  ---------  --------  ----------  --------------  -------------------
/opt/airflow/dags/batch_pipeline_dag.py                           1           0  0.16s           2026-04-24T10:22:52
================================================================================
[2026-04-24T10:23:51.624+0000] {manager.py:879} INFO - 
================================================================================
DAG File Processing Stats

File Path                                PID    Runtime      # DAGs    # Errors  Last Runtime    Last Run
---------------------------------------  -----  ---------  --------  ----------  --------------  -------------------
/opt/airflow/dags/batch_pipeline_dag.py                           1           0  0.15s           2026-04-24T10:23:22
================================================================================
[2026-04-24T10:24:21.915+0000] {manager.py:879} INFO - 
================================================================================
DAG File Processing Stats

File Path                                PID    Runtime      # DAGs    # Errors  Last Runtime    Last Run
---------------------------------------  -----  ---------  --------  ----------  --------------  -------------------
/opt/airflow/dags/batch_pipeline_dag.py                           1           0  0.15s           2026-04-24T10:23:52
================================================================================
[2026-04-24T10:24:52.096+0000] {manager.py:879} INFO - 
================================================================================
DAG File Processing Stats

File Path                                PID    Runtime      # DAGs    # Errors  Last Runtime    Last Run
---------------------------------------  -----  ---------  --------  ----------  --------------  -------------------
/opt/airflow/dags/batch_pipeline_dag.py                           1           0  0.16s           2026-04-24T10:24:23
================================================================================
[2026-04-24T10:25:20.358+0000] {manager.py:738} INFO - Searching for files in /opt/airflow/dags
[2026-04-24T10:25:20.364+0000] {manager.py:741} INFO - There are 1 files in /opt/airflow/dags
[2026-04-24T10:25:22.393+0000] {manager.py:879} INFO - 
================================================================================
DAG File Processing Stats

File Path                                PID    Runtime      # DAGs    # Errors  Last Runtime    Last Run
---------------------------------------  -----  ---------  --------  ----------  --------------  -------------------
/opt/airflow/dags/batch_pipeline_dag.py                           1           0  0.17s           2026-04-24T10:24:53
================================================================================
[2026-04-24T10:25:52.558+0000] {manager.py:879} INFO - 
================================================================================
DAG File Processing Stats

File Path                                PID    Runtime      # DAGs    # Errors  Last Runtime    Last Run
---------------------------------------  -----  ---------  --------  ----------  --------------  -------------------
/opt/airflow/dags/batch_pipeline_dag.py                           1           0  0.14s           2026-04-24T10:25:23
================================================================================
[2026-04-24T10:26:22.814+0000] {manager.py:879} INFO - 
================================================================================
DAG File Processing Stats

File Path                                PID    Runtime      # DAGs    # Errors  Last Runtime    Last Run
---------------------------------------  -----  ---------  --------  ----------  --------------  -------------------
/opt/airflow/dags/batch_pipeline_dag.py                           1           0  0.14s           2026-04-24T10:25:53
================================================================================
[2026-04-24T10:26:52.993+0000] {manager.py:879} INFO - 
================================================================================
DAG File Processing Stats

File Path                                PID    Runtime      # DAGs    # Errors  Last Runtime    Last Run
---------------------------------------  -----  ---------  --------  ----------  --------------  -------------------
/opt/airflow/dags/batch_pipeline_dag.py                           1           0  0.22s           2026-04-24T10:26:24
================================================================================
[2026-04-24T10:27:23.314+0000] {manager.py:879} INFO - 
================================================================================
DAG File Processing Stats

File Path                                PID    Runtime      # DAGs    # Errors  Last Runtime    Last Run
---------------------------------------  -----  ---------  --------  ----------  --------------  -------------------
/opt/airflow/dags/batch_pipeline_dag.py                           1           0  0.15s           2026-04-24T10:26:54
================================================================================
[2026-04-24T10:27:53.616+0000] {manager.py:879} INFO - 
================================================================================
DAG File Processing Stats

File Path                                PID    Runtime      # DAGs    # Errors  Last Runtime    Last Run
---------------------------------------  -----  ---------  --------  ----------  --------------  -------------------
/opt/airflow/dags/batch_pipeline_dag.py                           1           0  0.19s           2026-04-24T10:27:24
================================================================================
[2026-04-24T10:28:23.849+0000] {manager.py:879} INFO - 
================================================================================
DAG File Processing Stats

File Path                                PID    Runtime      # DAGs    # Errors  Last Runtime    Last Run
---------------------------------------  -----  ---------  --------  ----------  --------------  -------------------
/opt/airflow/dags/batch_pipeline_dag.py                           1           0  0.20s           2026-04-24T10:27:54
================================================================================
[2026-04-24T10:28:54.133+0000] {manager.py:879} INFO - 
================================================================================
DAG File Processing Stats

File Path                                PID    Runtime      # DAGs    # Errors  Last Runtime    Last Run
---------------------------------------  -----  ---------  --------  ----------  --------------  -------------------
/opt/airflow/dags/batch_pipeline_dag.py                           1           0  0.16s           2026-04-24T10:28:25
================================================================================
[2026-04-24T10:29:24.319+0000] {manager.py:879} INFO - 
================================================================================
DAG File Processing Stats

File Path                                PID    Runtime      # DAGs    # Errors  Last Runtime    Last Run
---------------------------------------  -----  ---------  --------  ----------  --------------  -------------------
/opt/airflow/dags/batch_pipeline_dag.py                           1           0  0.25s           2026-04-24T10:28:55
================================================================================
[2026-04-24T10:29:54.677+0000] {manager.py:879} INFO - 
================================================================================
DAG File Processing Stats

File Path                                PID    Runtime      # DAGs    # Errors  Last Runtime    Last Run
---------------------------------------  -----  ---------  --------  ----------  --------------  -------------------
/opt/airflow/dags/batch_pipeline_dag.py                           1           0  0.14s           2026-04-24T10:29:25
================================================================================
[2026-04-24T10:30:20.935+0000] {manager.py:738} INFO - Searching for files in /opt/airflow/dags
[2026-04-24T10:30:20.940+0000] {manager.py:741} INFO - There are 1 files in /opt/airflow/dags
[2026-04-24T10:30:24.978+0000] {manager.py:879} INFO - 
================================================================================
DAG File Processing Stats

File Path                                PID    Runtime      # DAGs    # Errors  Last Runtime    Last Run
---------------------------------------  -----  ---------  --------  ----------  --------------  -------------------
/opt/airflow/dags/batch_pipeline_dag.py                           1           0  0.15s           2026-04-24T10:29:55
================================================================================
[2026-04-24T10:30:36.771+0000] {manager.py:451} INFO - Exiting gracefully upon receiving signal 15
[2026-04-24T10:31:04.194+0000] {manager.py:469} INFO - Processing files using up to 2 processes at a time 
[2026-04-24T10:31:04.195+0000] {manager.py:470} INFO - Process each file at most once every 30 seconds
[2026-04-24T10:31:04.197+0000] {manager.py:471} INFO - Checking for new files in /opt/airflow/dags every 300 seconds
[2026-04-24T10:31:04.198+0000] {manager.py:738} INFO - Searching for files in /opt/airflow/dags
[2026-04-24T10:31:04.203+0000] {manager.py:741} INFO - There are 1 files in /opt/airflow/dags
[2026-04-24T10:31:04.392+0000] {manager.py:879} INFO - 
================================================================================
DAG File Processing Stats

File Path                                  PID  Runtime      # DAGs    # Errors  Last Runtime    Last Run
---------------------------------------  -----  ---------  --------  ----------  --------------  ----------
/opt/airflow/dags/batch_pipeline_dag.py     29  0.10s             0           0
================================================================================
[2026-04-24T10:31:34.549+0000] {manager.py:879} INFO - 
================================================================================
DAG File Processing Stats

File Path                                PID    Runtime      # DAGs    # Errors  Last Runtime    Last Run
---------------------------------------  -----  ---------  --------  ----------  --------------  -------------------
/opt/airflow/dags/batch_pipeline_dag.py                           1           0  0.31s           2026-04-24T10:31:04
================================================================================
[2026-04-24T10:32:04.966+0000] {manager.py:879} INFO - 
================================================================================
DAG File Processing Stats

File Path                                PID    Runtime      # DAGs    # Errors  Last Runtime    Last Run
---------------------------------------  -----  ---------  --------  ----------  --------------  -------------------
/opt/airflow/dags/batch_pipeline_dag.py                           1           0  0.22s           2026-04-24T10:31:34
================================================================================
[2026-04-24T10:32:35.280+0000] {manager.py:879} INFO - 
================================================================================
DAG File Processing Stats

File Path                                  PID  Runtime      # DAGs    # Errors  Last Runtime    Last Run
---------------------------------------  -----  ---------  --------  ----------  --------------  -------------------
/opt/airflow/dags/batch_pipeline_dag.py     42  0.01s             1           0  0.15s           2026-04-24T10:32:05
================================================================================
[2026-04-24T10:33:05.567+0000] {manager.py:879} INFO - 
================================================================================
DAG File Processing Stats

File Path                                  PID  Runtime      # DAGs    # Errors  Last Runtime    Last Run
---------------------------------------  -----  ---------  --------  ----------  --------------  -------------------
/opt/airflow/dags/batch_pipeline_dag.py     43  0.01s             1           0  0.18s           2026-04-24T10:32:35
================================================================================
[2026-04-24T10:33:35.753+0000] {manager.py:879} INFO - 
================================================================================
DAG File Processing Stats

File Path                                  PID  Runtime      # DAGs    # Errors  Last Runtime    Last Run
---------------------------------------  -----  ---------  --------  ----------  --------------  -------------------
/opt/airflow/dags/batch_pipeline_dag.py     44  0.01s             1           0  0.18s           2026-04-24T10:33:05
================================================================================
[2026-04-24T10:34:06.010+0000] {manager.py:879} INFO - 
================================================================================
DAG File Processing Stats

File Path                                  PID  Runtime      # DAGs    # Errors  Last Runtime    Last Run
---------------------------------------  -----  ---------  --------  ----------  --------------  -------------------
/opt/airflow/dags/batch_pipeline_dag.py     45  0.01s             1           0  0.20s           2026-04-24T10:33:35
================================================================================
[2026-04-24T10:34:36.248+0000] {manager.py:879} INFO - 
================================================================================
DAG File Processing Stats

File Path                                  PID  Runtime      # DAGs    # Errors  Last Runtime    Last Run
---------------------------------------  -----  ---------  --------  ----------  --------------  -------------------
/opt/airflow/dags/batch_pipeline_dag.py     46  0.01s             1           0  0.16s           2026-04-24T10:34:06
================================================================================
[2026-04-24T10:35:06.467+0000] {manager.py:879} INFO - 
================================================================================
DAG File Processing Stats

File Path                                PID    Runtime      # DAGs    # Errors  Last Runtime    Last Run
---------------------------------------  -----  ---------  --------  ----------  --------------  -------------------
/opt/airflow/dags/batch_pipeline_dag.py                           1           0  0.25s           2026-04-24T10:34:36
================================================================================
[2026-04-24T10:35:36.772+0000] {manager.py:879} INFO - 
================================================================================
DAG File Processing Stats

File Path                                  PID  Runtime      # DAGs    # Errors  Last Runtime    Last Run
---------------------------------------  -----  ---------  --------  ----------  --------------  -------------------
/opt/airflow/dags/batch_pipeline_dag.py     82  0.01s             1           0  0.15s           2026-04-24T10:35:06
================================================================================
[2026-04-24T10:36:05.032+0000] {manager.py:738} INFO - Searching for files in /opt/airflow/dags
[2026-04-24T10:36:05.036+0000] {manager.py:741} INFO - There are 1 files in /opt/airflow/dags
[2026-04-24T10:36:07.076+0000] {manager.py:879} INFO - 
================================================================================
DAG File Processing Stats

File Path                                  PID  Runtime      # DAGs    # Errors  Last Runtime    Last Run
---------------------------------------  -----  ---------  --------  ----------  --------------  -------------------
/opt/airflow/dags/batch_pipeline_dag.py     83  0.01s             1           0  0.18s           2026-04-24T10:35:36
================================================================================
[2026-04-24T10:36:14.010+0000] {manager.py:451} INFO - Exiting gracefully upon receiving signal 15
[2026-04-24T10:38:21.718+0000] {manager.py:469} INFO - Processing files using up to 2 processes at a time 
[2026-04-24T10:38:21.722+0000] {manager.py:470} INFO - Process each file at most once every 30 seconds
[2026-04-24T10:38:21.727+0000] {manager.py:471} INFO - Checking for new files in /opt/airflow/dags every 300 seconds
[2026-04-24T10:38:21.727+0000] {manager.py:738} INFO - Searching for files in /opt/airflow/dags
[2026-04-24T10:38:21.743+0000] {manager.py:741} INFO - There are 1 files in /opt/airflow/dags
[2026-04-24T10:38:22.158+0000] {manager.py:879} INFO - 
================================================================================
DAG File Processing Stats

File Path                                  PID  Runtime      # DAGs    # Errors  Last Runtime    Last Run
---------------------------------------  -----  ---------  --------  ----------  --------------  ----------
/opt/airflow/dags/batch_pipeline_dag.py     43  0.22s             0           0
================================================================================
[2026-04-24T10:38:52.555+0000] {manager.py:879} INFO - 
================================================================================
DAG File Processing Stats

File Path                                  PID  Runtime      # DAGs    # Errors  Last Runtime    Last Run
---------------------------------------  -----  ---------  --------  ----------  --------------  -------------------
/opt/airflow/dags/batch_pipeline_dag.py     54  0.01s             1           0  0.54s           2026-04-24T10:38:22
================================================================================
[2026-04-24T10:39:22.924+0000] {manager.py:879} INFO - 
================================================================================
DAG File Processing Stats

File Path                                PID    Runtime      # DAGs    # Errors  Last Runtime    Last Run
---------------------------------------  -----  ---------  --------  ----------  --------------  -------------------
/opt/airflow/dags/batch_pipeline_dag.py                           1           0  0.57s           2026-04-24T10:38:53
================================================================================
[2026-04-24T10:39:53.515+0000] {manager.py:879} INFO - 
================================================================================
DAG File Processing Stats

File Path                                  PID  Runtime      # DAGs    # Errors  Last Runtime    Last Run
---------------------------------------  -----  ---------  --------  ----------  --------------  -------------------
/opt/airflow/dags/batch_pipeline_dag.py     63  0.01s             1           0  0.16s           2026-04-24T10:39:23
================================================================================
[2026-04-24T10:40:23.851+0000] {manager.py:879} INFO - 
================================================================================
DAG File Processing Stats

File Path                                  PID  Runtime      # DAGs    # Errors  Last Runtime    Last Run
---------------------------------------  -----  ---------  --------  ----------  --------------  -------------------
/opt/airflow/dags/batch_pipeline_dag.py     74  0.01s             1           0  0.15s           2026-04-24T10:39:53
================================================================================
[2026-04-24T10:40:54.110+0000] {manager.py:879} INFO - 
================================================================================
DAG File Processing Stats

File Path                                  PID  Runtime      # DAGs    # Errors  Last Runtime    Last Run
---------------------------------------  -----  ---------  --------  ----------  --------------  -------------------
/opt/airflow/dags/batch_pipeline_dag.py     75  0.01s             1           0  0.17s           2026-04-24T10:40:24
================================================================================
[2026-04-24T10:41:24.621+0000] {manager.py:879} INFO - 
================================================================================
DAG File Processing Stats

File Path                                  PID  Runtime      # DAGs    # Errors  Last Runtime    Last Run
---------------------------------------  -----  ---------  --------  ----------  --------------  -------------------
/opt/airflow/dags/batch_pipeline_dag.py     76  0.16s             1           0  0.16s           2026-04-24T10:40:54
================================================================================
[2026-04-24T10:41:54.892+0000] {manager.py:879} INFO - 
================================================================================
DAG File Processing Stats

File Path                                PID    Runtime      # DAGs    # Errors  Last Runtime    Last Run
---------------------------------------  -----  ---------  --------  ----------  --------------  -------------------
/opt/airflow/dags/batch_pipeline_dag.py                           1           0  0.48s           2026-04-24T10:41:24
================================================================================
[2026-04-24T10:42:25.351+0000] {manager.py:879} INFO - 
================================================================================
DAG File Processing Stats

File Path                                  PID  Runtime      # DAGs    # Errors  Last Runtime    Last Run
---------------------------------------  -----  ---------  --------  ----------  --------------  -------------------
/opt/airflow/dags/batch_pipeline_dag.py     78  0.01s             1           0  0.19s           2026-04-24T10:41:55
================================================================================
[2026-04-24T10:42:55.562+0000] {manager.py:879} INFO - 
================================================================================
DAG File Processing Stats

File Path                                  PID  Runtime      # DAGs    # Errors  Last Runtime    Last Run
---------------------------------------  -----  ---------  --------  ----------  --------------  -------------------
/opt/airflow/dags/batch_pipeline_dag.py     79  0.01s             1           0  0.14s           2026-04-24T10:42:25
================================================================================
[2026-04-24T10:43:21.858+0000] {manager.py:738} INFO - Searching for files in /opt/airflow/dags
[2026-04-24T10:43:21.864+0000] {manager.py:741} INFO - There are 1 files in /opt/airflow/dags
[2026-04-24T10:43:25.919+0000] {manager.py:879} INFO - 
================================================================================
DAG File Processing Stats

File Path                                  PID  Runtime      # DAGs    # Errors  Last Runtime    Last Run
---------------------------------------  -----  ---------  --------  ----------  --------------  -------------------
/opt/airflow/dags/batch_pipeline_dag.py     80  0.01s             1           0  0.17s           2026-04-24T10:42:55
================================================================================
[2026-04-24T10:43:56.154+0000] {manager.py:879} INFO - 
================================================================================
DAG File Processing Stats

File Path                                  PID  Runtime      # DAGs    # Errors  Last Runtime    Last Run
---------------------------------------  -----  ---------  --------  ----------  --------------  -------------------
/opt/airflow/dags/batch_pipeline_dag.py     81  0.01s             1           0  0.17s           2026-04-24T10:43:26
================================================================================
[2026-04-24T10:44:26.474+0000] {manager.py:879} INFO - 
================================================================================
DAG File Processing Stats

File Path                                  PID  Runtime      # DAGs    # Errors  Last Runtime    Last Run
---------------------------------------  -----  ---------  --------  ----------  --------------  -------------------
/opt/airflow/dags/batch_pipeline_dag.py     82  0.01s             1           0  0.19s           2026-04-24T10:43:56
================================================================================
[2026-04-24T10:44:56.749+0000] {manager.py:879} INFO - 
================================================================================
DAG File Processing Stats

File Path                                  PID  Runtime      # DAGs    # Errors  Last Runtime    Last Run
---------------------------------------  -----  ---------  --------  ----------  --------------  -------------------
/opt/airflow/dags/batch_pipeline_dag.py     83  0.01s             1           0  0.15s           2026-04-24T10:44:26
================================================================================
[2026-04-24T10:45:26.994+0000] {manager.py:879} INFO - 
================================================================================
DAG File Processing Stats

File Path                                PID    Runtime      # DAGs    # Errors  Last Runtime    Last Run
---------------------------------------  -----  ---------  --------  ----------  --------------  -------------------
/opt/airflow/dags/batch_pipeline_dag.py                           1           0  0.32s           2026-04-24T10:44:57
================================================================================
[2026-04-24T10:45:57.456+0000] {manager.py:879} INFO - 
================================================================================
DAG File Processing Stats

File Path                                PID    Runtime      # DAGs    # Errors  Last Runtime    Last Run
---------------------------------------  -----  ---------  --------  ----------  --------------  -------------------
/opt/airflow/dags/batch_pipeline_dag.py                           1           0  0.24s           2026-04-24T10:45:27
================================================================================
[2026-04-24T10:46:27.877+0000] {manager.py:879} INFO - 
================================================================================
DAG File Processing Stats

File Path                                  PID  Runtime      # DAGs    # Errors  Last Runtime    Last Run
---------------------------------------  -----  ---------  --------  ----------  --------------  -------------------
/opt/airflow/dags/batch_pipeline_dag.py     86  0.01s             1           0  0.16s           2026-04-24T10:45:57
================================================================================
[2026-04-24T10:46:58.226+0000] {manager.py:879} INFO - 
================================================================================
DAG File Processing Stats

File Path                                  PID  Runtime      # DAGs    # Errors  Last Runtime    Last Run
---------------------------------------  -----  ---------  --------  ----------  --------------  -------------------
/opt/airflow/dags/batch_pipeline_dag.py     87  0.01s             1           0  0.22s           2026-04-24T10:46:28
================================================================================
[2026-04-24T10:47:28.504+0000] {manager.py:879} INFO - 
================================================================================
DAG File Processing Stats

File Path                                  PID  Runtime      # DAGs    # Errors  Last Runtime    Last Run
---------------------------------------  -----  ---------  --------  ----------  --------------  -------------------
/opt/airflow/dags/batch_pipeline_dag.py     88  0.01s             1           0  0.20s           2026-04-24T10:46:58
================================================================================
[2026-04-24T10:47:58.815+0000] {manager.py:879} INFO - 
================================================================================
DAG File Processing Stats

File Path                                  PID  Runtime      # DAGs    # Errors  Last Runtime    Last Run
---------------------------------------  -----  ---------  --------  ----------  --------------  -------------------
/opt/airflow/dags/batch_pipeline_dag.py     89  0.01s             1           0  0.20s           2026-04-24T10:47:28
================================================================================
[2026-04-24T10:48:22.048+0000] {manager.py:738} INFO - Searching for files in /opt/airflow/dags
[2026-04-24T10:48:22.055+0000] {manager.py:741} INFO - There are 1 files in /opt/airflow/dags
[2026-04-24T10:48:29.137+0000] {manager.py:879} INFO - 
================================================================================
DAG File Processing Stats

File Path                                  PID  Runtime      # DAGs    # Errors  Last Runtime    Last Run
---------------------------------------  -----  ---------  --------  ----------  --------------  -------------------
/opt/airflow/dags/batch_pipeline_dag.py     90  0.01s             1           0  0.15s           2026-04-24T10:47:58
================================================================================
[2026-04-24T10:48:59.373+0000] {manager.py:879} INFO - 
================================================================================
DAG File Processing Stats

File Path                                  PID  Runtime      # DAGs    # Errors  Last Runtime    Last Run
---------------------------------------  -----  ---------  --------  ----------  --------------  -------------------
/opt/airflow/dags/batch_pipeline_dag.py     91  0.01s             1           0  0.14s           2026-04-24T10:48:29
================================================================================
[2026-04-24T10:49:29.671+0000] {manager.py:879} INFO - 
================================================================================
DAG File Processing Stats

File Path                                  PID  Runtime      # DAGs    # Errors  Last Runtime    Last Run
---------------------------------------  -----  ---------  --------  ----------  --------------  -------------------
/opt/airflow/dags/batch_pipeline_dag.py     92  0.01s             1           0  0.15s           2026-04-24T10:48:59
================================================================================
[2026-04-24T10:49:59.898+0000] {manager.py:879} INFO - 
================================================================================
DAG File Processing Stats

File Path                                  PID  Runtime      # DAGs    # Errors  Last Runtime    Last Run
---------------------------------------  -----  ---------  --------  ----------  --------------  -------------------
/opt/airflow/dags/batch_pipeline_dag.py     93  0.01s             1           0  0.15s           2026-04-24T10:49:29
================================================================================
[2026-04-24T10:50:30.239+0000] {manager.py:879} INFO - 
================================================================================
DAG File Processing Stats

File Path                                  PID  Runtime      # DAGs    # Errors  Last Runtime    Last Run
---------------------------------------  -----  ---------  --------  ----------  --------------  -------------------
/opt/airflow/dags/batch_pipeline_dag.py     94  0.01s             1           0  0.20s           2026-04-24T10:50:00
================================================================================
[2026-04-24T10:51:00.473+0000] {manager.py:879} INFO - 
================================================================================
DAG File Processing Stats

File Path                                  PID  Runtime      # DAGs    # Errors  Last Runtime    Last Run
---------------------------------------  -----  ---------  --------  ----------  --------------  -------------------
/opt/airflow/dags/batch_pipeline_dag.py     95  0.01s             1           0  0.15s           2026-04-24T10:50:30
================================================================================
[2026-04-24T10:51:30.795+0000] {manager.py:879} INFO - 
================================================================================
DAG File Processing Stats

File Path                                  PID  Runtime      # DAGs    # Errors  Last Runtime    Last Run
---------------------------------------  -----  ---------  --------  ----------  --------------  -------------------
/opt/airflow/dags/batch_pipeline_dag.py     96  0.01s             1           0  0.14s           2026-04-24T10:51:00
================================================================================
[2026-04-24T10:52:01.002+0000] {manager.py:879} INFO - 
================================================================================
DAG File Processing Stats

File Path                                  PID  Runtime      # DAGs    # Errors  Last Runtime    Last Run
---------------------------------------  -----  ---------  --------  ----------  --------------  -------------------
/opt/airflow/dags/batch_pipeline_dag.py     97  0.01s             1           0  0.15s           2026-04-24T10:51:30
================================================================================
[2026-04-24T10:52:31.329+0000] {manager.py:879} INFO - 
================================================================================
DAG File Processing Stats

File Path                                  PID  Runtime      # DAGs    # Errors  Last Runtime    Last Run
---------------------------------------  -----  ---------  --------  ----------  --------------  -------------------
/opt/airflow/dags/batch_pipeline_dag.py     98  0.01s             1           0  0.23s           2026-04-24T10:52:01
================================================================================
[2026-04-24T10:53:01.619+0000] {manager.py:879} INFO - 
================================================================================
DAG File Processing Stats

File Path                                  PID  Runtime      # DAGs    # Errors  Last Runtime    Last Run
---------------------------------------  -----  ---------  --------  ----------  --------------  -------------------
/opt/airflow/dags/batch_pipeline_dag.py     99  0.01s             1           0  0.16s           2026-04-24T10:52:31
================================================================================
[2026-04-24T10:53:22.804+0000] {manager.py:738} INFO - Searching for files in /opt/airflow/dags
[2026-04-24T10:53:22.810+0000] {manager.py:741} INFO - There are 1 files in /opt/airflow/dags
[2026-04-24T10:53:31.898+0000] {manager.py:879} INFO - 
================================================================================
DAG File Processing Stats

File Path                                  PID  Runtime      # DAGs    # Errors  Last Runtime    Last Run
---------------------------------------  -----  ---------  --------  ----------  --------------  -------------------
/opt/airflow/dags/batch_pipeline_dag.py    100  0.01s             1           0  0.21s           2026-04-24T10:53:01
================================================================================
[2026-04-24T10:54:02.248+0000] {manager.py:879} INFO - 
================================================================================
DAG File Processing Stats

File Path                                  PID  Runtime      # DAGs    # Errors  Last Runtime    Last Run
---------------------------------------  -----  ---------  --------  ----------  --------------  -------------------
/opt/airflow/dags/batch_pipeline_dag.py    101  0.01s             1           0  0.15s           2026-04-24T10:53:32
================================================================================
[2026-04-24T10:54:32.467+0000] {manager.py:879} INFO - 
================================================================================
DAG File Processing Stats

File Path                                PID    Runtime      # DAGs    # Errors  Last Runtime    Last Run
---------------------------------------  -----  ---------  --------  ----------  --------------  -------------------
/opt/airflow/dags/batch_pipeline_dag.py                           1           0  0.31s           2026-04-24T10:54:02
================================================================================
[2026-04-24T10:55:02.995+0000] {manager.py:879} INFO - 
================================================================================
DAG File Processing Stats

File Path                                  PID  Runtime      # DAGs    # Errors  Last Runtime    Last Run
---------------------------------------  -----  ---------  --------  ----------  --------------  -------------------
/opt/airflow/dags/batch_pipeline_dag.py    103  0.02s             1           0  0.17s           2026-04-24T10:54:32
================================================================================
[2026-04-24T10:55:33.321+0000] {manager.py:879} INFO - 
================================================================================
DAG File Processing Stats

File Path                                PID    Runtime      # DAGs    # Errors  Last Runtime    Last Run
---------------------------------------  -----  ---------  --------  ----------  --------------  -------------------
/opt/airflow/dags/batch_pipeline_dag.py                           1           0  0.36s           2026-04-24T10:55:03
================================================================================
[2026-04-24T10:56:03.755+0000] {manager.py:879} INFO - 
================================================================================
DAG File Processing Stats

File Path                                  PID  Runtime      # DAGs    # Errors  Last Runtime    Last Run
---------------------------------------  -----  ---------  --------  ----------  --------------  -------------------
/opt/airflow/dags/batch_pipeline_dag.py    105  0.01s             1           0  0.17s           2026-04-24T10:55:33
================================================================================
[2026-04-24T10:56:34.066+0000] {manager.py:879} INFO - 
================================================================================
DAG File Processing Stats

File Path                                PID    Runtime      # DAGs    # Errors  Last Runtime    Last Run
---------------------------------------  -----  ---------  --------  ----------  --------------  -------------------
/opt/airflow/dags/batch_pipeline_dag.py                           1           0  0.47s           2026-04-24T10:56:04
================================================================================
[2026-04-24T10:57:04.610+0000] {manager.py:879} INFO - 
================================================================================
DAG File Processing Stats

File Path                                PID    Runtime      # DAGs    # Errors  Last Runtime    Last Run
---------------------------------------  -----  ---------  --------  ----------  --------------  -------------------
/opt/airflow/dags/batch_pipeline_dag.py                           1           0  1.05s           2026-04-24T10:56:35
================================================================================
[2026-04-24T10:57:34.856+0000] {manager.py:879} INFO - 
================================================================================
DAG File Processing Stats

File Path                                PID    Runtime      # DAGs    # Errors  Last Runtime    Last Run
---------------------------------------  -----  ---------  --------  ----------  --------------  -------------------
/opt/airflow/dags/batch_pipeline_dag.py                           1           0  0.22s           2026-04-24T10:57:05
================================================================================
[2026-04-24T10:58:05.059+0000] {manager.py:879} INFO - 
================================================================================
DAG File Processing Stats

File Path                                PID    Runtime      # DAGs    # Errors  Last Runtime    Last Run
---------------------------------------  -----  ---------  --------  ----------  --------------  -------------------
/opt/airflow/dags/batch_pipeline_dag.py                           1           0  0.15s           2026-04-24T10:57:36
================================================================================
[2026-04-24T10:58:23.309+0000] {manager.py:738} INFO - Searching for files in /opt/airflow/dags
[2026-04-24T10:58:23.315+0000] {manager.py:741} INFO - There are 1 files in /opt/airflow/dags
[2026-04-24T10:58:35.413+0000] {manager.py:879} INFO - 
================================================================================
DAG File Processing Stats

File Path                                PID    Runtime      # DAGs    # Errors  Last Runtime    Last Run
---------------------------------------  -----  ---------  --------  ----------  --------------  -------------------
/opt/airflow/dags/batch_pipeline_dag.py                           1           0  0.15s           2026-04-24T10:58:06
================================================================================
[2026-04-24T10:59:05.643+0000] {manager.py:879} INFO - 
================================================================================
DAG File Processing Stats

File Path                                PID    Runtime      # DAGs    # Errors  Last Runtime    Last Run
---------------------------------------  -----  ---------  --------  ----------  --------------  -------------------
/opt/airflow/dags/batch_pipeline_dag.py                           1           0  0.15s           2026-04-24T10:58:36
================================================================================
[2026-04-24T10:59:35.942+0000] {manager.py:879} INFO - 
================================================================================
DAG File Processing Stats

File Path                                PID    Runtime      # DAGs    # Errors  Last Runtime    Last Run
---------------------------------------  -----  ---------  --------  ----------  --------------  -------------------
/opt/airflow/dags/batch_pipeline_dag.py                           1           0  0.23s           2026-04-24T10:59:06
================================================================================
[2026-04-24T11:00:06.261+0000] {manager.py:879} INFO - 
================================================================================
DAG File Processing Stats

File Path                                PID    Runtime      # DAGs    # Errors  Last Runtime    Last Run
---------------------------------------  -----  ---------  --------  ----------  --------------  -------------------
/opt/airflow/dags/batch_pipeline_dag.py                           1           0  0.15s           2026-04-24T10:59:37
================================================================================
[2026-04-24T11:00:36.495+0000] {manager.py:879} INFO - 
================================================================================
DAG File Processing Stats

File Path                                PID    Runtime      # DAGs    # Errors  Last Runtime    Last Run
---------------------------------------  -----  ---------  --------  ----------  --------------  -------------------
/opt/airflow/dags/batch_pipeline_dag.py                           1           0  0.15s           2026-04-24T11:00:07
================================================================================
[2026-04-24T11:01:06.800+0000] {manager.py:879} INFO - 
================================================================================
DAG File Processing Stats

File Path                                PID    Runtime      # DAGs    # Errors  Last Runtime    Last Run
---------------------------------------  -----  ---------  --------  ----------  --------------  -------------------
/opt/airflow/dags/batch_pipeline_dag.py                           1           0  0.15s           2026-04-24T11:00:37
================================================================================
[2026-04-24T11:01:37.086+0000] {manager.py:879} INFO - 
================================================================================
DAG File Processing Stats

File Path                                PID    Runtime      # DAGs    # Errors  Last Runtime    Last Run
---------------------------------------  -----  ---------  --------  ----------  --------------  -------------------
/opt/airflow/dags/batch_pipeline_dag.py                           1           0  0.14s           2026-04-24T11:01:07
================================================================================
[2026-04-24T11:02:07.312+0000] {manager.py:879} INFO - 
================================================================================
DAG File Processing Stats

File Path                                PID    Runtime      # DAGs    # Errors  Last Runtime    Last Run
---------------------------------------  -----  ---------  --------  ----------  --------------  -------------------
/opt/airflow/dags/batch_pipeline_dag.py                           1           0  0.15s           2026-04-24T11:01:38
================================================================================
[2026-04-24T11:02:37.602+0000] {manager.py:879} INFO - 
================================================================================
DAG File Processing Stats

File Path                                PID    Runtime      # DAGs    # Errors  Last Runtime    Last Run
---------------------------------------  -----  ---------  --------  ----------  --------------  -------------------
/opt/airflow/dags/batch_pipeline_dag.py                           1           0  0.16s           2026-04-24T11:02:08
================================================================================
[2026-04-24T11:03:07.841+0000] {manager.py:879} INFO - 
================================================================================
DAG File Processing Stats

File Path                                PID    Runtime      # DAGs    # Errors  Last Runtime    Last Run
---------------------------------------  -----  ---------  --------  ----------  --------------  -------------------
/opt/airflow/dags/batch_pipeline_dag.py                           1           0  0.18s           2026-04-24T11:02:38
================================================================================
[2026-04-24T11:03:24.065+0000] {manager.py:738} INFO - Searching for files in /opt/airflow/dags
[2026-04-24T11:03:24.069+0000] {manager.py:741} INFO - There are 1 files in /opt/airflow/dags
[2026-04-24T11:03:38.181+0000] {manager.py:879} INFO - 
================================================================================
DAG File Processing Stats

File Path                                PID    Runtime      # DAGs    # Errors  Last Runtime    Last Run
---------------------------------------  -----  ---------  --------  ----------  --------------  -------------------
/opt/airflow/dags/batch_pipeline_dag.py                           1           0  0.19s           2026-04-24T11:03:09
================================================================================
[2026-04-24T11:04:08.403+0000] {manager.py:879} INFO - 
================================================================================
DAG File Processing Stats

File Path                                PID    Runtime      # DAGs    # Errors  Last Runtime    Last Run
---------------------------------------  -----  ---------  --------  ----------  --------------  -------------------
/opt/airflow/dags/batch_pipeline_dag.py                           1           0  0.20s           2026-04-24T11:03:39
================================================================================
[2026-04-24T11:04:38.619+0000] {manager.py:879} INFO - 
================================================================================
DAG File Processing Stats

File Path                                PID    Runtime      # DAGs    # Errors  Last Runtime    Last Run
---------------------------------------  -----  ---------  --------  ----------  --------------  -------------------
/opt/airflow/dags/batch_pipeline_dag.py                           1           0  0.16s           2026-04-24T11:04:09
================================================================================
[2026-04-24T11:05:08.962+0000] {manager.py:879} INFO - 
================================================================================
DAG File Processing Stats

File Path                                PID    Runtime      # DAGs    # Errors  Last Runtime    Last Run
---------------------------------------  -----  ---------  --------  ----------  --------------  -------------------
/opt/airflow/dags/batch_pipeline_dag.py                           1           0  0.25s           2026-04-24T11:04:39
================================================================================
[2026-04-24T11:05:39.277+0000] {manager.py:879} INFO - 
================================================================================
DAG File Processing Stats

File Path                                PID    Runtime      # DAGs    # Errors  Last Runtime    Last Run
---------------------------------------  -----  ---------  --------  ----------  --------------  -------------------
/opt/airflow/dags/batch_pipeline_dag.py                           1           0  0.18s           2026-04-24T11:05:10
================================================================================
[2026-04-24T11:06:09.535+0000] {manager.py:879} INFO - 
================================================================================
DAG File Processing Stats

File Path                                PID    Runtime      # DAGs    # Errors  Last Runtime    Last Run
---------------------------------------  -----  ---------  --------  ----------  --------------  -------------------
/opt/airflow/dags/batch_pipeline_dag.py                           1           0  0.19s           2026-04-24T11:05:40
================================================================================
[2026-04-24T11:06:39.879+0000] {manager.py:879} INFO - 
================================================================================
DAG File Processing Stats

File Path                                PID    Runtime      # DAGs    # Errors  Last Runtime    Last Run
---------------------------------------  -----  ---------  --------  ----------  --------------  -------------------
/opt/airflow/dags/batch_pipeline_dag.py                           1           0  0.15s           2026-04-24T11:06:10
================================================================================
[2026-04-24T11:07:10.092+0000] {manager.py:879} INFO - 
================================================================================
DAG File Processing Stats

File Path                                PID    Runtime      # DAGs    # Errors  Last Runtime    Last Run
---------------------------------------  -----  ---------  --------  ----------  --------------  -------------------
/opt/airflow/dags/batch_pipeline_dag.py                           1           0  0.16s           2026-04-24T11:06:41
================================================================================
[2026-04-24T11:07:33.314+0000] {manager.py:451} INFO - Exiting gracefully upon receiving signal 15
[2026-04-24T11:08:59.222+0000] {manager.py:469} INFO - Processing files using up to 2 processes at a time 
[2026-04-24T11:08:59.223+0000] {manager.py:470} INFO - Process each file at most once every 30 seconds
[2026-04-24T11:08:59.223+0000] {manager.py:471} INFO - Checking for new files in /opt/airflow/dags every 300 seconds
[2026-04-24T11:08:59.224+0000] {manager.py:738} INFO - Searching for files in /opt/airflow/dags
[2026-04-24T11:08:59.229+0000] {manager.py:741} INFO - There are 1 files in /opt/airflow/dags
[2026-04-24T11:08:59.414+0000] {manager.py:879} INFO - 
================================================================================
DAG File Processing Stats

File Path                                  PID  Runtime      # DAGs    # Errors  Last Runtime    Last Run
---------------------------------------  -----  ---------  --------  ----------  --------------  ----------
/opt/airflow/dags/batch_pipeline_dag.py     29  0.08s             0           0
================================================================================
[2026-04-24T11:09:29.728+0000] {manager.py:879} INFO - 
================================================================================
DAG File Processing Stats

File Path                                PID    Runtime      # DAGs    # Errors  Last Runtime    Last Run
---------------------------------------  -----  ---------  --------  ----------  --------------  -------------------
/opt/airflow/dags/batch_pipeline_dag.py                           1           0  1.39s           2026-04-24T11:09:00
================================================================================
[2026-04-24T11:09:59.931+0000] {manager.py:879} INFO - 
================================================================================
DAG File Processing Stats

File Path                                PID    Runtime      # DAGs    # Errors  Last Runtime    Last Run
---------------------------------------  -----  ---------  --------  ----------  --------------  -------------------
/opt/airflow/dags/batch_pipeline_dag.py                           1           0  0.16s           2026-04-24T11:09:30
================================================================================
[2026-04-24T11:10:30.298+0000] {manager.py:879} INFO - 
================================================================================
DAG File Processing Stats

File Path                                PID    Runtime      # DAGs    # Errors  Last Runtime    Last Run
---------------------------------------  -----  ---------  --------  ----------  --------------  -------------------
/opt/airflow/dags/batch_pipeline_dag.py                           1           0  0.22s           2026-04-24T11:10:01
================================================================================
[2026-04-24T11:11:00.564+0000] {manager.py:879} INFO - 
================================================================================
DAG File Processing Stats

File Path                                PID    Runtime      # DAGs    # Errors  Last Runtime    Last Run
---------------------------------------  -----  ---------  --------  ----------  --------------  -------------------
/opt/airflow/dags/batch_pipeline_dag.py                           1           0  0.14s           2026-04-24T11:10:31
================================================================================
[2026-04-24T11:11:30.853+0000] {manager.py:879} INFO - 
================================================================================
DAG File Processing Stats

File Path                                PID    Runtime      # DAGs    # Errors  Last Runtime    Last Run
---------------------------------------  -----  ---------  --------  ----------  --------------  -------------------
/opt/airflow/dags/batch_pipeline_dag.py                           1           0  0.15s           2026-04-24T11:11:01
================================================================================
[2026-04-24T11:12:01.126+0000] {manager.py:879} INFO - 
================================================================================
DAG File Processing Stats

File Path                                PID    Runtime      # DAGs    # Errors  Last Runtime    Last Run
---------------------------------------  -----  ---------  --------  ----------  --------------  -------------------
/opt/airflow/dags/batch_pipeline_dag.py                           1           0  0.30s           2026-04-24T11:11:32
================================================================================
[2026-04-24T11:12:31.553+0000] {manager.py:879} INFO - 
================================================================================
DAG File Processing Stats

File Path                                PID    Runtime      # DAGs    # Errors  Last Runtime    Last Run
---------------------------------------  -----  ---------  --------  ----------  --------------  -------------------
/opt/airflow/dags/batch_pipeline_dag.py                           1           0  0.17s           2026-04-24T11:12:02
================================================================================
[2026-04-24T11:13:01.892+0000] {manager.py:879} INFO - 
================================================================================
DAG File Processing Stats

File Path                                PID    Runtime      # DAGs    # Errors  Last Runtime    Last Run
---------------------------------------  -----  ---------  --------  ----------  --------------  -------------------
/opt/airflow/dags/batch_pipeline_dag.py                           1           0  0.22s           2026-04-24T11:12:32
================================================================================
[2026-04-24T11:13:32.146+0000] {manager.py:879} INFO - 
================================================================================
DAG File Processing Stats

File Path                                PID    Runtime      # DAGs    # Errors  Last Runtime    Last Run
---------------------------------------  -----  ---------  --------  ----------  --------------  -------------------
/opt/airflow/dags/batch_pipeline_dag.py                           1           0  0.17s           2026-04-24T11:13:03
================================================================================
[2026-04-24T11:13:59.418+0000] {manager.py:738} INFO - Searching for files in /opt/airflow/dags
[2026-04-24T11:13:59.425+0000] {manager.py:741} INFO - There are 1 files in /opt/airflow/dags
[2026-04-24T11:14:02.463+0000] {manager.py:879} INFO - 
================================================================================
DAG File Processing Stats

File Path                                PID    Runtime      # DAGs    # Errors  Last Runtime    Last Run
---------------------------------------  -----  ---------  --------  ----------  --------------  -------------------
/opt/airflow/dags/batch_pipeline_dag.py                           1           0  0.14s           2026-04-24T11:13:33
================================================================================
[2026-04-24T11:14:32.666+0000] {manager.py:879} INFO - 
================================================================================
DAG File Processing Stats

File Path                                PID    Runtime      # DAGs    # Errors  Last Runtime    Last Run
---------------------------------------  -----  ---------  --------  ----------  --------------  -------------------
/opt/airflow/dags/batch_pipeline_dag.py                           1           0  0.14s           2026-04-24T11:14:03
================================================================================
[2026-04-24T11:15:02.999+0000] {manager.py:879} INFO - 
================================================================================
DAG File Processing Stats

File Path                                PID    Runtime      # DAGs    # Errors  Last Runtime    Last Run
---------------------------------------  -----  ---------  --------  ----------  --------------  -------------------
/opt/airflow/dags/batch_pipeline_dag.py                           1           0  0.14s           2026-04-24T11:14:33
================================================================================
[2026-04-24T11:15:33.215+0000] {manager.py:879} INFO - 
================================================================================
DAG File Processing Stats

File Path                                PID    Runtime      # DAGs    # Errors  Last Runtime    Last Run
---------------------------------------  -----  ---------  --------  ----------  --------------  -------------------
/opt/airflow/dags/batch_pipeline_dag.py                           1           0  0.14s           2026-04-24T11:15:04
================================================================================
[2026-04-24T11:16:03.531+0000] {manager.py:879} INFO - 
================================================================================
DAG File Processing Stats

File Path                                PID    Runtime      # DAGs    # Errors  Last Runtime    Last Run
---------------------------------------  -----  ---------  --------  ----------  --------------  -------------------
/opt/airflow/dags/batch_pipeline_dag.py                           1           0  0.14s           2026-04-24T11:15:34
================================================================================
[2026-04-24T11:16:33.736+0000] {manager.py:879} INFO - 
================================================================================
DAG File Processing Stats

File Path                                PID    Runtime      # DAGs    # Errors  Last Runtime    Last Run
---------------------------------------  -----  ---------  --------  ----------  --------------  -------------------
/opt/airflow/dags/batch_pipeline_dag.py                           1           0  0.17s           2026-04-24T11:16:04
================================================================================
[2026-04-24T11:17:04.109+0000] {manager.py:879} INFO - 
================================================================================
DAG File Processing Stats

File Path                                PID    Runtime      # DAGs    # Errors  Last Runtime    Last Run
---------------------------------------  -----  ---------  --------  ----------  --------------  -------------------
/opt/airflow/dags/batch_pipeline_dag.py                           1           0  0.18s           2026-04-24T11:16:34
================================================================================
[2026-04-24T11:17:34.350+0000] {manager.py:879} INFO - 
================================================================================
DAG File Processing Stats

File Path                                PID    Runtime      # DAGs    # Errors  Last Runtime    Last Run
---------------------------------------  -----  ---------  --------  ----------  --------------  -------------------
/opt/airflow/dags/batch_pipeline_dag.py                           1           0  0.17s           2026-04-24T11:17:05
================================================================================
[2026-04-24T11:18:04.679+0000] {manager.py:879} INFO - 
================================================================================
DAG File Processing Stats

File Path                                PID    Runtime      # DAGs    # Errors  Last Runtime    Last Run
---------------------------------------  -----  ---------  --------  ----------  --------------  -------------------
/opt/airflow/dags/batch_pipeline_dag.py                           1           0  0.18s           2026-04-24T11:17:35
================================================================================
[2026-04-24T11:18:34.905+0000] {manager.py:879} INFO - 
================================================================================
DAG File Processing Stats

File Path                                PID    Runtime      # DAGs    # Errors  Last Runtime    Last Run
---------------------------------------  -----  ---------  --------  ----------  --------------  -------------------
/opt/airflow/dags/batch_pipeline_dag.py                           1           0  0.19s           2026-04-24T11:18:05
================================================================================
[2026-04-24T11:19:00.081+0000] {manager.py:738} INFO - Searching for files in /opt/airflow/dags
[2026-04-24T11:19:00.083+0000] {manager.py:741} INFO - There are 1 files in /opt/airflow/dags
[2026-04-24T11:19:05.131+0000] {manager.py:879} INFO - 
================================================================================
DAG File Processing Stats

File Path                                PID    Runtime      # DAGs    # Errors  Last Runtime    Last Run
---------------------------------------  -----  ---------  --------  ----------  --------------  -------------------
/opt/airflow/dags/batch_pipeline_dag.py                           1           0  0.13s           2026-04-24T11:18:36
================================================================================
[2026-04-24T11:19:35.459+0000] {manager.py:879} INFO - 
================================================================================
DAG File Processing Stats

File Path                                PID    Runtime      # DAGs    # Errors  Last Runtime    Last Run
---------------------------------------  -----  ---------  --------  ----------  --------------  -------------------
/opt/airflow/dags/batch_pipeline_dag.py                           1           0  0.33s           2026-04-24T11:19:06
================================================================================
[2026-04-24T11:20:05.881+0000] {manager.py:879} INFO - 
================================================================================
DAG File Processing Stats

File Path                                PID    Runtime      # DAGs    # Errors  Last Runtime    Last Run
---------------------------------------  -----  ---------  --------  ----------  --------------  -------------------
/opt/airflow/dags/batch_pipeline_dag.py                           1           0  0.14s           2026-04-24T11:19:36
================================================================================
[2026-04-24T11:20:36.207+0000] {manager.py:879} INFO - 
================================================================================
DAG File Processing Stats

File Path                                PID    Runtime      # DAGs    # Errors  Last Runtime    Last Run
---------------------------------------  -----  ---------  --------  ----------  --------------  -------------------
/opt/airflow/dags/batch_pipeline_dag.py                           1           0  0.15s           2026-04-24T11:20:07
================================================================================
[2026-04-24T11:21:06.440+0000] {manager.py:879} INFO - 
================================================================================
DAG File Processing Stats

File Path                                PID    Runtime      # DAGs    # Errors  Last Runtime    Last Run
---------------------------------------  -----  ---------  --------  ----------  --------------  -------------------
/opt/airflow/dags/batch_pipeline_dag.py                           1           0  0.15s           2026-04-24T11:20:37
================================================================================
[2026-04-24T11:21:36.773+0000] {manager.py:879} INFO - 
================================================================================
DAG File Processing Stats

File Path                                PID    Runtime      # DAGs    # Errors  Last Runtime    Last Run
---------------------------------------  -----  ---------  --------  ----------  --------------  -------------------
/opt/airflow/dags/batch_pipeline_dag.py                           1           0  0.14s           2026-04-24T11:21:07
================================================================================
[2026-04-24T11:22:06.986+0000] {manager.py:879} INFO - 
================================================================================
DAG File Processing Stats

File Path                                PID    Runtime      # DAGs    # Errors  Last Runtime    Last Run
---------------------------------------  -----  ---------  --------  ----------  --------------  -------------------
/opt/airflow/dags/batch_pipeline_dag.py                           1           0  0.15s           2026-04-24T11:21:37
================================================================================
[2026-04-24T11:22:37.310+0000] {manager.py:879} INFO - 
================================================================================
DAG File Processing Stats

File Path                                PID    Runtime      # DAGs    # Errors  Last Runtime    Last Run
---------------------------------------  -----  ---------  --------  ----------  --------------  -------------------
/opt/airflow/dags/batch_pipeline_dag.py                           1           0  0.14s           2026-04-24T11:22:08
================================================================================
[2026-04-24T11:23:07.540+0000] {manager.py:879} INFO - 
================================================================================
DAG File Processing Stats

File Path                                PID    Runtime      # DAGs    # Errors  Last Runtime    Last Run
---------------------------------------  -----  ---------  --------  ----------  --------------  -------------------
/opt/airflow/dags/batch_pipeline_dag.py                           1           0  0.15s           2026-04-24T11:22:38
================================================================================
[2026-04-24T11:23:37.864+0000] {manager.py:879} INFO - 
================================================================================
DAG File Processing Stats

File Path                                PID    Runtime      # DAGs    # Errors  Last Runtime    Last Run
---------------------------------------  -----  ---------  --------  ----------  --------------  -------------------
/opt/airflow/dags/batch_pipeline_dag.py                           1           0  0.16s           2026-04-24T11:23:08
================================================================================
[2026-04-24T11:24:00.148+0000] {manager.py:738} INFO - Searching for files in /opt/airflow/dags
[2026-04-24T11:24:00.151+0000] {manager.py:741} INFO - There are 1 files in /opt/airflow/dags
[2026-04-24T11:24:08.081+0000] {manager.py:879} INFO - 
================================================================================
DAG File Processing Stats

File Path                                PID    Runtime      # DAGs    # Errors  Last Runtime    Last Run
---------------------------------------  -----  ---------  --------  ----------  --------------  -------------------
/opt/airflow/dags/batch_pipeline_dag.py                           1           0  0.14s           2026-04-24T11:23:39
================================================================================
[2026-04-24T11:24:32.236+0000] {manager.py:451} INFO - Exiting gracefully upon receiving signal 15
[2026-04-24T11:25:58.249+0000] {manager.py:469} INFO - Processing files using up to 2 processes at a time 
[2026-04-24T11:25:58.251+0000] {manager.py:470} INFO - Process each file at most once every 30 seconds
[2026-04-24T11:25:58.255+0000] {manager.py:471} INFO - Checking for new files in /opt/airflow/dags every 300 seconds
[2026-04-24T11:25:58.257+0000] {manager.py:738} INFO - Searching for files in /opt/airflow/dags
[2026-04-24T11:25:58.262+0000] {manager.py:741} INFO - There are 1 files in /opt/airflow/dags
[2026-04-24T11:25:58.547+0000] {manager.py:879} INFO - 
================================================================================
DAG File Processing Stats

File Path                                  PID  Runtime      # DAGs    # Errors  Last Runtime    Last Run
---------------------------------------  -----  ---------  --------  ----------  --------------  ----------
/opt/airflow/dags/batch_pipeline_dag.py     29  0.08s             0           0
================================================================================
[2026-04-24T11:26:28.715+0000] {manager.py:879} INFO - 
================================================================================
DAG File Processing Stats

File Path                                PID    Runtime      # DAGs    # Errors  Last Runtime    Last Run
---------------------------------------  -----  ---------  --------  ----------  --------------  -------------------
/opt/airflow/dags/batch_pipeline_dag.py                           1           0  1.09s           2026-04-24T11:25:59
================================================================================
[2026-04-24T11:26:59.030+0000] {manager.py:879} INFO - 
================================================================================
DAG File Processing Stats

File Path                                PID    Runtime      # DAGs    # Errors  Last Runtime    Last Run
---------------------------------------  -----  ---------  --------  ----------  --------------  -------------------
/opt/airflow/dags/batch_pipeline_dag.py                           1           0  0.18s           2026-04-24T11:26:29
================================================================================
[2026-04-24T11:27:29.337+0000] {manager.py:879} INFO - 
================================================================================
DAG File Processing Stats

File Path                                PID    Runtime      # DAGs    # Errors  Last Runtime    Last Run
---------------------------------------  -----  ---------  --------  ----------  --------------  -------------------
/opt/airflow/dags/batch_pipeline_dag.py                           1           0  0.16s           2026-04-24T11:27:00
================================================================================
[2026-04-24T11:27:59.626+0000] {manager.py:879} INFO - 
================================================================================
DAG File Processing Stats

File Path                                PID    Runtime      # DAGs    # Errors  Last Runtime    Last Run
---------------------------------------  -----  ---------  --------  ----------  --------------  -------------------
/opt/airflow/dags/batch_pipeline_dag.py                           1           0  0.31s           2026-04-24T11:27:30
================================================================================
[2026-04-24T11:28:30.101+0000] {manager.py:879} INFO - 
================================================================================
DAG File Processing Stats

File Path                                PID    Runtime      # DAGs    # Errors  Last Runtime    Last Run
---------------------------------------  -----  ---------  --------  ----------  --------------  -------------------
/opt/airflow/dags/batch_pipeline_dag.py                           1           0  0.18s           2026-04-24T11:28:01
================================================================================
[2026-04-24T11:29:00.320+0000] {manager.py:879} INFO - 
================================================================================
DAG File Processing Stats

File Path                                PID    Runtime      # DAGs    # Errors  Last Runtime    Last Run
---------------------------------------  -----  ---------  --------  ----------  --------------  -------------------
/opt/airflow/dags/batch_pipeline_dag.py                           1           0  0.14s           2026-04-24T11:28:31
================================================================================
[2026-04-24T11:29:30.641+0000] {manager.py:879} INFO - 
================================================================================
DAG File Processing Stats

File Path                                PID    Runtime      # DAGs    # Errors  Last Runtime    Last Run
---------------------------------------  -----  ---------  --------  ----------  --------------  -------------------
/opt/airflow/dags/batch_pipeline_dag.py                           1           0  0.18s           2026-04-24T11:29:01
================================================================================
[2026-04-24T11:30:00.907+0000] {manager.py:879} INFO - 
================================================================================
DAG File Processing Stats

File Path                                PID    Runtime      # DAGs    # Errors  Last Runtime    Last Run
---------------------------------------  -----  ---------  --------  ----------  --------------  -------------------
/opt/airflow/dags/batch_pipeline_dag.py                           1           0  0.16s           2026-04-24T11:29:31
================================================================================
[2026-04-24T11:30:31.162+0000] {manager.py:879} INFO - 
================================================================================
DAG File Processing Stats

File Path                                PID    Runtime      # DAGs    # Errors  Last Runtime    Last Run
---------------------------------------  -----  ---------  --------  ----------  --------------  -------------------
/opt/airflow/dags/batch_pipeline_dag.py                           1           0  0.22s           2026-04-24T11:30:02
================================================================================
[2026-04-24T11:30:58.368+0000] {manager.py:738} INFO - Searching for files in /opt/airflow/dags
[2026-04-24T11:30:58.372+0000] {manager.py:741} INFO - There are 1 files in /opt/airflow/dags
[2026-04-24T11:31:01.404+0000] {manager.py:879} INFO - 
================================================================================
DAG File Processing Stats

File Path                                PID    Runtime      # DAGs    # Errors  Last Runtime    Last Run
---------------------------------------  -----  ---------  --------  ----------  --------------  -------------------
/opt/airflow/dags/batch_pipeline_dag.py                           1           0  0.14s           2026-04-24T11:30:32
================================================================================
[2026-04-24T11:31:31.702+0000] {manager.py:879} INFO - 
================================================================================
DAG File Processing Stats

File Path                                PID    Runtime      # DAGs    # Errors  Last Runtime    Last Run
---------------------------------------  -----  ---------  --------  ----------  --------------  -------------------
/opt/airflow/dags/batch_pipeline_dag.py                           1           0  0.15s           2026-04-24T11:31:02
================================================================================
[2026-04-24T11:31:51.373+0000] {manager.py:451} INFO - Exiting gracefully upon receiving signal 15
[2026-04-24T11:33:06.875+0000] {manager.py:469} INFO - Processing files using up to 2 processes at a time 
[2026-04-24T11:33:06.877+0000] {manager.py:470} INFO - Process each file at most once every 30 seconds
[2026-04-24T11:33:06.878+0000] {manager.py:471} INFO - Checking for new files in /opt/airflow/dags every 300 seconds
[2026-04-24T11:33:06.879+0000] {manager.py:738} INFO - Searching for files in /opt/airflow/dags
[2026-04-24T11:33:06.892+0000] {manager.py:741} INFO - There are 1 files in /opt/airflow/dags
[2026-04-24T11:33:07.157+0000] {manager.py:879} INFO - 
================================================================================
DAG File Processing Stats

File Path                                  PID  Runtime      # DAGs    # Errors  Last Runtime    Last Run
---------------------------------------  -----  ---------  --------  ----------  --------------  ----------
/opt/airflow/dags/batch_pipeline_dag.py     29  0.11s             0           0
================================================================================
[2026-04-24T11:33:37.267+0000] {manager.py:879} INFO - 
================================================================================
DAG File Processing Stats

File Path                                PID    Runtime      # DAGs    # Errors  Last Runtime    Last Run
---------------------------------------  -----  ---------  --------  ----------  --------------  -------------------
/opt/airflow/dags/batch_pipeline_dag.py                           1           0  1.03s           2026-04-24T11:33:08
================================================================================
[2026-04-24T11:34:07.550+0000] {manager.py:879} INFO - 
================================================================================
DAG File Processing Stats

File Path                                PID    Runtime      # DAGs    # Errors  Last Runtime    Last Run
---------------------------------------  -----  ---------  --------  ----------  --------------  -------------------
/opt/airflow/dags/batch_pipeline_dag.py                           1           0  0.17s           2026-04-24T11:33:38
================================================================================
[2026-04-24T11:34:37.806+0000] {manager.py:879} INFO - 
================================================================================
DAG File Processing Stats

File Path                                PID    Runtime      # DAGs    # Errors  Last Runtime    Last Run
---------------------------------------  -----  ---------  --------  ----------  --------------  -------------------
/opt/airflow/dags/batch_pipeline_dag.py                           1           0  0.15s           2026-04-24T11:34:08
================================================================================
[2026-04-24T11:35:08.085+0000] {manager.py:879} INFO - 
================================================================================
DAG File Processing Stats

File Path                                PID    Runtime      # DAGs    # Errors  Last Runtime    Last Run
---------------------------------------  -----  ---------  --------  ----------  --------------  -------------------
/opt/airflow/dags/batch_pipeline_dag.py                           1           0  0.14s           2026-04-24T11:34:38
================================================================================
[2026-04-24T11:35:38.324+0000] {manager.py:879} INFO - 
================================================================================
DAG File Processing Stats

File Path                                PID    Runtime      # DAGs    # Errors  Last Runtime    Last Run
---------------------------------------  -----  ---------  --------  ----------  --------------  -------------------
/opt/airflow/dags/batch_pipeline_dag.py                           1           0  0.14s           2026-04-24T11:35:09
================================================================================
[2026-04-24T11:36:08.621+0000] {manager.py:879} INFO - 
================================================================================
DAG File Processing Stats

File Path                                PID    Runtime      # DAGs    # Errors  Last Runtime    Last Run
---------------------------------------  -----  ---------  --------  ----------  --------------  -------------------
/opt/airflow/dags/batch_pipeline_dag.py                           1           0  0.14s           2026-04-24T11:35:39
================================================================================
[2026-04-24T11:36:38.854+0000] {manager.py:879} INFO - 
================================================================================
DAG File Processing Stats

File Path                                PID    Runtime      # DAGs    # Errors  Last Runtime    Last Run
---------------------------------------  -----  ---------  --------  ----------  --------------  -------------------
/opt/airflow/dags/batch_pipeline_dag.py                           1           0  0.14s           2026-04-24T11:36:09
================================================================================
[2026-04-24T11:37:09.177+0000] {manager.py:879} INFO - 
================================================================================
DAG File Processing Stats

File Path                                PID    Runtime      # DAGs    # Errors  Last Runtime    Last Run
---------------------------------------  -----  ---------  --------  ----------  --------------  -------------------
/opt/airflow/dags/batch_pipeline_dag.py                           1           0  0.18s           2026-04-24T11:36:40
================================================================================
[2026-04-24T11:37:39.438+0000] {manager.py:879} INFO - 
================================================================================
DAG File Processing Stats

File Path                                PID    Runtime      # DAGs    # Errors  Last Runtime    Last Run
---------------------------------------  -----  ---------  --------  ----------  --------------  -------------------
/opt/airflow/dags/batch_pipeline_dag.py                           1           0  0.16s           2026-04-24T11:37:10
================================================================================
[2026-04-24T11:38:07.781+0000] {manager.py:738} INFO - Searching for files in /opt/airflow/dags
[2026-04-24T11:38:07.787+0000] {manager.py:741} INFO - There are 1 files in /opt/airflow/dags
[2026-04-24T11:38:09.836+0000] {manager.py:879} INFO - 
================================================================================
DAG File Processing Stats

File Path                                PID    Runtime      # DAGs    # Errors  Last Runtime    Last Run
---------------------------------------  -----  ---------  --------  ----------  --------------  -------------------
/opt/airflow/dags/batch_pipeline_dag.py                           1           0  0.22s           2026-04-24T11:37:40
================================================================================
[2026-04-24T11:38:40.092+0000] {manager.py:879} INFO - 
================================================================================
DAG File Processing Stats

File Path                                PID    Runtime      # DAGs    # Errors  Last Runtime    Last Run
---------------------------------------  -----  ---------  --------  ----------  --------------  -------------------
/opt/airflow/dags/batch_pipeline_dag.py                           1           0  0.20s           2026-04-24T11:38:11
================================================================================
[2026-04-24T11:39:10.440+0000] {manager.py:879} INFO - 
================================================================================
DAG File Processing Stats

File Path                                PID    Runtime      # DAGs    # Errors  Last Runtime    Last Run
---------------------------------------  -----  ---------  --------  ----------  --------------  -------------------
/opt/airflow/dags/batch_pipeline_dag.py                           1           0  0.15s           2026-04-24T11:38:41
================================================================================
[2026-04-24T11:39:40.679+0000] {manager.py:879} INFO - 
================================================================================
DAG File Processing Stats

File Path                                PID    Runtime      # DAGs    # Errors  Last Runtime    Last Run
---------------------------------------  -----  ---------  --------  ----------  --------------  -------------------
/opt/airflow/dags/batch_pipeline_dag.py                           1           0  0.14s           2026-04-24T11:39:11
================================================================================
[2026-04-24T11:40:11.003+0000] {manager.py:879} INFO - 
================================================================================
DAG File Processing Stats

File Path                                PID    Runtime      # DAGs    # Errors  Last Runtime    Last Run
---------------------------------------  -----  ---------  --------  ----------  --------------  -------------------
/opt/airflow/dags/batch_pipeline_dag.py                           1           0  0.20s           2026-04-24T11:39:41
================================================================================
[2026-04-24T11:40:41.269+0000] {manager.py:879} INFO - 
================================================================================
DAG File Processing Stats

File Path                                PID    Runtime      # DAGs    # Errors  Last Runtime    Last Run
---------------------------------------  -----  ---------  --------  ----------  --------------  -------------------
/opt/airflow/dags/batch_pipeline_dag.py                           1           0  0.17s           2026-04-24T11:40:12
================================================================================
[2026-04-24T11:41:11.574+0000] {manager.py:879} INFO - 
================================================================================
DAG File Processing Stats

File Path                                PID    Runtime      # DAGs    # Errors  Last Runtime    Last Run
---------------------------------------  -----  ---------  --------  ----------  --------------  -------------------
/opt/airflow/dags/batch_pipeline_dag.py                           1           0  0.23s           2026-04-24T11:40:42
================================================================================
[2026-04-24T11:41:41.905+0000] {manager.py:879} INFO - 
================================================================================
DAG File Processing Stats

File Path                                PID    Runtime      # DAGs    # Errors  Last Runtime    Last Run
---------------------------------------  -----  ---------  --------  ----------  --------------  -------------------
/opt/airflow/dags/batch_pipeline_dag.py                           1           0  0.22s           2026-04-24T11:41:12
================================================================================
[2026-04-24T11:42:12.166+0000] {manager.py:879} INFO - 
================================================================================
DAG File Processing Stats

File Path                                PID    Runtime      # DAGs    # Errors  Last Runtime    Last Run
---------------------------------------  -----  ---------  --------  ----------  --------------  -------------------
/opt/airflow/dags/batch_pipeline_dag.py                           1           0  0.15s           2026-04-24T11:41:43
================================================================================
[2026-04-24T11:42:42.437+0000] {manager.py:879} INFO - 
================================================================================
DAG File Processing Stats

File Path                                PID    Runtime      # DAGs    # Errors  Last Runtime    Last Run
---------------------------------------  -----  ---------  --------  ----------  --------------  -------------------
/opt/airflow/dags/batch_pipeline_dag.py                           1           0  0.15s           2026-04-24T11:42:13
================================================================================
[2026-04-24T11:43:08.668+0000] {manager.py:738} INFO - Searching for files in /opt/airflow/dags
[2026-04-24T11:43:08.671+0000] {manager.py:741} INFO - There are 1 files in /opt/airflow/dags
[2026-04-24T11:43:12.720+0000] {manager.py:879} INFO - 
================================================================================
DAG File Processing Stats

File Path                                PID    Runtime      # DAGs    # Errors  Last Runtime    Last Run
---------------------------------------  -----  ---------  --------  ----------  --------------  -------------------
/opt/airflow/dags/batch_pipeline_dag.py                           1           0  0.18s           2026-04-24T11:42:43
================================================================================
[2026-04-24T11:43:43.041+0000] {manager.py:879} INFO - 
================================================================================
DAG File Processing Stats

File Path                                PID    Runtime      # DAGs    # Errors  Last Runtime    Last Run
---------------------------------------  -----  ---------  --------  ----------  --------------  -------------------
/opt/airflow/dags/batch_pipeline_dag.py                           1           0  0.16s           2026-04-24T11:43:13
================================================================================
[2026-04-24T11:44:13.267+0000] {manager.py:879} INFO - 
================================================================================
DAG File Processing Stats

File Path                                PID    Runtime      # DAGs    # Errors  Last Runtime    Last Run
---------------------------------------  -----  ---------  --------  ----------  --------------  -------------------
/opt/airflow/dags/batch_pipeline_dag.py                           1           0  0.17s           2026-04-24T11:43:44
================================================================================
[2026-04-24T11:44:43.569+0000] {manager.py:879} INFO - 
================================================================================
DAG File Processing Stats

File Path                                PID    Runtime      # DAGs    # Errors  Last Runtime    Last Run
---------------------------------------  -----  ---------  --------  ----------  --------------  -------------------
/opt/airflow/dags/batch_pipeline_dag.py                           1           0  0.27s           2026-04-24T11:44:14
================================================================================
[2026-04-24T11:45:13.933+0000] {manager.py:879} INFO - 
================================================================================
DAG File Processing Stats

File Path                                PID    Runtime      # DAGs    # Errors  Last Runtime    Last Run
---------------------------------------  -----  ---------  --------  ----------  --------------  -------------------
/opt/airflow/dags/batch_pipeline_dag.py                           1           0  0.15s           2026-04-24T11:44:44
================================================================================
[2026-04-24T11:45:44.182+0000] {manager.py:879} INFO - 
================================================================================
DAG File Processing Stats

File Path                                PID    Runtime      # DAGs    # Errors  Last Runtime    Last Run
---------------------------------------  -----  ---------  --------  ----------  --------------  -------------------
/opt/airflow/dags/batch_pipeline_dag.py                           1           0  0.19s           2026-04-24T11:45:15
================================================================================
[2026-04-24T11:46:14.426+0000] {manager.py:879} INFO - 
================================================================================
DAG File Processing Stats

File Path                                PID    Runtime      # DAGs    # Errors  Last Runtime    Last Run
---------------------------------------  -----  ---------  --------  ----------  --------------  -------------------
/opt/airflow/dags/batch_pipeline_dag.py                           1           0  0.13s           2026-04-24T11:45:45
================================================================================
[2026-04-24T11:46:44.729+0000] {manager.py:879} INFO - 
================================================================================
DAG File Processing Stats

File Path                                PID    Runtime      # DAGs    # Errors  Last Runtime    Last Run
---------------------------------------  -----  ---------  --------  ----------  --------------  -------------------
/opt/airflow/dags/batch_pipeline_dag.py                           1           0  0.15s           2026-04-24T11:46:15
================================================================================
[2026-04-24T11:47:14.979+0000] {manager.py:879} INFO - 
================================================================================
DAG File Processing Stats

File Path                                PID    Runtime      # DAGs    # Errors  Last Runtime    Last Run
---------------------------------------  -----  ---------  --------  ----------  --------------  -------------------
/opt/airflow/dags/batch_pipeline_dag.py                           1           0  0.18s           2026-04-24T11:46:45
================================================================================
[2026-04-24T11:47:45.342+0000] {manager.py:879} INFO - 
================================================================================
DAG File Processing Stats

File Path                                PID    Runtime      # DAGs    # Errors  Last Runtime    Last Run
---------------------------------------  -----  ---------  --------  ----------  --------------  -------------------
/opt/airflow/dags/batch_pipeline_dag.py                           1           0  0.27s           2026-04-24T11:47:16
================================================================================
[2026-04-24T11:48:09.602+0000] {manager.py:738} INFO - Searching for files in /opt/airflow/dags
[2026-04-24T11:48:09.606+0000] {manager.py:741} INFO - There are 1 files in /opt/airflow/dags
[2026-04-24T11:48:15.667+0000] {manager.py:879} INFO - 
================================================================================
DAG File Processing Stats

File Path                                PID    Runtime      # DAGs    # Errors  Last Runtime    Last Run
---------------------------------------  -----  ---------  --------  ----------  --------------  -------------------
/opt/airflow/dags/batch_pipeline_dag.py                           1           0  0.15s           2026-04-24T11:47:46
================================================================================
[2026-04-24T11:48:45.878+0000] {manager.py:879} INFO - 
================================================================================
DAG File Processing Stats

File Path                                PID    Runtime      # DAGs    # Errors  Last Runtime    Last Run
---------------------------------------  -----  ---------  --------  ----------  --------------  -------------------
/opt/airflow/dags/batch_pipeline_dag.py                           1           0  0.15s           2026-04-24T11:48:16
================================================================================
[2026-04-24T11:49:16.202+0000] {manager.py:879} INFO - 
================================================================================
DAG File Processing Stats

File Path                                PID    Runtime      # DAGs    # Errors  Last Runtime    Last Run
---------------------------------------  -----  ---------  --------  ----------  --------------  -------------------
/opt/airflow/dags/batch_pipeline_dag.py                           1           0  0.19s           2026-04-24T11:48:47
================================================================================
[2026-04-24T11:49:46.442+0000] {manager.py:879} INFO - 
================================================================================
DAG File Processing Stats

File Path                                PID    Runtime      # DAGs    # Errors  Last Runtime    Last Run
---------------------------------------  -----  ---------  --------  ----------  --------------  -------------------
/opt/airflow/dags/batch_pipeline_dag.py                           1           0  0.14s           2026-04-24T11:49:17
================================================================================
[2026-04-24T11:50:16.735+0000] {manager.py:879} INFO - 
================================================================================
DAG File Processing Stats

File Path                                PID    Runtime      # DAGs    # Errors  Last Runtime    Last Run
---------------------------------------  -----  ---------  --------  ----------  --------------  -------------------
/opt/airflow/dags/batch_pipeline_dag.py                           1           0  0.26s           2026-04-24T11:49:47
================================================================================
[2026-04-24T11:50:20.674+0000] {manager.py:451} INFO - Exiting gracefully upon receiving signal 15
[2026-04-24T11:50:38.480+0000] {manager.py:469} INFO - Processing files using up to 2 processes at a time 
[2026-04-24T11:50:38.480+0000] {manager.py:470} INFO - Process each file at most once every 30 seconds
[2026-04-24T11:50:38.480+0000] {manager.py:471} INFO - Checking for new files in /opt/airflow/dags every 300 seconds
[2026-04-24T11:50:38.481+0000] {manager.py:738} INFO - Searching for files in /opt/airflow/dags
[2026-04-24T11:50:38.484+0000] {manager.py:741} INFO - There are 1 files in /opt/airflow/dags
[2026-04-24T11:50:38.592+0000] {manager.py:879} INFO - 
================================================================================
DAG File Processing Stats

File Path                                  PID  Runtime      # DAGs    # Errors  Last Runtime    Last Run
---------------------------------------  -----  ---------  --------  ----------  --------------  ----------
/opt/airflow/dags/batch_pipeline_dag.py     40  0.06s             0           0
================================================================================
[2026-04-24T11:51:08.805+0000] {manager.py:879} INFO - 
================================================================================
DAG File Processing Stats

File Path                                  PID  Runtime      # DAGs    # Errors  Last Runtime    Last Run
---------------------------------------  -----  ---------  --------  ----------  --------------  -------------------
/opt/airflow/dags/batch_pipeline_dag.py     48  0.01s             1           0  0.22s           2026-04-24T11:50:38
================================================================================
[2026-04-24T11:51:39.165+0000] {manager.py:879} INFO - 
================================================================================
DAG File Processing Stats

File Path                                  PID  Runtime      # DAGs    # Errors  Last Runtime    Last Run
---------------------------------------  -----  ---------  --------  ----------  --------------  -------------------
/opt/airflow/dags/batch_pipeline_dag.py     59  0.01s             1           0  0.20s           2026-04-24T11:51:08
================================================================================
[2026-04-24T11:52:09.490+0000] {manager.py:879} INFO - 
================================================================================
DAG File Processing Stats

File Path                                  PID  Runtime      # DAGs    # Errors  Last Runtime    Last Run
---------------------------------------  -----  ---------  --------  ----------  --------------  -------------------
/opt/airflow/dags/batch_pipeline_dag.py     60  0.01s             1           0  0.27s           2026-04-24T11:51:39
================================================================================
[2026-04-24T11:52:39.894+0000] {manager.py:879} INFO - 
================================================================================
DAG File Processing Stats

File Path                                  PID  Runtime      # DAGs    # Errors  Last Runtime    Last Run
---------------------------------------  -----  ---------  --------  ----------  --------------  -------------------
/opt/airflow/dags/batch_pipeline_dag.py     61  0.01s             1           0  0.35s           2026-04-24T11:52:09
================================================================================
[2026-04-24T11:53:10.226+0000] {manager.py:879} INFO - 
================================================================================
DAG File Processing Stats

File Path                                  PID  Runtime      # DAGs    # Errors  Last Runtime    Last Run
---------------------------------------  -----  ---------  --------  ----------  --------------  -------------------
/opt/airflow/dags/batch_pipeline_dag.py     62  0.01s             1           0  0.19s           2026-04-24T11:52:40
================================================================================
[2026-04-24T11:53:40.475+0000] {manager.py:879} INFO - 
================================================================================
DAG File Processing Stats

File Path                                  PID  Runtime      # DAGs    # Errors  Last Runtime    Last Run
---------------------------------------  -----  ---------  --------  ----------  --------------  -------------------
/opt/airflow/dags/batch_pipeline_dag.py     63  0.01s             1           0  0.16s           2026-04-24T11:53:10
================================================================================
[2026-04-24T11:54:10.786+0000] {manager.py:879} INFO - 
================================================================================
DAG File Processing Stats

File Path                                  PID  Runtime      # DAGs    # Errors  Last Runtime    Last Run
---------------------------------------  -----  ---------  --------  ----------  --------------  -------------------
/opt/airflow/dags/batch_pipeline_dag.py     64  0.01s             1           0  0.15s           2026-04-24T11:53:40
================================================================================
[2026-04-24T11:54:40.993+0000] {manager.py:879} INFO - 
================================================================================
DAG File Processing Stats

File Path                                PID    Runtime      # DAGs    # Errors  Last Runtime    Last Run
---------------------------------------  -----  ---------  --------  ----------  --------------  -------------------
/opt/airflow/dags/batch_pipeline_dag.py                           1           0  0.23s           2026-04-24T11:54:11
================================================================================
[2026-04-24T11:55:11.446+0000] {manager.py:879} INFO - 
================================================================================
DAG File Processing Stats

File Path                                PID    Runtime      # DAGs    # Errors  Last Runtime    Last Run
---------------------------------------  -----  ---------  --------  ----------  --------------  -------------------
/opt/airflow/dags/batch_pipeline_dag.py                           1           0  0.24s           2026-04-24T11:54:41
================================================================================
[2026-04-24T11:55:38.832+0000] {manager.py:738} INFO - Searching for files in /opt/airflow/dags
[2026-04-24T11:55:38.835+0000] {manager.py:741} INFO - There are 1 files in /opt/airflow/dags
[2026-04-24T11:55:41.875+0000] {manager.py:879} INFO - 
================================================================================
DAG File Processing Stats

File Path                                PID    Runtime      # DAGs    # Errors  Last Runtime    Last Run
---------------------------------------  -----  ---------  --------  ----------  --------------  -------------------
/opt/airflow/dags/batch_pipeline_dag.py                           1           0  0.23s           2026-04-24T11:55:11
================================================================================
[2026-04-24T11:56:12.326+0000] {manager.py:879} INFO - 
================================================================================
DAG File Processing Stats

File Path                                  PID  Runtime      # DAGs    # Errors  Last Runtime    Last Run
---------------------------------------  -----  ---------  --------  ----------  --------------  -------------------
/opt/airflow/dags/batch_pipeline_dag.py     68  0.01s             1           0  0.18s           2026-04-24T11:55:42
================================================================================
[2026-04-24T11:56:42.701+0000] {manager.py:879} INFO - 
================================================================================
DAG File Processing Stats

File Path                                  PID  Runtime      # DAGs    # Errors  Last Runtime    Last Run
---------------------------------------  -----  ---------  --------  ----------  --------------  -------------------
/opt/airflow/dags/batch_pipeline_dag.py     79  0.01s             1           0  0.23s           2026-04-24T11:56:12
================================================================================
[2026-04-24T11:57:12.966+0000] {manager.py:879} INFO - 
================================================================================
DAG File Processing Stats

File Path                                PID    Runtime      # DAGs    # Errors  Last Runtime    Last Run
---------------------------------------  -----  ---------  --------  ----------  --------------  -------------------
/opt/airflow/dags/batch_pipeline_dag.py                           1           0  0.32s           2026-04-24T11:56:43
================================================================================
[2026-04-24T13:30:03.092+0000] {manager.py:469} INFO - Processing files using up to 2 processes at a time 
[2026-04-24T13:30:03.187+0000] {manager.py:470} INFO - Process each file at most once every 30 seconds
[2026-04-24T13:30:03.188+0000] {manager.py:471} INFO - Checking for new files in /opt/airflow/dags every 300 seconds
[2026-04-24T13:30:03.189+0000] {manager.py:738} INFO - Searching for files in /opt/airflow/dags
[2026-04-24T13:30:03.200+0000] {manager.py:741} INFO - There are 1 files in /opt/airflow/dags
[2026-04-24T13:30:03.422+0000] {manager.py:879} INFO - 
================================================================================
DAG File Processing Stats

File Path                                  PID  Runtime      # DAGs    # Errors  Last Runtime    Last Run
---------------------------------------  -----  ---------  --------  ----------  --------------  ----------
/opt/airflow/dags/batch_pipeline_dag.py     21  0.11s             0           0
================================================================================
[2026-04-24T13:30:33.626+0000] {manager.py:879} INFO - 
================================================================================
DAG File Processing Stats

File Path                                PID    Runtime      # DAGs    # Errors  Last Runtime    Last Run
---------------------------------------  -----  ---------  --------  ----------  --------------  -------------------
/opt/airflow/dags/batch_pipeline_dag.py                           1           0  0.61s           2026-04-24T13:30:03
================================================================================
[2026-04-24T13:31:03.768+0000] {manager.py:879} INFO - 
================================================================================
DAG File Processing Stats

File Path                                PID    Runtime      # DAGs    # Errors  Last Runtime    Last Run
---------------------------------------  -----  ---------  --------  ----------  --------------  -------------------
/opt/airflow/dags/batch_pipeline_dag.py                           1           0  0.65s           2026-04-24T13:30:34
================================================================================
[2026-04-24T13:31:34.175+0000] {manager.py:879} INFO - 
================================================================================
DAG File Processing Stats

File Path                                PID    Runtime      # DAGs    # Errors  Last Runtime    Last Run
---------------------------------------  -----  ---------  --------  ----------  --------------  -------------------
/opt/airflow/dags/batch_pipeline_dag.py                           1           0  0.42s           2026-04-24T13:31:05
================================================================================
[2026-04-24T13:32:42.606+0000] {manager.py:469} INFO - Processing files using up to 2 processes at a time 
[2026-04-24T13:32:42.606+0000] {manager.py:470} INFO - Process each file at most once every 30 seconds
[2026-04-24T13:32:42.607+0000] {manager.py:471} INFO - Checking for new files in /opt/airflow/dags every 300 seconds
[2026-04-24T13:32:42.607+0000] {manager.py:738} INFO - Searching for files in /opt/airflow/dags
[2026-04-24T13:32:42.611+0000] {manager.py:741} INFO - There are 1 files in /opt/airflow/dags
[2026-04-24T13:32:42.739+0000] {manager.py:879} INFO - 
================================================================================
DAG File Processing Stats

File Path                                  PID  Runtime      # DAGs    # Errors  Last Runtime    Last Run
---------------------------------------  -----  ---------  --------  ----------  --------------  ----------
/opt/airflow/dags/batch_pipeline_dag.py     21  0.07s             0           0
================================================================================
[2026-04-24T13:33:12.888+0000] {manager.py:879} INFO - 
================================================================================
DAG File Processing Stats

File Path                                PID    Runtime      # DAGs    # Errors  Last Runtime    Last Run
---------------------------------------  -----  ---------  --------  ----------  --------------  -------------------
/opt/airflow/dags/batch_pipeline_dag.py                           1           0  0.29s           2026-04-24T13:32:42
================================================================================
[2026-04-24T13:33:43.250+0000] {manager.py:879} INFO - 
================================================================================
DAG File Processing Stats

File Path                                PID    Runtime      # DAGs    # Errors  Last Runtime    Last Run
---------------------------------------  -----  ---------  --------  ----------  --------------  -------------------
/opt/airflow/dags/batch_pipeline_dag.py                           1           0  0.37s           2026-04-24T13:33:13
================================================================================
[2026-04-24T13:34:13.760+0000] {manager.py:879} INFO - 
================================================================================
DAG File Processing Stats

File Path                                PID    Runtime      # DAGs    # Errors  Last Runtime    Last Run
---------------------------------------  -----  ---------  --------  ----------  --------------  -------------------
/opt/airflow/dags/batch_pipeline_dag.py                           1           0  0.19s           2026-04-24T13:33:43
================================================================================
[2026-04-24T13:34:44.109+0000] {manager.py:879} INFO - 
================================================================================
DAG File Processing Stats

File Path                                PID    Runtime      # DAGs    # Errors  Last Runtime    Last Run
---------------------------------------  -----  ---------  --------  ----------  --------------  -------------------
/opt/airflow/dags/batch_pipeline_dag.py                           1           0  0.36s           2026-04-24T13:34:14
================================================================================
[2026-04-24T13:35:14.623+0000] {manager.py:879} INFO - 
================================================================================
DAG File Processing Stats

File Path                                PID    Runtime      # DAGs    # Errors  Last Runtime    Last Run
---------------------------------------  -----  ---------  --------  ----------  --------------  -------------------
/opt/airflow/dags/batch_pipeline_dag.py                           1           0  0.17s           2026-04-24T13:34:44
================================================================================
[2026-04-24T13:35:44.927+0000] {manager.py:879} INFO - 
================================================================================
DAG File Processing Stats

File Path                                PID    Runtime      # DAGs    # Errors  Last Runtime    Last Run
---------------------------------------  -----  ---------  --------  ----------  --------------  -------------------
/opt/airflow/dags/batch_pipeline_dag.py                           1           0  0.19s           2026-04-24T13:35:14
================================================================================
[2026-04-24T13:36:15.249+0000] {manager.py:879} INFO - 
================================================================================
DAG File Processing Stats

File Path                                PID    Runtime      # DAGs    # Errors  Last Runtime    Last Run
---------------------------------------  -----  ---------  --------  ----------  --------------  -------------------
/opt/airflow/dags/batch_pipeline_dag.py                           1           0  0.16s           2026-04-24T13:35:45
================================================================================
[2026-04-24T13:36:45.543+0000] {manager.py:879} INFO - 
================================================================================
DAG File Processing Stats

File Path                                PID    Runtime      # DAGs    # Errors  Last Runtime    Last Run
---------------------------------------  -----  ---------  --------  ----------  --------------  -------------------
/opt/airflow/dags/batch_pipeline_dag.py                           1           0  0.16s           2026-04-24T13:36:15
================================================================================
[2026-04-24T13:37:15.849+0000] {manager.py:879} INFO - 
================================================================================
DAG File Processing Stats

File Path                                  PID  Runtime      # DAGs    # Errors  Last Runtime    Last Run
---------------------------------------  -----  ---------  --------  ----------  --------------  -------------------
/opt/airflow/dags/batch_pipeline_dag.py     30  0.01s             1           0  0.16s           2026-04-24T13:36:45
================================================================================
[2026-04-24T13:37:43.092+0000] {manager.py:738} INFO - Searching for files in /opt/airflow/dags
[2026-04-24T13:37:43.095+0000] {manager.py:741} INFO - There are 1 files in /opt/airflow/dags
[2026-04-24T13:37:46.132+0000] {manager.py:879} INFO - 
================================================================================
DAG File Processing Stats

File Path                                  PID  Runtime      # DAGs    # Errors  Last Runtime    Last Run
---------------------------------------  -----  ---------  --------  ----------  --------------  -------------------
/opt/airflow/dags/batch_pipeline_dag.py     31  0.01s             1           0  0.18s           2026-04-24T13:37:16
================================================================================
[2026-04-24T13:38:16.287+0000] {manager.py:879} INFO - 
================================================================================
DAG File Processing Stats

File Path                                PID    Runtime      # DAGs    # Errors  Last Runtime    Last Run
---------------------------------------  -----  ---------  --------  ----------  --------------  -------------------
/opt/airflow/dags/batch_pipeline_dag.py                           1           0  0.18s           2026-04-24T13:37:46
================================================================================
[2026-04-24T13:38:46.610+0000] {manager.py:879} INFO - 
================================================================================
DAG File Processing Stats

File Path                                PID    Runtime      # DAGs    # Errors  Last Runtime    Last Run
---------------------------------------  -----  ---------  --------  ----------  --------------  -------------------
/opt/airflow/dags/batch_pipeline_dag.py                           1           0  0.18s           2026-04-24T13:38:16
================================================================================
[2026-04-24T13:39:16.903+0000] {manager.py:879} INFO - 
================================================================================
DAG File Processing Stats

File Path                                PID    Runtime      # DAGs    # Errors  Last Runtime    Last Run
---------------------------------------  -----  ---------  --------  ----------  --------------  -------------------
/opt/airflow/dags/batch_pipeline_dag.py                           1           0  0.16s           2026-04-24T13:38:46
================================================================================
[2026-04-24T13:39:47.209+0000] {manager.py:879} INFO - 
================================================================================
DAG File Processing Stats

File Path                                PID    Runtime      # DAGs    # Errors  Last Runtime    Last Run
---------------------------------------  -----  ---------  --------  ----------  --------------  -------------------
/opt/airflow/dags/batch_pipeline_dag.py                           1           0  0.17s           2026-04-24T13:39:17
================================================================================
[2026-04-24T13:40:17.530+0000] {manager.py:879} INFO - 
================================================================================
DAG File Processing Stats

File Path                                PID    Runtime      # DAGs    # Errors  Last Runtime    Last Run
---------------------------------------  -----  ---------  --------  ----------  --------------  -------------------
/opt/airflow/dags/batch_pipeline_dag.py                           1           0  0.20s           2026-04-24T13:39:47
================================================================================
[2026-04-24T13:40:47.869+0000] {manager.py:879} INFO - 
================================================================================
DAG File Processing Stats

File Path                                  PID  Runtime      # DAGs    # Errors  Last Runtime    Last Run
---------------------------------------  -----  ---------  --------  ----------  --------------  -------------------
/opt/airflow/dags/batch_pipeline_dag.py     37  0.01s             1           0  0.14s           2026-04-24T13:40:17
================================================================================
[2026-04-24T13:41:18.133+0000] {manager.py:879} INFO - 
================================================================================
DAG File Processing Stats

File Path                                  PID  Runtime      # DAGs    # Errors  Last Runtime    Last Run
---------------------------------------  -----  ---------  --------  ----------  --------------  -------------------
/opt/airflow/dags/batch_pipeline_dag.py     38  0.01s             1           0  0.16s           2026-04-24T13:40:48
================================================================================
[2026-04-24T13:41:26.006+0000] {manager.py:451} INFO - Exiting gracefully upon receiving signal 15
[2026-04-24T13:42:34.237+0000] {manager.py:469} INFO - Processing files using up to 2 processes at a time 
[2026-04-24T13:42:34.238+0000] {manager.py:470} INFO - Process each file at most once every 30 seconds
[2026-04-24T13:42:34.239+0000] {manager.py:471} INFO - Checking for new files in /opt/airflow/dags every 300 seconds
[2026-04-24T13:42:34.240+0000] {manager.py:738} INFO - Searching for files in /opt/airflow/dags
[2026-04-24T13:42:34.250+0000] {manager.py:741} INFO - There are 1 files in /opt/airflow/dags
[2026-04-24T13:42:34.447+0000] {manager.py:879} INFO - 
================================================================================
DAG File Processing Stats

File Path                                  PID  Runtime      # DAGs    # Errors  Last Runtime    Last Run
---------------------------------------  -----  ---------  --------  ----------  --------------  ----------
/opt/airflow/dags/batch_pipeline_dag.py     29  0.08s             0           0
================================================================================
[2026-04-24T13:43:04.675+0000] {manager.py:879} INFO - 
================================================================================
DAG File Processing Stats

File Path                                PID    Runtime      # DAGs    # Errors  Last Runtime    Last Run
---------------------------------------  -----  ---------  --------  ----------  --------------  -------------------
/opt/airflow/dags/batch_pipeline_dag.py                           1           0  1.34s           2026-04-24T13:42:35
================================================================================
[2026-04-24T13:43:35.170+0000] {manager.py:879} INFO - 
================================================================================
DAG File Processing Stats

File Path                                PID    Runtime      # DAGs    # Errors  Last Runtime    Last Run
---------------------------------------  -----  ---------  --------  ----------  --------------  -------------------
/opt/airflow/dags/batch_pipeline_dag.py                           1           0  0.15s           2026-04-24T13:43:06
================================================================================
[2026-04-24T13:44:05.484+0000] {manager.py:879} INFO - 
================================================================================
DAG File Processing Stats

File Path                                PID    Runtime      # DAGs    # Errors  Last Runtime    Last Run
---------------------------------------  -----  ---------  --------  ----------  --------------  -------------------
/opt/airflow/dags/batch_pipeline_dag.py                           1           0  0.16s           2026-04-24T13:43:36
================================================================================
[2026-04-24T13:44:35.750+0000] {manager.py:879} INFO - 
================================================================================
DAG File Processing Stats

File Path                                PID    Runtime      # DAGs    # Errors  Last Runtime    Last Run
---------------------------------------  -----  ---------  --------  ----------  --------------  -------------------
/opt/airflow/dags/batch_pipeline_dag.py                           1           0  0.14s           2026-04-24T13:44:06
================================================================================
[2026-04-24T13:45:06.033+0000] {manager.py:879} INFO - 
================================================================================
DAG File Processing Stats

File Path                                PID    Runtime      # DAGs    # Errors  Last Runtime    Last Run
---------------------------------------  -----  ---------  --------  ----------  --------------  -------------------
/opt/airflow/dags/batch_pipeline_dag.py                           1           0  0.22s           2026-04-24T13:44:36
================================================================================
[2026-04-24T13:45:36.412+0000] {manager.py:879} INFO - 
================================================================================
DAG File Processing Stats

File Path                                PID    Runtime      # DAGs    # Errors  Last Runtime    Last Run
---------------------------------------  -----  ---------  --------  ----------  --------------  -------------------
/opt/airflow/dags/batch_pipeline_dag.py                           1           0  0.29s           2026-04-24T13:45:07
================================================================================
[2026-04-24T13:46:06.706+0000] {manager.py:879} INFO - 
================================================================================
DAG File Processing Stats

File Path                                PID    Runtime      # DAGs    # Errors  Last Runtime    Last Run
---------------------------------------  -----  ---------  --------  ----------  --------------  -------------------
/opt/airflow/dags/batch_pipeline_dag.py                           1           0  0.18s           2026-04-24T13:45:37
================================================================================
[2026-04-24T13:46:36.977+0000] {manager.py:879} INFO - 
================================================================================
DAG File Processing Stats

File Path                                PID    Runtime      # DAGs    # Errors  Last Runtime    Last Run
---------------------------------------  -----  ---------  --------  ----------  --------------  -------------------
/opt/airflow/dags/batch_pipeline_dag.py                           1           0  0.17s           2026-04-24T13:46:07
================================================================================
[2026-04-24T13:47:07.232+0000] {manager.py:879} INFO - 
================================================================================
DAG File Processing Stats

File Path                                PID    Runtime      # DAGs    # Errors  Last Runtime    Last Run
---------------------------------------  -----  ---------  --------  ----------  --------------  -------------------
/opt/airflow/dags/batch_pipeline_dag.py                           1           0  0.17s           2026-04-24T13:46:38
================================================================================
[2026-04-24T13:47:34.511+0000] {manager.py:738} INFO - Searching for files in /opt/airflow/dags
[2026-04-24T13:47:34.514+0000] {manager.py:741} INFO - There are 1 files in /opt/airflow/dags
[2026-04-24T13:47:37.552+0000] {manager.py:879} INFO - 
================================================================================
DAG File Processing Stats

File Path                                PID    Runtime      # DAGs    # Errors  Last Runtime    Last Run
---------------------------------------  -----  ---------  --------  ----------  --------------  -------------------
/opt/airflow/dags/batch_pipeline_dag.py                           1           0  0.14s           2026-04-24T13:47:08
================================================================================
[2026-04-24T13:48:07.748+0000] {manager.py:879} INFO - 
================================================================================
DAG File Processing Stats

File Path                                PID    Runtime      # DAGs    # Errors  Last Runtime    Last Run
---------------------------------------  -----  ---------  --------  ----------  --------------  -------------------
/opt/airflow/dags/batch_pipeline_dag.py                           1           0  0.17s           2026-04-24T13:47:38
================================================================================
[2026-04-24T13:48:37.946+0000] {manager.py:879} INFO - 
================================================================================
DAG File Processing Stats

File Path                                PID    Runtime      # DAGs    # Errors  Last Runtime    Last Run
---------------------------------------  -----  ---------  --------  ----------  --------------  -------------------
/opt/airflow/dags/batch_pipeline_dag.py                           1           0  0.18s           2026-04-24T13:48:08
================================================================================
[2026-04-24T13:49:08.308+0000] {manager.py:879} INFO - 
================================================================================
DAG File Processing Stats

File Path                                PID    Runtime      # DAGs    # Errors  Last Runtime    Last Run
---------------------------------------  -----  ---------  --------  ----------  --------------  -------------------
/opt/airflow/dags/batch_pipeline_dag.py                           1           0  0.17s           2026-04-24T13:48:39
================================================================================
[2026-04-24T13:49:38.524+0000] {manager.py:879} INFO - 
================================================================================
DAG File Processing Stats

File Path                                PID    Runtime      # DAGs    # Errors  Last Runtime    Last Run
---------------------------------------  -----  ---------  --------  ----------  --------------  -------------------
/opt/airflow/dags/batch_pipeline_dag.py                           1           0  0.13s           2026-04-24T13:49:09
================================================================================
[2026-04-24T13:50:08.831+0000] {manager.py:879} INFO - 
================================================================================
DAG File Processing Stats

File Path                                PID    Runtime      # DAGs    # Errors  Last Runtime    Last Run
---------------------------------------  -----  ---------  --------  ----------  --------------  -------------------
/opt/airflow/dags/batch_pipeline_dag.py                           1           0  0.27s           2026-04-24T13:49:39
================================================================================
[2026-04-24T13:50:39.050+0000] {manager.py:879} INFO - 
================================================================================
DAG File Processing Stats

File Path                                PID    Runtime      # DAGs    # Errors  Last Runtime    Last Run
---------------------------------------  -----  ---------  --------  ----------  --------------  -------------------
/opt/airflow/dags/batch_pipeline_dag.py                           1           0  0.15s           2026-04-24T13:50:09
================================================================================
[2026-04-24T13:51:09.338+0000] {manager.py:879} INFO - 
================================================================================
DAG File Processing Stats

File Path                                PID    Runtime      # DAGs    # Errors  Last Runtime    Last Run
---------------------------------------  -----  ---------  --------  ----------  --------------  -------------------
/opt/airflow/dags/batch_pipeline_dag.py                           1           0  0.12s           2026-04-24T13:50:40
================================================================================
[2026-04-24T13:51:39.565+0000] {manager.py:879} INFO - 
================================================================================
DAG File Processing Stats

File Path                                PID    Runtime      # DAGs    # Errors  Last Runtime    Last Run
---------------------------------------  -----  ---------  --------  ----------  --------------  -------------------
/opt/airflow/dags/batch_pipeline_dag.py                           1           0  0.15s           2026-04-24T13:51:10
================================================================================
[2026-04-24T13:52:09.913+0000] {manager.py:879} INFO - 
================================================================================
DAG File Processing Stats

File Path                                PID    Runtime      # DAGs    # Errors  Last Runtime    Last Run
---------------------------------------  -----  ---------  --------  ----------  --------------  -------------------
/opt/airflow/dags/batch_pipeline_dag.py                           1           0  0.17s           2026-04-24T13:51:40
================================================================================
[2026-04-24T13:52:35.146+0000] {manager.py:738} INFO - Searching for files in /opt/airflow/dags
[2026-04-24T13:52:35.149+0000] {manager.py:741} INFO - There are 1 files in /opt/airflow/dags
[2026-04-24T13:52:40.223+0000] {manager.py:879} INFO - 
================================================================================
DAG File Processing Stats

File Path                                PID    Runtime      # DAGs    # Errors  Last Runtime    Last Run
---------------------------------------  -----  ---------  --------  ----------  --------------  -------------------
/opt/airflow/dags/batch_pipeline_dag.py                           1           0  0.39s           2026-04-24T13:52:11
================================================================================
[2026-04-24T13:53:10.741+0000] {manager.py:879} INFO - 
================================================================================
DAG File Processing Stats

File Path                                PID    Runtime      # DAGs    # Errors  Last Runtime    Last Run
---------------------------------------  -----  ---------  --------  ----------  --------------  -------------------
/opt/airflow/dags/batch_pipeline_dag.py                           1           0  0.28s           2026-04-24T13:52:41
================================================================================
[2026-04-24T13:53:41.193+0000] {manager.py:879} INFO - 
================================================================================
DAG File Processing Stats

File Path                                PID    Runtime      # DAGs    # Errors  Last Runtime    Last Run
---------------------------------------  -----  ---------  --------  ----------  --------------  -------------------
/opt/airflow/dags/batch_pipeline_dag.py                           1           0  0.15s           2026-04-24T13:53:12
================================================================================
[2026-04-24T13:54:11.538+0000] {manager.py:879} INFO - 
================================================================================
DAG File Processing Stats

File Path                                PID    Runtime      # DAGs    # Errors  Last Runtime    Last Run
---------------------------------------  -----  ---------  --------  ----------  --------------  -------------------
/opt/airflow/dags/batch_pipeline_dag.py                           1           0  0.15s           2026-04-24T13:53:42
================================================================================
[2026-04-24T13:54:41.772+0000] {manager.py:879} INFO - 
================================================================================
DAG File Processing Stats

File Path                                PID    Runtime      # DAGs    # Errors  Last Runtime    Last Run
---------------------------------------  -----  ---------  --------  ----------  --------------  -------------------
/opt/airflow/dags/batch_pipeline_dag.py                           1           0  0.15s           2026-04-24T13:54:12
================================================================================
[2026-04-24T13:55:12.072+0000] {manager.py:879} INFO - 
================================================================================
DAG File Processing Stats

File Path                                PID    Runtime      # DAGs    # Errors  Last Runtime    Last Run
---------------------------------------  -----  ---------  --------  ----------  --------------  -------------------
/opt/airflow/dags/batch_pipeline_dag.py                           1           0  0.14s           2026-04-24T13:54:42
================================================================================
[2026-04-24T13:55:42.283+0000] {manager.py:879} INFO - 
================================================================================
DAG File Processing Stats

File Path                                PID    Runtime      # DAGs    # Errors  Last Runtime    Last Run
---------------------------------------  -----  ---------  --------  ----------  --------------  -------------------
/opt/airflow/dags/batch_pipeline_dag.py                           1           0  0.14s           2026-04-24T13:55:13
================================================================================
[2026-04-24T13:56:12.603+0000] {manager.py:879} INFO - 
================================================================================
DAG File Processing Stats

File Path                                PID    Runtime      # DAGs    # Errors  Last Runtime    Last Run
---------------------------------------  -----  ---------  --------  ----------  --------------  -------------------
/opt/airflow/dags/batch_pipeline_dag.py                           1           0  0.15s           2026-04-24T13:55:43
================================================================================
[2026-04-24T13:56:42.848+0000] {manager.py:879} INFO - 
================================================================================
DAG File Processing Stats

File Path                                PID    Runtime      # DAGs    # Errors  Last Runtime    Last Run
---------------------------------------  -----  ---------  --------  ----------  --------------  -------------------
/opt/airflow/dags/batch_pipeline_dag.py                           1           0  0.22s           2026-04-24T13:56:13
================================================================================
[2026-04-24T13:57:13.063+0000] {manager.py:879} INFO - 
================================================================================
DAG File Processing Stats

File Path                                PID    Runtime      # DAGs    # Errors  Last Runtime    Last Run
---------------------------------------  -----  ---------  --------  ----------  --------------  -------------------
/opt/airflow/dags/batch_pipeline_dag.py                           1           0  0.14s           2026-04-24T13:56:43
================================================================================
[2026-04-24T13:57:35.338+0000] {manager.py:738} INFO - Searching for files in /opt/airflow/dags
[2026-04-24T13:57:35.341+0000] {manager.py:741} INFO - There are 1 files in /opt/airflow/dags
[2026-04-24T13:57:43.409+0000] {manager.py:879} INFO - 
================================================================================
DAG File Processing Stats

File Path                                PID    Runtime      # DAGs    # Errors  Last Runtime    Last Run
---------------------------------------  -----  ---------  --------  ----------  --------------  -------------------
/opt/airflow/dags/batch_pipeline_dag.py                           1           0  0.15s           2026-04-24T13:57:14
================================================================================
[2026-04-24T13:58:13.629+0000] {manager.py:879} INFO - 
================================================================================
DAG File Processing Stats

File Path                                PID    Runtime      # DAGs    # Errors  Last Runtime    Last Run
---------------------------------------  -----  ---------  --------  ----------  --------------  -------------------
/opt/airflow/dags/batch_pipeline_dag.py                           1           0  0.21s           2026-04-24T13:57:44
================================================================================
[2026-04-24T13:58:43.851+0000] {manager.py:879} INFO - 
================================================================================
DAG File Processing Stats

File Path                                PID    Runtime      # DAGs    # Errors  Last Runtime    Last Run
---------------------------------------  -----  ---------  --------  ----------  --------------  -------------------
/opt/airflow/dags/batch_pipeline_dag.py                           1           0  0.15s           2026-04-24T13:58:14
================================================================================
[2026-04-24T13:59:14.171+0000] {manager.py:879} INFO - 
================================================================================
DAG File Processing Stats

File Path                                PID    Runtime      # DAGs    # Errors  Last Runtime    Last Run
---------------------------------------  -----  ---------  --------  ----------  --------------  -------------------
/opt/airflow/dags/batch_pipeline_dag.py                           1           0  0.17s           2026-04-24T13:58:45
================================================================================
[2026-04-24T13:59:44.400+0000] {manager.py:879} INFO - 
================================================================================
DAG File Processing Stats

File Path                                PID    Runtime      # DAGs    # Errors  Last Runtime    Last Run
---------------------------------------  -----  ---------  --------  ----------  --------------  -------------------
/opt/airflow/dags/batch_pipeline_dag.py                           1           0  0.16s           2026-04-24T13:59:15
================================================================================
[2026-04-24T14:00:14.734+0000] {manager.py:879} INFO - 
================================================================================
DAG File Processing Stats

File Path                                PID    Runtime      # DAGs    # Errors  Last Runtime    Last Run
---------------------------------------  -----  ---------  --------  ----------  --------------  -------------------
/opt/airflow/dags/batch_pipeline_dag.py                           1           0  0.17s           2026-04-24T13:59:45
================================================================================
[2026-04-24T14:00:44.939+0000] {manager.py:879} INFO - 
================================================================================
DAG File Processing Stats

File Path                                PID    Runtime      # DAGs    # Errors  Last Runtime    Last Run
---------------------------------------  -----  ---------  --------  ----------  --------------  -------------------
/opt/airflow/dags/batch_pipeline_dag.py                           1           0  0.16s           2026-04-24T14:00:15
================================================================================
[2026-04-24T14:01:15.306+0000] {manager.py:879} INFO - 
================================================================================
DAG File Processing Stats

File Path                                PID    Runtime      # DAGs    # Errors  Last Runtime    Last Run
---------------------------------------  -----  ---------  --------  ----------  --------------  -------------------
/opt/airflow/dags/batch_pipeline_dag.py                           1           0  0.24s           2026-04-24T14:00:46
================================================================================
[2026-04-24T14:01:45.541+0000] {manager.py:879} INFO - 
================================================================================
DAG File Processing Stats

File Path                                PID    Runtime      # DAGs    # Errors  Last Runtime    Last Run
---------------------------------------  -----  ---------  --------  ----------  --------------  -------------------
/opt/airflow/dags/batch_pipeline_dag.py                           1           0  0.15s           2026-04-24T14:01:16
================================================================================
[2026-04-24T14:02:15.819+0000] {manager.py:879} INFO - 
================================================================================
DAG File Processing Stats

File Path                                PID    Runtime      # DAGs    # Errors  Last Runtime    Last Run
---------------------------------------  -----  ---------  --------  ----------  --------------  -------------------
/opt/airflow/dags/batch_pipeline_dag.py                           1           0  0.15s           2026-04-24T14:01:46
================================================================================
[2026-04-24T14:02:35.976+0000] {manager.py:738} INFO - Searching for files in /opt/airflow/dags
[2026-04-24T14:02:35.979+0000] {manager.py:741} INFO - There are 1 files in /opt/airflow/dags
[2026-04-24T14:02:46.056+0000] {manager.py:879} INFO - 
================================================================================
DAG File Processing Stats

File Path                                PID    Runtime      # DAGs    # Errors  Last Runtime    Last Run
---------------------------------------  -----  ---------  --------  ----------  --------------  -------------------
/opt/airflow/dags/batch_pipeline_dag.py                           1           0  0.14s           2026-04-24T14:02:16
================================================================================
[2026-04-24T14:03:16.288+0000] {manager.py:879} INFO - 
================================================================================
DAG File Processing Stats

File Path                                PID    Runtime      # DAGs    # Errors  Last Runtime    Last Run
---------------------------------------  -----  ---------  --------  ----------  --------------  -------------------
/opt/airflow/dags/batch_pipeline_dag.py                           1           0  0.14s           2026-04-24T14:02:47
================================================================================
[2026-04-24T14:03:46.580+0000] {manager.py:879} INFO - 
================================================================================
DAG File Processing Stats

File Path                                PID    Runtime      # DAGs    # Errors  Last Runtime    Last Run
---------------------------------------  -----  ---------  --------  ----------  --------------  -------------------
/opt/airflow/dags/batch_pipeline_dag.py                           1           0  0.15s           2026-04-24T14:03:17
================================================================================
[2026-04-24T14:04:16.797+0000] {manager.py:879} INFO - 
================================================================================
DAG File Processing Stats

File Path                                PID    Runtime      # DAGs    # Errors  Last Runtime    Last Run
---------------------------------------  -----  ---------  --------  ----------  --------------  -------------------
/opt/airflow/dags/batch_pipeline_dag.py                           1           0  0.21s           2026-04-24T14:03:47
================================================================================
[2026-04-24T14:04:47.020+0000] {manager.py:879} INFO - 
================================================================================
DAG File Processing Stats

File Path                                PID    Runtime      # DAGs    # Errors  Last Runtime    Last Run
---------------------------------------  -----  ---------  --------  ----------  --------------  -------------------
/opt/airflow/dags/batch_pipeline_dag.py                           1           0  0.18s           2026-04-24T14:04:17
================================================================================
[2026-04-24T14:05:17.378+0000] {manager.py:879} INFO - 
================================================================================
DAG File Processing Stats

File Path                                PID    Runtime      # DAGs    # Errors  Last Runtime    Last Run
---------------------------------------  -----  ---------  --------  ----------  --------------  -------------------
/opt/airflow/dags/batch_pipeline_dag.py                           1           0  0.22s           2026-04-24T14:04:48
================================================================================
[2026-04-24T14:05:47.625+0000] {manager.py:879} INFO - 
================================================================================
DAG File Processing Stats

File Path                                PID    Runtime      # DAGs    # Errors  Last Runtime    Last Run
---------------------------------------  -----  ---------  --------  ----------  --------------  -------------------
/opt/airflow/dags/batch_pipeline_dag.py                           1           0  0.22s           2026-04-24T14:05:18
================================================================================
[2026-04-24T14:06:17.988+0000] {manager.py:879} INFO - 
================================================================================
DAG File Processing Stats

File Path                                PID    Runtime      # DAGs    # Errors  Last Runtime    Last Run
---------------------------------------  -----  ---------  --------  ----------  --------------  -------------------
/opt/airflow/dags/batch_pipeline_dag.py                           1           0  0.22s           2026-04-24T14:05:48
================================================================================
[2026-04-24T14:06:48.247+0000] {manager.py:879} INFO - 
================================================================================
DAG File Processing Stats

File Path                                PID    Runtime      # DAGs    # Errors  Last Runtime    Last Run
---------------------------------------  -----  ---------  --------  ----------  --------------  -------------------
/opt/airflow/dags/batch_pipeline_dag.py                           1           0  0.20s           2026-04-24T14:06:19
================================================================================
[2026-04-24T14:07:18.566+0000] {manager.py:879} INFO - 
================================================================================
DAG File Processing Stats

File Path                                PID    Runtime      # DAGs    # Errors  Last Runtime    Last Run
---------------------------------------  -----  ---------  --------  ----------  --------------  -------------------
/opt/airflow/dags/batch_pipeline_dag.py                           1           0  0.18s           2026-04-24T14:06:49
================================================================================
[2026-04-24T14:07:36.710+0000] {manager.py:738} INFO - Searching for files in /opt/airflow/dags
[2026-04-24T14:07:36.713+0000] {manager.py:741} INFO - There are 1 files in /opt/airflow/dags
[2026-04-24T14:07:48.814+0000] {manager.py:879} INFO - 
================================================================================
DAG File Processing Stats

File Path                                PID    Runtime      # DAGs    # Errors  Last Runtime    Last Run
---------------------------------------  -----  ---------  --------  ----------  --------------  -------------------
/opt/airflow/dags/batch_pipeline_dag.py                           1           0  0.16s           2026-04-24T14:07:19
================================================================================
[2026-04-24T14:08:19.136+0000] {manager.py:879} INFO - 
================================================================================
DAG File Processing Stats

File Path                                PID    Runtime      # DAGs    # Errors  Last Runtime    Last Run
---------------------------------------  -----  ---------  --------  ----------  --------------  -------------------
/opt/airflow/dags/batch_pipeline_dag.py                           1           0  0.16s           2026-04-24T14:07:49
================================================================================
[2026-04-24T14:08:49.383+0000] {manager.py:879} INFO - 
================================================================================
DAG File Processing Stats

File Path                                PID    Runtime      # DAGs    # Errors  Last Runtime    Last Run
---------------------------------------  -----  ---------  --------  ----------  --------------  -------------------
/opt/airflow/dags/batch_pipeline_dag.py                           1           0  0.18s           2026-04-24T14:08:20
================================================================================
[2026-04-24T14:09:19.693+0000] {manager.py:879} INFO - 
================================================================================
DAG File Processing Stats

File Path                                PID    Runtime      # DAGs    # Errors  Last Runtime    Last Run
---------------------------------------  -----  ---------  --------  ----------  --------------  -------------------
/opt/airflow/dags/batch_pipeline_dag.py                           1           0  0.12s           2026-04-24T14:08:50
================================================================================
[2026-04-24T14:09:49.906+0000] {manager.py:879} INFO - 
================================================================================
DAG File Processing Stats

File Path                                PID    Runtime      # DAGs    # Errors  Last Runtime    Last Run
---------------------------------------  -----  ---------  --------  ----------  --------------  -------------------
/opt/airflow/dags/batch_pipeline_dag.py                           1           0  0.15s           2026-04-24T14:09:20
================================================================================
[2026-04-24T14:10:20.230+0000] {manager.py:879} INFO - 
================================================================================
DAG File Processing Stats

File Path                                PID    Runtime      # DAGs    # Errors  Last Runtime    Last Run
---------------------------------------  -----  ---------  --------  ----------  --------------  -------------------
/opt/airflow/dags/batch_pipeline_dag.py                           1           0  0.24s           2026-04-24T14:09:51
================================================================================
[2026-04-24T14:10:50.548+0000] {manager.py:879} INFO - 
================================================================================
DAG File Processing Stats

File Path                                PID    Runtime      # DAGs    # Errors  Last Runtime    Last Run
---------------------------------------  -----  ---------  --------  ----------  --------------  -------------------
/opt/airflow/dags/batch_pipeline_dag.py                           1           0  0.17s           2026-04-24T14:10:21
================================================================================
[2026-04-24T14:11:20.783+0000] {manager.py:879} INFO - 
================================================================================
DAG File Processing Stats

File Path                                PID    Runtime      # DAGs    # Errors  Last Runtime    Last Run
---------------------------------------  -----  ---------  --------  ----------  --------------  -------------------
/opt/airflow/dags/batch_pipeline_dag.py                           1           0  0.20s           2026-04-24T14:10:51
================================================================================
[2026-04-24T14:11:51.099+0000] {manager.py:879} INFO - 
================================================================================
DAG File Processing Stats

File Path                                PID    Runtime      # DAGs    # Errors  Last Runtime    Last Run
---------------------------------------  -----  ---------  --------  ----------  --------------  -------------------
/opt/airflow/dags/batch_pipeline_dag.py                           1           0  0.16s           2026-04-24T14:11:21
================================================================================
[2026-04-24T14:12:21.322+0000] {manager.py:879} INFO - 
================================================================================
DAG File Processing Stats

File Path                                PID    Runtime      # DAGs    # Errors  Last Runtime    Last Run
---------------------------------------  -----  ---------  --------  ----------  --------------  -------------------
/opt/airflow/dags/batch_pipeline_dag.py                           1           0  0.16s           2026-04-24T14:11:52
================================================================================
[2026-04-24T14:12:37.582+0000] {manager.py:738} INFO - Searching for files in /opt/airflow/dags
[2026-04-24T14:12:37.585+0000] {manager.py:741} INFO - There are 1 files in /opt/airflow/dags
[2026-04-24T14:12:51.697+0000] {manager.py:879} INFO - 
================================================================================
DAG File Processing Stats

File Path                                PID    Runtime      # DAGs    # Errors  Last Runtime    Last Run
---------------------------------------  -----  ---------  --------  ----------  --------------  -------------------
/opt/airflow/dags/batch_pipeline_dag.py                           1           0  0.17s           2026-04-24T14:12:22
================================================================================
[2026-04-24T14:13:21.914+0000] {manager.py:879} INFO - 
================================================================================
DAG File Processing Stats

File Path                                PID    Runtime      # DAGs    # Errors  Last Runtime    Last Run
---------------------------------------  -----  ---------  --------  ----------  --------------  -------------------
/opt/airflow/dags/batch_pipeline_dag.py                           1           0  0.17s           2026-04-24T14:12:52
================================================================================
[2026-04-24T14:13:52.243+0000] {manager.py:879} INFO - 
================================================================================
DAG File Processing Stats

File Path                                PID    Runtime      # DAGs    # Errors  Last Runtime    Last Run
---------------------------------------  -----  ---------  --------  ----------  --------------  -------------------
/opt/airflow/dags/batch_pipeline_dag.py                           1           0  0.14s           2026-04-24T14:13:23
================================================================================
[2026-04-24T14:14:22.462+0000] {manager.py:879} INFO - 
================================================================================
DAG File Processing Stats

File Path                                PID    Runtime      # DAGs    # Errors  Last Runtime    Last Run
---------------------------------------  -----  ---------  --------  ----------  --------------  -------------------
/opt/airflow/dags/batch_pipeline_dag.py                           1           0  0.15s           2026-04-24T14:13:53
================================================================================
[2026-04-24T14:14:52.786+0000] {manager.py:879} INFO - 
================================================================================
DAG File Processing Stats

File Path                                PID    Runtime      # DAGs    # Errors  Last Runtime    Last Run
---------------------------------------  -----  ---------  --------  ----------  --------------  -------------------
/opt/airflow/dags/batch_pipeline_dag.py                           1           0  0.14s           2026-04-24T14:14:23
================================================================================
[2026-04-24T14:15:22.994+0000] {manager.py:879} INFO - 
================================================================================
DAG File Processing Stats

File Path                                PID    Runtime      # DAGs    # Errors  Last Runtime    Last Run
---------------------------------------  -----  ---------  --------  ----------  --------------  -------------------
/opt/airflow/dags/batch_pipeline_dag.py                           1           0  0.14s           2026-04-24T14:14:53
================================================================================
[2026-04-24T14:15:53.318+0000] {manager.py:879} INFO - 
================================================================================
DAG File Processing Stats

File Path                                PID    Runtime      # DAGs    # Errors  Last Runtime    Last Run
---------------------------------------  -----  ---------  --------  ----------  --------------  -------------------
/opt/airflow/dags/batch_pipeline_dag.py                           1           0  0.14s           2026-04-24T14:15:24
================================================================================
[2026-04-24T14:16:23.536+0000] {manager.py:879} INFO - 
================================================================================
DAG File Processing Stats

File Path                                PID    Runtime      # DAGs    # Errors  Last Runtime    Last Run
---------------------------------------  -----  ---------  --------  ----------  --------------  -------------------
/opt/airflow/dags/batch_pipeline_dag.py                           1           0  0.15s           2026-04-24T14:15:54
================================================================================
[2026-04-24T14:16:53.843+0000] {manager.py:879} INFO - 
================================================================================
DAG File Processing Stats

File Path                                PID    Runtime      # DAGs    # Errors  Last Runtime    Last Run
---------------------------------------  -----  ---------  --------  ----------  --------------  -------------------
/opt/airflow/dags/batch_pipeline_dag.py                           1           0  0.14s           2026-04-24T14:16:24
================================================================================
[2026-04-24T14:17:24.080+0000] {manager.py:879} INFO - 
================================================================================
DAG File Processing Stats

File Path                                PID    Runtime      # DAGs    # Errors  Last Runtime    Last Run
---------------------------------------  -----  ---------  --------  ----------  --------------  -------------------
/opt/airflow/dags/batch_pipeline_dag.py                           1           0  0.17s           2026-04-24T14:16:55
================================================================================
[2026-04-24T14:17:38.298+0000] {manager.py:738} INFO - Searching for files in /opt/airflow/dags
[2026-04-24T14:17:38.302+0000] {manager.py:741} INFO - There are 1 files in /opt/airflow/dags
[2026-04-24T14:17:54.428+0000] {manager.py:879} INFO - 
================================================================================
DAG File Processing Stats

File Path                                PID    Runtime      # DAGs    # Errors  Last Runtime    Last Run
---------------------------------------  -----  ---------  --------  ----------  --------------  -------------------
/opt/airflow/dags/batch_pipeline_dag.py                           1           0  0.14s           2026-04-24T14:17:25
================================================================================
[2026-04-24T14:18:24.635+0000] {manager.py:879} INFO - 
================================================================================
DAG File Processing Stats

File Path                                PID    Runtime      # DAGs    # Errors  Last Runtime    Last Run
---------------------------------------  -----  ---------  --------  ----------  --------------  -------------------
/opt/airflow/dags/batch_pipeline_dag.py                           1           0  0.15s           2026-04-24T14:17:55
================================================================================
[2026-04-24T14:18:54.978+0000] {manager.py:879} INFO - 
================================================================================
DAG File Processing Stats

File Path                                PID    Runtime      # DAGs    # Errors  Last Runtime    Last Run
---------------------------------------  -----  ---------  --------  ----------  --------------  -------------------
/opt/airflow/dags/batch_pipeline_dag.py                           1           0  0.14s           2026-04-24T14:18:25
================================================================================
[2026-04-24T14:19:25.199+0000] {manager.py:879} INFO - 
================================================================================
DAG File Processing Stats

File Path                                PID    Runtime      # DAGs    # Errors  Last Runtime    Last Run
---------------------------------------  -----  ---------  --------  ----------  --------------  -------------------
/opt/airflow/dags/batch_pipeline_dag.py                           1           0  0.14s           2026-04-24T14:18:56
================================================================================
[2026-04-24T14:19:55.503+0000] {manager.py:879} INFO - 
================================================================================
DAG File Processing Stats

File Path                                PID    Runtime      # DAGs    # Errors  Last Runtime    Last Run
---------------------------------------  -----  ---------  --------  ----------  --------------  -------------------
/opt/airflow/dags/batch_pipeline_dag.py                           1           0  0.14s           2026-04-24T14:19:26
================================================================================
[2026-04-24T14:20:25.752+0000] {manager.py:879} INFO - 
================================================================================
DAG File Processing Stats

File Path                                PID    Runtime      # DAGs    # Errors  Last Runtime    Last Run
---------------------------------------  -----  ---------  --------  ----------  --------------  -------------------
/opt/airflow/dags/batch_pipeline_dag.py                           1           0  0.21s           2026-04-24T14:19:56
================================================================================
[2026-04-24T14:20:56.121+0000] {manager.py:879} INFO - 
================================================================================
DAG File Processing Stats

File Path                                PID    Runtime      # DAGs    # Errors  Last Runtime    Last Run
---------------------------------------  -----  ---------  --------  ----------  --------------  -------------------
/opt/airflow/dags/batch_pipeline_dag.py                           1           0  0.19s           2026-04-24T14:20:26
================================================================================
[2026-04-24T14:21:26.330+0000] {manager.py:879} INFO - 
================================================================================
DAG File Processing Stats

File Path                                PID    Runtime      # DAGs    # Errors  Last Runtime    Last Run
---------------------------------------  -----  ---------  --------  ----------  --------------  -------------------
/opt/airflow/dags/batch_pipeline_dag.py                           1           0  0.16s           2026-04-24T14:20:57
================================================================================
[2026-04-24T14:21:56.620+0000] {manager.py:879} INFO - 
================================================================================
DAG File Processing Stats

File Path                                PID    Runtime      # DAGs    # Errors  Last Runtime    Last Run
---------------------------------------  -----  ---------  --------  ----------  --------------  -------------------
/opt/airflow/dags/batch_pipeline_dag.py                           1           0  0.14s           2026-04-24T14:21:27
================================================================================
[2026-04-24T14:22:26.857+0000] {manager.py:879} INFO - 
================================================================================
DAG File Processing Stats

File Path                                PID    Runtime      # DAGs    # Errors  Last Runtime    Last Run
---------------------------------------  -----  ---------  --------  ----------  --------------  -------------------
/opt/airflow/dags/batch_pipeline_dag.py                           1           0  0.17s           2026-04-24T14:21:57
================================================================================
[2026-04-24T14:22:39.033+0000] {manager.py:738} INFO - Searching for files in /opt/airflow/dags
[2026-04-24T14:22:39.039+0000] {manager.py:741} INFO - There are 1 files in /opt/airflow/dags
[2026-04-24T14:22:57.161+0000] {manager.py:879} INFO - 
================================================================================
DAG File Processing Stats

File Path                                PID    Runtime      # DAGs    # Errors  Last Runtime    Last Run
---------------------------------------  -----  ---------  --------  ----------  --------------  -------------------
/opt/airflow/dags/batch_pipeline_dag.py                           1           0  0.15s           2026-04-24T14:22:28
================================================================================
[2026-04-24T14:23:27.375+0000] {manager.py:879} INFO - 
================================================================================
DAG File Processing Stats

File Path                                PID    Runtime      # DAGs    # Errors  Last Runtime    Last Run
---------------------------------------  -----  ---------  --------  ----------  --------------  -------------------
/opt/airflow/dags/batch_pipeline_dag.py                           1           0  0.15s           2026-04-24T14:22:58
================================================================================
[2026-04-24T14:23:57.703+0000] {manager.py:879} INFO - 
================================================================================
DAG File Processing Stats

File Path                                PID    Runtime      # DAGs    # Errors  Last Runtime    Last Run
---------------------------------------  -----  ---------  --------  ----------  --------------  -------------------
/opt/airflow/dags/batch_pipeline_dag.py                           1           0  0.16s           2026-04-24T14:23:28
================================================================================
[2026-04-24T14:24:27.936+0000] {manager.py:879} INFO - 
================================================================================
DAG File Processing Stats

File Path                                PID    Runtime      # DAGs    # Errors  Last Runtime    Last Run
---------------------------------------  -----  ---------  --------  ----------  --------------  -------------------
/opt/airflow/dags/batch_pipeline_dag.py                           1           0  0.18s           2026-04-24T14:23:58
================================================================================
[2026-04-24T14:24:58.262+0000] {manager.py:879} INFO - 
================================================================================
DAG File Processing Stats

File Path                                PID    Runtime      # DAGs    # Errors  Last Runtime    Last Run
---------------------------------------  -----  ---------  --------  ----------  --------------  -------------------
/opt/airflow/dags/batch_pipeline_dag.py                           1           0  0.14s           2026-04-24T14:24:29
================================================================================
[2026-04-24T14:25:28.462+0000] {manager.py:879} INFO - 
================================================================================
DAG File Processing Stats

File Path                                PID    Runtime      # DAGs    # Errors  Last Runtime    Last Run
---------------------------------------  -----  ---------  --------  ----------  --------------  -------------------
/opt/airflow/dags/batch_pipeline_dag.py                           1           0  0.15s           2026-04-24T14:24:59
================================================================================
[2026-04-24T14:25:58.794+0000] {manager.py:879} INFO - 
================================================================================
DAG File Processing Stats

File Path                                PID    Runtime      # DAGs    # Errors  Last Runtime    Last Run
---------------------------------------  -----  ---------  --------  ----------  --------------  -------------------
/opt/airflow/dags/batch_pipeline_dag.py                           1           0  0.14s           2026-04-24T14:25:29
================================================================================
[2026-04-24T14:26:28.999+0000] {manager.py:879} INFO - 
================================================================================
DAG File Processing Stats

File Path                                PID    Runtime      # DAGs    # Errors  Last Runtime    Last Run
---------------------------------------  -----  ---------  --------  ----------  --------------  -------------------
/opt/airflow/dags/batch_pipeline_dag.py                           1           0  0.15s           2026-04-24T14:25:59
================================================================================
[2026-04-24T14:26:59.315+0000] {manager.py:879} INFO - 
================================================================================
DAG File Processing Stats

File Path                                PID    Runtime      # DAGs    # Errors  Last Runtime    Last Run
---------------------------------------  -----  ---------  --------  ----------  --------------  -------------------
/opt/airflow/dags/batch_pipeline_dag.py                           1           0  0.16s           2026-04-24T14:26:30
================================================================================
[2026-04-24T14:27:29.541+0000] {manager.py:879} INFO - 
================================================================================
DAG File Processing Stats

File Path                                PID    Runtime      # DAGs    # Errors  Last Runtime    Last Run
---------------------------------------  -----  ---------  --------  ----------  --------------  -------------------
/opt/airflow/dags/batch_pipeline_dag.py                           1           0  0.17s           2026-04-24T14:27:00
================================================================================
[2026-04-24T14:27:39.742+0000] {manager.py:738} INFO - Searching for files in /opt/airflow/dags
[2026-04-24T14:27:39.746+0000] {manager.py:741} INFO - There are 1 files in /opt/airflow/dags
[2026-04-24T14:27:59.894+0000] {manager.py:879} INFO - 
================================================================================
DAG File Processing Stats

File Path                                PID    Runtime      # DAGs    # Errors  Last Runtime    Last Run
---------------------------------------  -----  ---------  --------  ----------  --------------  -------------------
/opt/airflow/dags/batch_pipeline_dag.py                           1           0  0.16s           2026-04-24T14:27:30
================================================================================
[2026-04-24T14:28:30.139+0000] {manager.py:879} INFO - 
================================================================================
DAG File Processing Stats

File Path                                PID    Runtime      # DAGs    # Errors  Last Runtime    Last Run
---------------------------------------  -----  ---------  --------  ----------  --------------  -------------------
/opt/airflow/dags/batch_pipeline_dag.py                           1           0  0.22s           2026-04-24T14:28:01
================================================================================
[2026-04-24T14:29:00.351+0000] {manager.py:879} INFO - 
================================================================================
DAG File Processing Stats

File Path                                PID    Runtime      # DAGs    # Errors  Last Runtime    Last Run
---------------------------------------  -----  ---------  --------  ----------  --------------  -------------------
/opt/airflow/dags/batch_pipeline_dag.py                           1           0  0.16s           2026-04-24T14:28:31
================================================================================
[2026-04-24T14:29:30.702+0000] {manager.py:879} INFO - 
================================================================================
DAG File Processing Stats

File Path                                PID    Runtime      # DAGs    # Errors  Last Runtime    Last Run
---------------------------------------  -----  ---------  --------  ----------  --------------  -------------------
/opt/airflow/dags/batch_pipeline_dag.py                           1           0  0.15s           2026-04-24T14:29:01
================================================================================
[2026-04-24T14:30:00.917+0000] {manager.py:879} INFO - 
================================================================================
DAG File Processing Stats

File Path                                PID    Runtime      # DAGs    # Errors  Last Runtime    Last Run
---------------------------------------  -----  ---------  --------  ----------  --------------  -------------------
/opt/airflow/dags/batch_pipeline_dag.py                           1           0  0.15s           2026-04-24T14:29:31
================================================================================
[2026-04-24T14:30:31.243+0000] {manager.py:879} INFO - 
================================================================================
DAG File Processing Stats

File Path                                PID    Runtime      # DAGs    # Errors  Last Runtime    Last Run
---------------------------------------  -----  ---------  --------  ----------  --------------  -------------------
/opt/airflow/dags/batch_pipeline_dag.py                           1           0  0.17s           2026-04-24T14:30:02
================================================================================
[2026-04-24T14:31:01.470+0000] {manager.py:879} INFO - 
================================================================================
DAG File Processing Stats

File Path                                PID    Runtime      # DAGs    # Errors  Last Runtime    Last Run
---------------------------------------  -----  ---------  --------  ----------  --------------  -------------------
/opt/airflow/dags/batch_pipeline_dag.py                           1           0  0.15s           2026-04-24T14:30:32
================================================================================
[2026-04-24T14:31:31.750+0000] {manager.py:879} INFO - 
================================================================================
DAG File Processing Stats

File Path                                PID    Runtime      # DAGs    # Errors  Last Runtime    Last Run
---------------------------------------  -----  ---------  --------  ----------  --------------  -------------------
/opt/airflow/dags/batch_pipeline_dag.py                           1           0  0.15s           2026-04-24T14:31:02
================================================================================
[2026-04-24T14:32:01.998+0000] {manager.py:879} INFO - 
================================================================================
DAG File Processing Stats

File Path                                PID    Runtime      # DAGs    # Errors  Last Runtime    Last Run
---------------------------------------  -----  ---------  --------  ----------  --------------  -------------------
/opt/airflow/dags/batch_pipeline_dag.py                           1           0  0.13s           2026-04-24T14:31:32
================================================================================
[2026-04-24T14:32:32.257+0000] {manager.py:879} INFO - 
================================================================================
DAG File Processing Stats

File Path                                PID    Runtime      # DAGs    # Errors  Last Runtime    Last Run
---------------------------------------  -----  ---------  --------  ----------  --------------  -------------------
/opt/airflow/dags/batch_pipeline_dag.py                           1           0  0.26s           2026-04-24T14:32:03
================================================================================
[2026-04-24T14:32:40.492+0000] {manager.py:738} INFO - Searching for files in /opt/airflow/dags
[2026-04-24T14:32:40.495+0000] {manager.py:741} INFO - There are 1 files in /opt/airflow/dags
[2026-04-24T14:33:02.660+0000] {manager.py:879} INFO - 
================================================================================
DAG File Processing Stats

File Path                                PID    Runtime      # DAGs    # Errors  Last Runtime    Last Run
---------------------------------------  -----  ---------  --------  ----------  --------------  -------------------
/opt/airflow/dags/batch_pipeline_dag.py                           1           0  0.20s           2026-04-24T14:32:33
================================================================================
[2026-04-24T14:33:32.860+0000] {manager.py:879} INFO - 
================================================================================
DAG File Processing Stats

File Path                                PID    Runtime      # DAGs    # Errors  Last Runtime    Last Run
---------------------------------------  -----  ---------  --------  ----------  --------------  -------------------
/opt/airflow/dags/batch_pipeline_dag.py                           1           0  0.14s           2026-04-24T14:33:03
================================================================================
[2026-04-24T14:34:03.216+0000] {manager.py:879} INFO - 
================================================================================
DAG File Processing Stats

File Path                                PID    Runtime      # DAGs    # Errors  Last Runtime    Last Run
---------------------------------------  -----  ---------  --------  ----------  --------------  -------------------
/opt/airflow/dags/batch_pipeline_dag.py                           1           0  0.13s           2026-04-24T14:33:44
================================================================================
[2026-04-24T14:34:33.489+0000] {manager.py:879} INFO - 
================================================================================
DAG File Processing Stats

File Path                                PID    Runtime      # DAGs    # Errors  Last Runtime    Last Run
---------------------------------------  -----  ---------  --------  ----------  --------------  -------------------
/opt/airflow/dags/batch_pipeline_dag.py                           1           0  0.14s           2026-04-24T14:34:14
================================================================================
[2026-04-24T14:35:03.743+0000] {manager.py:879} INFO - 
================================================================================
DAG File Processing Stats

File Path                                PID    Runtime      # DAGs    # Errors  Last Runtime    Last Run
---------------------------------------  -----  ---------  --------  ----------  --------------  -------------------
/opt/airflow/dags/batch_pipeline_dag.py                           1           0  0.14s           2026-04-24T14:34:44
================================================================================
[2026-04-24T14:35:33.997+0000] {manager.py:879} INFO - 
================================================================================
DAG File Processing Stats

File Path                                PID    Runtime      # DAGs    # Errors  Last Runtime    Last Run
---------------------------------------  -----  ---------  --------  ----------  --------------  -------------------
/opt/airflow/dags/batch_pipeline_dag.py                           1           0  0.14s           2026-04-24T14:35:14
================================================================================
[2026-04-24T14:36:04.263+0000] {manager.py:879} INFO - 
================================================================================
DAG File Processing Stats

File Path                                PID    Runtime      # DAGs    # Errors  Last Runtime    Last Run
---------------------------------------  -----  ---------  --------  ----------  --------------  -------------------
/opt/airflow/dags/batch_pipeline_dag.py                           1           0  0.14s           2026-04-24T14:35:45
================================================================================
[2026-04-24T14:36:34.506+0000] {manager.py:879} INFO - 
================================================================================
DAG File Processing Stats

File Path                                PID    Runtime      # DAGs    # Errors  Last Runtime    Last Run
---------------------------------------  -----  ---------  --------  ----------  --------------  -------------------
/opt/airflow/dags/batch_pipeline_dag.py                           1           0  0.13s           2026-04-24T14:36:15
================================================================================
[2026-04-24T14:37:04.770+0000] {manager.py:879} INFO - 
================================================================================
DAG File Processing Stats

File Path                                PID    Runtime      # DAGs    # Errors  Last Runtime    Last Run
---------------------------------------  -----  ---------  --------  ----------  --------------  -------------------
/opt/airflow/dags/batch_pipeline_dag.py                           1           0  0.15s           2026-04-24T14:36:45
================================================================================
[2026-04-24T14:37:35.057+0000] {manager.py:879} INFO - 
================================================================================
DAG File Processing Stats

File Path                                PID    Runtime      # DAGs    # Errors  Last Runtime    Last Run
---------------------------------------  -----  ---------  --------  ----------  --------------  -------------------
/opt/airflow/dags/batch_pipeline_dag.py                           1           0  0.15s           2026-04-24T14:37:15
================================================================================
[2026-04-24T14:37:41.092+0000] {manager.py:738} INFO - Searching for files in /opt/airflow/dags
[2026-04-24T14:37:41.097+0000] {manager.py:741} INFO - There are 1 files in /opt/airflow/dags
[2026-04-24T14:38:05.337+0000] {manager.py:879} INFO - 
================================================================================
DAG File Processing Stats

File Path                                PID    Runtime      # DAGs    # Errors  Last Runtime    Last Run
---------------------------------------  -----  ---------  --------  ----------  --------------  -------------------
/opt/airflow/dags/batch_pipeline_dag.py                           1           0  0.16s           2026-04-24T14:37:46
================================================================================
[2026-04-24T14:38:35.626+0000] {manager.py:879} INFO - 
================================================================================
DAG File Processing Stats

File Path                                PID    Runtime      # DAGs    # Errors  Last Runtime    Last Run
---------------------------------------  -----  ---------  --------  ----------  --------------  -------------------
/opt/airflow/dags/batch_pipeline_dag.py                           1           0  0.22s           2026-04-24T14:38:16
================================================================================
[2026-04-24T14:39:05.910+0000] {manager.py:879} INFO - 
================================================================================
DAG File Processing Stats

File Path                                PID    Runtime      # DAGs    # Errors  Last Runtime    Last Run
---------------------------------------  -----  ---------  --------  ----------  --------------  -------------------
/opt/airflow/dags/batch_pipeline_dag.py                           1           0  0.19s           2026-04-24T14:38:46
================================================================================
[2026-04-24T14:39:36.191+0000] {manager.py:879} INFO - 
================================================================================
DAG File Processing Stats

File Path                                PID    Runtime      # DAGs    # Errors  Last Runtime    Last Run
---------------------------------------  -----  ---------  --------  ----------  --------------  -------------------
/opt/airflow/dags/batch_pipeline_dag.py                           1           0  0.16s           2026-04-24T14:39:17
================================================================================
[2026-04-24T14:40:06.432+0000] {manager.py:879} INFO - 
================================================================================
DAG File Processing Stats

File Path                                PID    Runtime      # DAGs    # Errors  Last Runtime    Last Run
---------------------------------------  -----  ---------  --------  ----------  --------------  -------------------
/opt/airflow/dags/batch_pipeline_dag.py                           1           0  0.24s           2026-04-24T14:39:47
================================================================================
[2026-04-24T14:40:36.795+0000] {manager.py:879} INFO - 
================================================================================
DAG File Processing Stats

File Path                                PID    Runtime      # DAGs    # Errors  Last Runtime    Last Run
---------------------------------------  -----  ---------  --------  ----------  --------------  -------------------
/opt/airflow/dags/batch_pipeline_dag.py                           1           0  0.14s           2026-04-24T14:40:17
================================================================================
[2026-04-24T14:41:07.096+0000] {manager.py:879} INFO - 
================================================================================
DAG File Processing Stats

File Path                                PID    Runtime      # DAGs    # Errors  Last Runtime    Last Run
---------------------------------------  -----  ---------  --------  ----------  --------------  -------------------
/opt/airflow/dags/batch_pipeline_dag.py                           1           0  0.14s           2026-04-24T14:40:48
================================================================================
[2026-04-24T14:41:37.302+0000] {manager.py:879} INFO - 
================================================================================
DAG File Processing Stats

File Path                                PID    Runtime      # DAGs    # Errors  Last Runtime    Last Run
---------------------------------------  -----  ---------  --------  ----------  --------------  -------------------
/opt/airflow/dags/batch_pipeline_dag.py                           1           0  0.15s           2026-04-24T14:41:18
================================================================================
[2026-04-24T14:42:07.627+0000] {manager.py:879} INFO - 
================================================================================
DAG File Processing Stats

File Path                                PID    Runtime      # DAGs    # Errors  Last Runtime    Last Run
---------------------------------------  -----  ---------  --------  ----------  --------------  -------------------
/opt/airflow/dags/batch_pipeline_dag.py                           1           0  0.16s           2026-04-24T14:41:48
================================================================================
[2026-04-24T14:42:37.850+0000] {manager.py:879} INFO - 
================================================================================
DAG File Processing Stats

File Path                                PID    Runtime      # DAGs    # Errors  Last Runtime    Last Run
---------------------------------------  -----  ---------  --------  ----------  --------------  -------------------
/opt/airflow/dags/batch_pipeline_dag.py                           1           0  0.22s           2026-04-24T14:42:18
================================================================================
[2026-04-24T14:42:41.879+0000] {manager.py:738} INFO - Searching for files in /opt/airflow/dags
[2026-04-24T14:42:41.881+0000] {manager.py:741} INFO - There are 1 files in /opt/airflow/dags
[2026-04-24T14:43:08.268+0000] {manager.py:879} INFO - 
================================================================================
DAG File Processing Stats

File Path                                PID    Runtime      # DAGs    # Errors  Last Runtime    Last Run
---------------------------------------  -----  ---------  --------  ----------  --------------  -------------------
/opt/airflow/dags/batch_pipeline_dag.py                           1           0  0.19s           2026-04-24T14:42:49
================================================================================
[2026-04-24T14:43:38.485+0000] {manager.py:879} INFO - 
================================================================================
DAG File Processing Stats

File Path                                PID    Runtime      # DAGs    # Errors  Last Runtime    Last Run
---------------------------------------  -----  ---------  --------  ----------  --------------  -------------------
/opt/airflow/dags/batch_pipeline_dag.py                           1           0  0.18s           2026-04-24T14:43:19
================================================================================
[2026-04-24T14:44:08.855+0000] {manager.py:879} INFO - 
================================================================================
DAG File Processing Stats

File Path                                PID    Runtime      # DAGs    # Errors  Last Runtime    Last Run
---------------------------------------  -----  ---------  --------  ----------  --------------  -------------------
/opt/airflow/dags/batch_pipeline_dag.py                           0           1  0.06s           2026-04-24T14:44:03
================================================================================
[2026-04-24T14:44:39.068+0000] {manager.py:879} INFO - 
================================================================================
DAG File Processing Stats

File Path                                PID    Runtime      # DAGs    # Errors  Last Runtime    Last Run
---------------------------------------  -----  ---------  --------  ----------  --------------  -------------------
/opt/airflow/dags/batch_pipeline_dag.py                           1           0  0.17s           2026-04-24T14:44:34
================================================================================
[2026-04-24T14:45:09.429+0000] {manager.py:879} INFO - 
================================================================================
DAG File Processing Stats

File Path                                PID    Runtime      # DAGs    # Errors  Last Runtime    Last Run
---------------------------------------  -----  ---------  --------  ----------  --------------  -------------------
/opt/airflow/dags/batch_pipeline_dag.py                           1           0  0.15s           2026-04-24T14:45:04
================================================================================
[2026-04-24T14:45:39.621+0000] {manager.py:879} INFO - 
================================================================================
DAG File Processing Stats

File Path                                PID    Runtime      # DAGs    # Errors  Last Runtime    Last Run
---------------------------------------  -----  ---------  --------  ----------  --------------  -------------------
/opt/airflow/dags/batch_pipeline_dag.py                           1           0  0.19s           2026-04-24T14:45:34
================================================================================
[2026-04-24T14:46:09.825+0000] {manager.py:879} INFO - 
================================================================================
DAG File Processing Stats

File Path                                PID    Runtime      # DAGs    # Errors  Last Runtime    Last Run
---------------------------------------  -----  ---------  --------  ----------  --------------  -------------------
/opt/airflow/dags/batch_pipeline_dag.py                           1           0  0.16s           2026-04-24T14:46:04
================================================================================
[2026-04-24T14:46:40.142+0000] {manager.py:879} INFO - 
================================================================================
DAG File Processing Stats

File Path                                PID    Runtime      # DAGs    # Errors  Last Runtime    Last Run
---------------------------------------  -----  ---------  --------  ----------  --------------  -------------------
/opt/airflow/dags/batch_pipeline_dag.py                           1           0  0.14s           2026-04-24T14:46:35
================================================================================
[2026-04-24T14:47:10.362+0000] {manager.py:879} INFO - 
================================================================================
DAG File Processing Stats

File Path                                PID    Runtime      # DAGs    # Errors  Last Runtime    Last Run
---------------------------------------  -----  ---------  --------  ----------  --------------  -------------------
/opt/airflow/dags/batch_pipeline_dag.py                           1           0  0.17s           2026-04-24T14:47:05
================================================================================
[2026-04-24T14:47:40.692+0000] {manager.py:879} INFO - 
================================================================================
DAG File Processing Stats

File Path                                PID    Runtime      # DAGs    # Errors  Last Runtime    Last Run
---------------------------------------  -----  ---------  --------  ----------  --------------  -------------------
/opt/airflow/dags/batch_pipeline_dag.py                           1           0  0.17s           2026-04-24T14:47:35
================================================================================
[2026-04-24T14:47:42.703+0000] {manager.py:738} INFO - Searching for files in /opt/airflow/dags
[2026-04-24T14:47:42.708+0000] {manager.py:741} INFO - There are 1 files in /opt/airflow/dags
[2026-04-24T14:48:10.938+0000] {manager.py:879} INFO - 
================================================================================
DAG File Processing Stats

File Path                                PID    Runtime      # DAGs    # Errors  Last Runtime    Last Run
---------------------------------------  -----  ---------  --------  ----------  --------------  -------------------
/opt/airflow/dags/batch_pipeline_dag.py                           1           0  0.17s           2026-04-24T14:48:06
================================================================================
[2026-04-24T14:48:41.266+0000] {manager.py:879} INFO - 
================================================================================
DAG File Processing Stats

File Path                                PID    Runtime      # DAGs    # Errors  Last Runtime    Last Run
---------------------------------------  -----  ---------  --------  ----------  --------------  -------------------
/opt/airflow/dags/batch_pipeline_dag.py                           1           0  0.16s           2026-04-24T14:48:36
================================================================================
[2026-04-24T14:49:11.486+0000] {manager.py:879} INFO - 
================================================================================
DAG File Processing Stats

File Path                                PID    Runtime      # DAGs    # Errors  Last Runtime    Last Run
---------------------------------------  -----  ---------  --------  ----------  --------------  -------------------
/opt/airflow/dags/batch_pipeline_dag.py                           1           0  0.33s           2026-04-24T14:48:50
================================================================================
[2026-04-24T14:49:41.994+0000] {manager.py:879} INFO - 
================================================================================
DAG File Processing Stats

File Path                                PID    Runtime      # DAGs    # Errors  Last Runtime    Last Run
---------------------------------------  -----  ---------  --------  ----------  --------------  -------------------
/opt/airflow/dags/batch_pipeline_dag.py                           1           0  0.16s           2026-04-24T14:49:21
================================================================================
[2026-04-24T14:50:12.176+0000] {manager.py:879} INFO - 
================================================================================
DAG File Processing Stats

File Path                                PID    Runtime      # DAGs    # Errors  Last Runtime    Last Run
---------------------------------------  -----  ---------  --------  ----------  --------------  -------------------
/opt/airflow/dags/batch_pipeline_dag.py                           1           0  0.14s           2026-04-24T14:49:51
================================================================================
[2026-04-24T14:50:36.499+0000] {manager.py:451} INFO - Exiting gracefully upon receiving signal 15
[2026-04-24T15:11:15.365+0000] {manager.py:469} INFO - Processing files using up to 2 processes at a time 
[2026-04-24T15:11:15.396+0000] {manager.py:470} INFO - Process each file at most once every 30 seconds
[2026-04-24T15:11:15.396+0000] {manager.py:471} INFO - Checking for new files in /opt/airflow/dags every 300 seconds
[2026-04-24T15:11:15.397+0000] {manager.py:738} INFO - Searching for files in /opt/airflow/dags
[2026-04-24T15:11:15.411+0000] {manager.py:741} INFO - There are 1 files in /opt/airflow/dags
[2026-04-24T15:11:15.629+0000] {manager.py:879} INFO - 
================================================================================
DAG File Processing Stats

File Path                                  PID  Runtime      # DAGs    # Errors  Last Runtime    Last Run
---------------------------------------  -----  ---------  --------  ----------  --------------  ----------
/opt/airflow/dags/batch_pipeline_dag.py     29  0.07s             0           0
================================================================================
[2026-04-24T15:11:45.894+0000] {manager.py:879} INFO - 
================================================================================
DAG File Processing Stats

File Path                                  PID  Runtime      # DAGs    # Errors  Last Runtime    Last Run
---------------------------------------  -----  ---------  --------  ----------  --------------  -------------------
/opt/airflow/dags/batch_pipeline_dag.py     30  0.01s             1           0  0.30s           2026-04-24T15:11:15
================================================================================
[2026-04-24T15:12:16.454+0000] {manager.py:879} INFO - 
================================================================================
DAG File Processing Stats

File Path                                PID    Runtime      # DAGs    # Errors  Last Runtime    Last Run
---------------------------------------  -----  ---------  --------  ----------  --------------  -------------------
/opt/airflow/dags/batch_pipeline_dag.py                           1           0  0.72s           2026-04-24T15:11:46
================================================================================
[2026-04-24T15:12:47.018+0000] {manager.py:879} INFO - 
================================================================================
DAG File Processing Stats

File Path                                  PID  Runtime      # DAGs    # Errors  Last Runtime    Last Run
---------------------------------------  -----  ---------  --------  ----------  --------------  -------------------
/opt/airflow/dags/batch_pipeline_dag.py     32  0.01s             1           0  0.15s           2026-04-24T15:12:16
================================================================================
[2026-04-24T15:13:17.341+0000] {manager.py:879} INFO - 
================================================================================
DAG File Processing Stats

File Path                                  PID  Runtime      # DAGs    # Errors  Last Runtime    Last Run
---------------------------------------  -----  ---------  --------  ----------  --------------  -------------------
/opt/airflow/dags/batch_pipeline_dag.py     33  0.01s             1           0  0.17s           2026-04-24T15:12:47
================================================================================
[2026-04-24T15:13:47.565+0000] {manager.py:879} INFO - 
================================================================================
DAG File Processing Stats

File Path                                  PID  Runtime      # DAGs    # Errors  Last Runtime    Last Run
---------------------------------------  -----  ---------  --------  ----------  --------------  -------------------
/opt/airflow/dags/batch_pipeline_dag.py     34  0.01s             1           0  0.18s           2026-04-24T15:13:17
================================================================================
[2026-04-24T15:14:17.920+0000] {manager.py:879} INFO - 
================================================================================
DAG File Processing Stats

File Path                                  PID  Runtime      # DAGs    # Errors  Last Runtime    Last Run
---------------------------------------  -----  ---------  --------  ----------  --------------  -------------------
/opt/airflow/dags/batch_pipeline_dag.py     35  0.01s             1           0  0.15s           2026-04-24T15:13:47
================================================================================
[2026-04-24T15:14:48.148+0000] {manager.py:879} INFO - 
================================================================================
DAG File Processing Stats

File Path                                  PID  Runtime      # DAGs    # Errors  Last Runtime    Last Run
---------------------------------------  -----  ---------  --------  ----------  --------------  -------------------
/opt/airflow/dags/batch_pipeline_dag.py     36  0.01s             1           0  0.16s           2026-04-24T15:14:18
================================================================================
[2026-04-24T15:15:18.454+0000] {manager.py:879} INFO - 
================================================================================
DAG File Processing Stats

File Path                                  PID  Runtime      # DAGs    # Errors  Last Runtime    Last Run
---------------------------------------  -----  ---------  --------  ----------  --------------  -------------------
/opt/airflow/dags/batch_pipeline_dag.py     37  0.01s             1           0  0.14s           2026-04-24T15:14:48
================================================================================
[2026-04-24T15:15:48.692+0000] {manager.py:879} INFO - 
================================================================================
DAG File Processing Stats

File Path                                  PID  Runtime      # DAGs    # Errors  Last Runtime    Last Run
---------------------------------------  -----  ---------  --------  ----------  --------------  -------------------
/opt/airflow/dags/batch_pipeline_dag.py     38  0.01s             1           0  0.14s           2026-04-24T15:15:18
================================================================================
[2026-04-24T15:16:15.999+0000] {manager.py:738} INFO - Searching for files in /opt/airflow/dags
[2026-04-24T15:16:16.005+0000] {manager.py:741} INFO - There are 1 files in /opt/airflow/dags
[2026-04-24T15:16:19.064+0000] {manager.py:879} INFO - 
================================================================================
DAG File Processing Stats

File Path                                  PID  Runtime      # DAGs    # Errors  Last Runtime    Last Run
---------------------------------------  -----  ---------  --------  ----------  --------------  -------------------
/opt/airflow/dags/batch_pipeline_dag.py     39  0.01s             1           0  0.31s           2026-04-24T15:15:48
================================================================================
[2026-04-24T15:16:49.413+0000] {manager.py:879} INFO - 
================================================================================
DAG File Processing Stats

File Path                                  PID  Runtime      # DAGs    # Errors  Last Runtime    Last Run
---------------------------------------  -----  ---------  --------  ----------  --------------  -------------------
/opt/airflow/dags/batch_pipeline_dag.py     40  0.01s             1           0  0.15s           2026-04-24T15:16:19
================================================================================
[2026-04-24T15:17:19.622+0000] {manager.py:879} INFO - 
================================================================================
DAG File Processing Stats

File Path                                  PID  Runtime      # DAGs    # Errors  Last Runtime    Last Run
---------------------------------------  -----  ---------  --------  ----------  --------------  -------------------
/opt/airflow/dags/batch_pipeline_dag.py     41  0.01s             1           0  0.14s           2026-04-24T15:16:49
================================================================================
[2026-04-24T15:17:49.990+0000] {manager.py:879} INFO - 
================================================================================
DAG File Processing Stats

File Path                                  PID  Runtime      # DAGs    # Errors  Last Runtime    Last Run
---------------------------------------  -----  ---------  --------  ----------  --------------  -------------------
/opt/airflow/dags/batch_pipeline_dag.py     42  0.01s             1           0  0.19s           2026-04-24T15:17:19
================================================================================
[2026-04-24T15:18:20.237+0000] {manager.py:879} INFO - 
================================================================================
DAG File Processing Stats

File Path                                  PID  Runtime      # DAGs    # Errors  Last Runtime    Last Run
---------------------------------------  -----  ---------  --------  ----------  --------------  -------------------
/opt/airflow/dags/batch_pipeline_dag.py     53  0.01s             1           0  0.20s           2026-04-24T15:17:50
================================================================================
[2026-04-24T15:18:50.608+0000] {manager.py:879} INFO - 
================================================================================
DAG File Processing Stats

File Path                                  PID  Runtime      # DAGs    # Errors  Last Runtime    Last Run
---------------------------------------  -----  ---------  --------  ----------  --------------  -------------------
/opt/airflow/dags/batch_pipeline_dag.py     54  0.01s             1           0  0.23s           2026-04-24T15:18:20
================================================================================
[2026-04-24T15:19:20.848+0000] {manager.py:879} INFO - 
================================================================================
DAG File Processing Stats

File Path                                  PID  Runtime      # DAGs    # Errors  Last Runtime    Last Run
---------------------------------------  -----  ---------  --------  ----------  --------------  -------------------
/opt/airflow/dags/batch_pipeline_dag.py     55  0.01s             1           0  0.14s           2026-04-24T15:18:50
================================================================================
[2026-04-24T15:19:51.158+0000] {manager.py:879} INFO - 
================================================================================
DAG File Processing Stats

File Path                                  PID  Runtime      # DAGs    # Errors  Last Runtime    Last Run
---------------------------------------  -----  ---------  --------  ----------  --------------  -------------------
/opt/airflow/dags/batch_pipeline_dag.py     56  0.01s             1           0  0.14s           2026-04-24T15:19:20
================================================================================
[2026-04-24T15:20:21.374+0000] {manager.py:879} INFO - 
================================================================================
DAG File Processing Stats

File Path                                  PID  Runtime      # DAGs    # Errors  Last Runtime    Last Run
---------------------------------------  -----  ---------  --------  ----------  --------------  -------------------
/opt/airflow/dags/batch_pipeline_dag.py     57  0.01s             1           0  0.13s           2026-04-24T15:19:51
================================================================================
[2026-04-24T15:20:51.645+0000] {manager.py:879} INFO - 
================================================================================
DAG File Processing Stats

File Path                                  PID  Runtime      # DAGs    # Errors  Last Runtime    Last Run
---------------------------------------  -----  ---------  --------  ----------  --------------  -------------------
/opt/airflow/dags/batch_pipeline_dag.py     58  0.01s             1           0  0.14s           2026-04-24T15:20:21
================================================================================
[2026-04-24T15:21:16.828+0000] {manager.py:738} INFO - Searching for files in /opt/airflow/dags
[2026-04-24T15:21:16.831+0000] {manager.py:741} INFO - There are 1 files in /opt/airflow/dags
[2026-04-24T15:21:21.905+0000] {manager.py:879} INFO - 
================================================================================
DAG File Processing Stats

File Path                                  PID  Runtime      # DAGs    # Errors  Last Runtime    Last Run
---------------------------------------  -----  ---------  --------  ----------  --------------  -------------------
/opt/airflow/dags/batch_pipeline_dag.py     59  0.01s             1           0  0.14s           2026-04-24T15:20:51
================================================================================
[2026-04-24T15:21:52.160+0000] {manager.py:879} INFO - 
================================================================================
DAG File Processing Stats

File Path                                  PID  Runtime      # DAGs    # Errors  Last Runtime    Last Run
---------------------------------------  -----  ---------  --------  ----------  --------------  -------------------
/opt/airflow/dags/batch_pipeline_dag.py     60  0.01s             1           0  0.15s           2026-04-24T15:21:22
================================================================================
[2026-04-24T15:22:22.439+0000] {manager.py:879} INFO - 
================================================================================
DAG File Processing Stats

File Path                                  PID  Runtime      # DAGs    # Errors  Last Runtime    Last Run
---------------------------------------  -----  ---------  --------  ----------  --------------  -------------------
/opt/airflow/dags/batch_pipeline_dag.py     61  0.01s             1           0  0.14s           2026-04-24T15:21:52
================================================================================
[2026-04-24T15:22:52.715+0000] {manager.py:879} INFO - 
================================================================================
DAG File Processing Stats

File Path                                  PID  Runtime      # DAGs    # Errors  Last Runtime    Last Run
---------------------------------------  -----  ---------  --------  ----------  --------------  -------------------
/opt/airflow/dags/batch_pipeline_dag.py     62  0.01s             1           0  0.14s           2026-04-24T15:22:22
================================================================================
[2026-04-24T15:23:22.970+0000] {manager.py:879} INFO - 
================================================================================
DAG File Processing Stats

File Path                                  PID  Runtime      # DAGs    # Errors  Last Runtime    Last Run
---------------------------------------  -----  ---------  --------  ----------  --------------  -------------------
/opt/airflow/dags/batch_pipeline_dag.py     63  0.01s             1           0  0.15s           2026-04-24T15:22:52
================================================================================
[2026-04-24T15:23:53.234+0000] {manager.py:879} INFO - 
================================================================================
DAG File Processing Stats

File Path                                  PID  Runtime      # DAGs    # Errors  Last Runtime    Last Run
---------------------------------------  -----  ---------  --------  ----------  --------------  -------------------
/opt/airflow/dags/batch_pipeline_dag.py     64  0.01s             1           0  0.14s           2026-04-24T15:23:23
================================================================================
[2026-04-24T15:24:23.480+0000] {manager.py:879} INFO - 
================================================================================
DAG File Processing Stats

File Path                                  PID  Runtime      # DAGs    # Errors  Last Runtime    Last Run
---------------------------------------  -----  ---------  --------  ----------  --------------  -------------------
/opt/airflow/dags/batch_pipeline_dag.py     65  0.01s             1           0  0.14s           2026-04-24T15:23:53
================================================================================
[2026-04-24T15:24:53.737+0000] {manager.py:879} INFO - 
================================================================================
DAG File Processing Stats

File Path                                  PID  Runtime      # DAGs    # Errors  Last Runtime    Last Run
---------------------------------------  -----  ---------  --------  ----------  --------------  -------------------
/opt/airflow/dags/batch_pipeline_dag.py     66  0.01s             1           0  0.15s           2026-04-24T15:24:23
================================================================================
[2026-04-24T15:25:23.999+0000] {manager.py:879} INFO - 
================================================================================
DAG File Processing Stats

File Path                                  PID  Runtime      # DAGs    # Errors  Last Runtime    Last Run
---------------------------------------  -----  ---------  --------  ----------  --------------  -------------------
/opt/airflow/dags/batch_pipeline_dag.py     67  0.01s             1           0  0.14s           2026-04-24T15:24:53
================================================================================
[2026-04-24T15:25:54.263+0000] {manager.py:879} INFO - 
================================================================================
DAG File Processing Stats

File Path                                  PID  Runtime      # DAGs    # Errors  Last Runtime    Last Run
---------------------------------------  -----  ---------  --------  ----------  --------------  -------------------
/opt/airflow/dags/batch_pipeline_dag.py     68  0.01s             1           0  0.15s           2026-04-24T15:25:24
================================================================================
[2026-04-24T15:26:17.486+0000] {manager.py:738} INFO - Searching for files in /opt/airflow/dags
[2026-04-24T15:26:17.489+0000] {manager.py:741} INFO - There are 1 files in /opt/airflow/dags
[2026-04-24T15:26:24.576+0000] {manager.py:879} INFO - 
================================================================================
DAG File Processing Stats

File Path                                  PID  Runtime      # DAGs    # Errors  Last Runtime    Last Run
---------------------------------------  -----  ---------  --------  ----------  --------------  -------------------
/opt/airflow/dags/batch_pipeline_dag.py     69  0.01s             1           0  0.14s           2026-04-24T15:25:54
================================================================================
[2026-04-24T15:26:54.812+0000] {manager.py:879} INFO - 
================================================================================
DAG File Processing Stats

File Path                                  PID  Runtime      # DAGs    # Errors  Last Runtime    Last Run
---------------------------------------  -----  ---------  --------  ----------  --------------  -------------------
/opt/airflow/dags/batch_pipeline_dag.py     70  0.01s             1           0  0.14s           2026-04-24T15:26:24
================================================================================
[2026-04-24T15:27:25.097+0000] {manager.py:879} INFO - 
================================================================================
DAG File Processing Stats

File Path                                  PID  Runtime      # DAGs    # Errors  Last Runtime    Last Run
---------------------------------------  -----  ---------  --------  ----------  --------------  -------------------
/opt/airflow/dags/batch_pipeline_dag.py     71  0.01s             1           0  0.14s           2026-04-24T15:26:54
================================================================================
[2026-04-24T15:27:55.332+0000] {manager.py:879} INFO - 
================================================================================
DAG File Processing Stats

File Path                                  PID  Runtime      # DAGs    # Errors  Last Runtime    Last Run
---------------------------------------  -----  ---------  --------  ----------  --------------  -------------------
/opt/airflow/dags/batch_pipeline_dag.py     72  0.01s             1           0  0.14s           2026-04-24T15:27:25
================================================================================
[2026-04-24T15:28:25.647+0000] {manager.py:879} INFO - 
================================================================================
DAG File Processing Stats

File Path                                  PID  Runtime      # DAGs    # Errors  Last Runtime    Last Run
---------------------------------------  -----  ---------  --------  ----------  --------------  -------------------
/opt/airflow/dags/batch_pipeline_dag.py     73  0.01s             1           0  0.14s           2026-04-24T15:27:55
================================================================================
[2026-04-24T15:28:55.887+0000] {manager.py:879} INFO - 
================================================================================
DAG File Processing Stats

File Path                                  PID  Runtime      # DAGs    # Errors  Last Runtime    Last Run
---------------------------------------  -----  ---------  --------  ----------  --------------  -------------------
/opt/airflow/dags/batch_pipeline_dag.py     74  0.01s             1           0  0.14s           2026-04-24T15:28:25
================================================================================
[2026-04-24T15:29:26.269+0000] {manager.py:879} INFO - 
================================================================================
DAG File Processing Stats

File Path                                  PID  Runtime      # DAGs    # Errors  Last Runtime    Last Run
---------------------------------------  -----  ---------  --------  ----------  --------------  -------------------
/opt/airflow/dags/batch_pipeline_dag.py     75  0.01s             1           0  0.12s           2026-04-24T15:28:56
================================================================================
[2026-04-24T15:29:56.564+0000] {manager.py:879} INFO - 
================================================================================
DAG File Processing Stats

File Path                                  PID  Runtime      # DAGs    # Errors  Last Runtime    Last Run
---------------------------------------  -----  ---------  --------  ----------  --------------  -------------------
/opt/airflow/dags/batch_pipeline_dag.py     76  0.01s             1           0  0.13s           2026-04-24T15:29:26
================================================================================
[2026-04-24T15:30:26.901+0000] {manager.py:879} INFO - 
================================================================================
DAG File Processing Stats

File Path                                  PID  Runtime      # DAGs    # Errors  Last Runtime    Last Run
---------------------------------------  -----  ---------  --------  ----------  --------------  -------------------
/opt/airflow/dags/batch_pipeline_dag.py     77  0.01s             1           0  0.13s           2026-04-24T15:29:56
================================================================================
[2026-04-24T15:30:57.185+0000] {manager.py:879} INFO - 
================================================================================
DAG File Processing Stats

File Path                                  PID  Runtime      # DAGs    # Errors  Last Runtime    Last Run
---------------------------------------  -----  ---------  --------  ----------  --------------  -------------------
/opt/airflow/dags/batch_pipeline_dag.py     78  0.01s             1           0  0.13s           2026-04-24T15:30:27
================================================================================
[2026-04-24T15:31:18.429+0000] {manager.py:738} INFO - Searching for files in /opt/airflow/dags
[2026-04-24T15:31:18.435+0000] {manager.py:741} INFO - There are 1 files in /opt/airflow/dags
[2026-04-24T15:31:27.576+0000] {manager.py:879} INFO - 
================================================================================
DAG File Processing Stats

File Path                                  PID  Runtime      # DAGs    # Errors  Last Runtime    Last Run
---------------------------------------  -----  ---------  --------  ----------  --------------  -------------------
/opt/airflow/dags/batch_pipeline_dag.py     79  0.02s             1           0  0.13s           2026-04-24T15:30:57
================================================================================
[2026-04-24T15:31:57.863+0000] {manager.py:879} INFO - 
================================================================================
DAG File Processing Stats

File Path                                  PID  Runtime      # DAGs    # Errors  Last Runtime    Last Run
---------------------------------------  -----  ---------  --------  ----------  --------------  -------------------
/opt/airflow/dags/batch_pipeline_dag.py     80  0.01s             1           0  0.13s           2026-04-24T15:31:27
================================================================================
[2026-04-24T15:32:28.226+0000] {manager.py:879} INFO - 
================================================================================
DAG File Processing Stats

File Path                                  PID  Runtime      # DAGs    # Errors  Last Runtime    Last Run
---------------------------------------  -----  ---------  --------  ----------  --------------  -------------------
/opt/airflow/dags/batch_pipeline_dag.py     81  0.01s             1           0  0.13s           2026-04-24T15:31:57
================================================================================
[2026-04-24T15:32:58.513+0000] {manager.py:879} INFO - 
================================================================================
DAG File Processing Stats

File Path                                  PID  Runtime      # DAGs    # Errors  Last Runtime    Last Run
---------------------------------------  -----  ---------  --------  ----------  --------------  -------------------
/opt/airflow/dags/batch_pipeline_dag.py     82  0.01s             1           0  0.13s           2026-04-24T15:32:28
================================================================================
[2026-04-24T15:33:28.866+0000] {manager.py:879} INFO - 
================================================================================
DAG File Processing Stats

File Path                                  PID  Runtime      # DAGs    # Errors  Last Runtime    Last Run
---------------------------------------  -----  ---------  --------  ----------  --------------  -------------------
/opt/airflow/dags/batch_pipeline_dag.py     83  0.01s             1           0  0.17s           2026-04-24T15:32:58
================================================================================
[2026-04-24T16:02:03.985+0000] {manager.py:738} INFO - Searching for files in /opt/airflow/dags
[2026-04-24T16:02:03.992+0000] {manager.py:741} INFO - There are 1 files in /opt/airflow/dags
[2026-04-24T16:02:18.499+0000] {manager.py:879} INFO - 
================================================================================
DAG File Processing Stats

File Path                                PID    Runtime      # DAGs    # Errors  Last Runtime    Last Run
---------------------------------------  -----  ---------  --------  ----------  --------------  -------------------
/opt/airflow/dags/batch_pipeline_dag.py                           1           0  0.32s           2026-04-24T16:02:04
================================================================================
[2026-04-24T16:02:48.516+0000] {manager.py:879} INFO - 
================================================================================
DAG File Processing Stats

File Path                                PID    Runtime      # DAGs    # Errors  Last Runtime    Last Run
---------------------------------------  -----  ---------  --------  ----------  --------------  -------------------
/opt/airflow/dags/batch_pipeline_dag.py                           1           0  0.18s           2026-04-24T16:02:34
================================================================================
[2026-04-24T16:03:18.879+0000] {manager.py:879} INFO - 
================================================================================
DAG File Processing Stats

File Path                                PID    Runtime      # DAGs    # Errors  Last Runtime    Last Run
---------------------------------------  -----  ---------  --------  ----------  --------------  -------------------
/opt/airflow/dags/batch_pipeline_dag.py                           1           0  0.20s           2026-04-24T16:03:04
================================================================================
[2026-04-24T16:03:49.131+0000] {manager.py:879} INFO - 
================================================================================
DAG File Processing Stats

File Path                                PID    Runtime      # DAGs    # Errors  Last Runtime    Last Run
---------------------------------------  -----  ---------  --------  ----------  --------------  -------------------
/opt/airflow/dags/batch_pipeline_dag.py                           1           0  0.19s           2026-04-24T16:03:35
================================================================================
[2026-04-24T16:04:19.478+0000] {manager.py:879} INFO - 
================================================================================
DAG File Processing Stats

File Path                                PID    Runtime      # DAGs    # Errors  Last Runtime    Last Run
---------------------------------------  -----  ---------  --------  ----------  --------------  -------------------
/opt/airflow/dags/batch_pipeline_dag.py                           1           0  0.14s           2026-04-24T16:04:05
================================================================================
[2026-04-24T16:04:49.713+0000] {manager.py:879} INFO - 
================================================================================
DAG File Processing Stats

File Path                                PID    Runtime      # DAGs    # Errors  Last Runtime    Last Run
---------------------------------------  -----  ---------  --------  ----------  --------------  -------------------
/opt/airflow/dags/batch_pipeline_dag.py                           1           0  0.16s           2026-04-24T16:04:35
================================================================================
[2026-04-24T16:05:19.931+0000] {manager.py:879} INFO - 
================================================================================
DAG File Processing Stats

File Path                                PID    Runtime      # DAGs    # Errors  Last Runtime    Last Run
---------------------------------------  -----  ---------  --------  ----------  --------------  -------------------
/opt/airflow/dags/batch_pipeline_dag.py                           1           0  0.14s           2026-04-24T16:05:05
================================================================================
[2026-04-24T16:05:50.250+0000] {manager.py:879} INFO - 
================================================================================
DAG File Processing Stats

File Path                                PID    Runtime      # DAGs    # Errors  Last Runtime    Last Run
---------------------------------------  -----  ---------  --------  ----------  --------------  -------------------
/opt/airflow/dags/batch_pipeline_dag.py                           1           0  0.15s           2026-04-24T16:05:36
================================================================================
[2026-04-24T16:06:20.467+0000] {manager.py:879} INFO - 
================================================================================
DAG File Processing Stats

File Path                                PID    Runtime      # DAGs    # Errors  Last Runtime    Last Run
---------------------------------------  -----  ---------  --------  ----------  --------------  -------------------
/opt/airflow/dags/batch_pipeline_dag.py                           1           0  0.15s           2026-04-24T16:06:06
================================================================================
[2026-04-24T16:06:50.768+0000] {manager.py:879} INFO - 
================================================================================
DAG File Processing Stats

File Path                                PID    Runtime      # DAGs    # Errors  Last Runtime    Last Run
---------------------------------------  -----  ---------  --------  ----------  --------------  -------------------
/opt/airflow/dags/batch_pipeline_dag.py                           1           0  0.15s           2026-04-24T16:06:36
================================================================================
[2026-04-24T16:07:04.874+0000] {manager.py:738} INFO - Searching for files in /opt/airflow/dags
[2026-04-24T16:07:04.878+0000] {manager.py:741} INFO - There are 1 files in /opt/airflow/dags
[2026-04-24T16:07:21.014+0000] {manager.py:879} INFO - 
================================================================================
DAG File Processing Stats

File Path                                PID    Runtime      # DAGs    # Errors  Last Runtime    Last Run
---------------------------------------  -----  ---------  --------  ----------  --------------  -------------------
/opt/airflow/dags/batch_pipeline_dag.py                           1           0  0.16s           2026-04-24T16:07:07
================================================================================
[2026-04-24T16:07:51.373+0000] {manager.py:879} INFO - 
================================================================================
DAG File Processing Stats

File Path                                PID    Runtime      # DAGs    # Errors  Last Runtime    Last Run
---------------------------------------  -----  ---------  --------  ----------  --------------  -------------------
/opt/airflow/dags/batch_pipeline_dag.py                           1           0  0.23s           2026-04-24T16:07:37
================================================================================
[2026-04-24T16:08:21.624+0000] {manager.py:879} INFO - 
================================================================================
DAG File Processing Stats

File Path                                PID    Runtime      # DAGs    # Errors  Last Runtime    Last Run
---------------------------------------  -----  ---------  --------  ----------  --------------  -------------------
/opt/airflow/dags/batch_pipeline_dag.py                           1           0  0.19s           2026-04-24T16:08:07
================================================================================
[2026-04-24T16:08:51.980+0000] {manager.py:879} INFO - 
================================================================================
DAG File Processing Stats

File Path                                PID    Runtime      # DAGs    # Errors  Last Runtime    Last Run
---------------------------------------  -----  ---------  --------  ----------  --------------  -------------------
/opt/airflow/dags/batch_pipeline_dag.py                           1           0  0.24s           2026-04-24T16:08:37
================================================================================
[2026-04-24T16:09:22.284+0000] {manager.py:879} INFO - 
================================================================================
DAG File Processing Stats

File Path                                PID    Runtime      # DAGs    # Errors  Last Runtime    Last Run
---------------------------------------  -----  ---------  --------  ----------  --------------  -------------------
/opt/airflow/dags/batch_pipeline_dag.py                           1           0  0.17s           2026-04-24T16:09:08
================================================================================
[2026-04-24T16:09:52.548+0000] {manager.py:879} INFO - 
================================================================================
DAG File Processing Stats

File Path                                PID    Runtime      # DAGs    # Errors  Last Runtime    Last Run
---------------------------------------  -----  ---------  --------  ----------  --------------  -------------------
/opt/airflow/dags/batch_pipeline_dag.py                           1           0  0.17s           2026-04-24T16:09:38
================================================================================
[2026-04-24T16:10:22.836+0000] {manager.py:879} INFO - 
================================================================================
DAG File Processing Stats

File Path                                PID    Runtime      # DAGs    # Errors  Last Runtime    Last Run
---------------------------------------  -----  ---------  --------  ----------  --------------  -------------------
/opt/airflow/dags/batch_pipeline_dag.py                           1           0  0.18s           2026-04-24T16:10:08
================================================================================
[2026-04-24T16:10:53.117+0000] {manager.py:879} INFO - 
================================================================================
DAG File Processing Stats

File Path                                PID    Runtime      # DAGs    # Errors  Last Runtime    Last Run
---------------------------------------  -----  ---------  --------  ----------  --------------  -------------------
/opt/airflow/dags/batch_pipeline_dag.py                           1           0  0.17s           2026-04-24T16:10:39
================================================================================
[2026-04-24T16:11:23.398+0000] {manager.py:879} INFO - 
================================================================================
DAG File Processing Stats

File Path                                PID    Runtime      # DAGs    # Errors  Last Runtime    Last Run
---------------------------------------  -----  ---------  --------  ----------  --------------  -------------------
/opt/airflow/dags/batch_pipeline_dag.py                           1           0  0.16s           2026-04-24T16:11:09
================================================================================
[2026-04-24T16:11:53.661+0000] {manager.py:879} INFO - 
================================================================================
DAG File Processing Stats

File Path                                PID    Runtime      # DAGs    # Errors  Last Runtime    Last Run
---------------------------------------  -----  ---------  --------  ----------  --------------  -------------------
/opt/airflow/dags/batch_pipeline_dag.py                           1           0  0.20s           2026-04-24T16:11:39
================================================================================
[2026-04-24T16:12:05.748+0000] {manager.py:738} INFO - Searching for files in /opt/airflow/dags
[2026-04-24T16:12:05.750+0000] {manager.py:741} INFO - There are 1 files in /opt/airflow/dags
[2026-04-24T16:12:23.993+0000] {manager.py:879} INFO - 
================================================================================
DAG File Processing Stats

File Path                                PID    Runtime      # DAGs    # Errors  Last Runtime    Last Run
---------------------------------------  -----  ---------  --------  ----------  --------------  -------------------
/opt/airflow/dags/batch_pipeline_dag.py                           1           0  0.19s           2026-04-24T16:12:09
================================================================================
[2026-04-24T16:12:54.278+0000] {manager.py:879} INFO - 
================================================================================
DAG File Processing Stats

File Path                                PID    Runtime      # DAGs    # Errors  Last Runtime    Last Run
---------------------------------------  -----  ---------  --------  ----------  --------------  -------------------
/opt/airflow/dags/batch_pipeline_dag.py                           1           0  0.16s           2026-04-24T16:12:40
================================================================================
[2026-04-24T16:13:24.516+0000] {manager.py:879} INFO - 
================================================================================
DAG File Processing Stats

File Path                                PID    Runtime      # DAGs    # Errors  Last Runtime    Last Run
---------------------------------------  -----  ---------  --------  ----------  --------------  -------------------
/opt/airflow/dags/batch_pipeline_dag.py                           1           0  0.17s           2026-04-24T16:13:10
================================================================================
[2026-04-24T16:13:54.734+0000] {manager.py:879} INFO - 
================================================================================
DAG File Processing Stats

File Path                                PID    Runtime      # DAGs    # Errors  Last Runtime    Last Run
---------------------------------------  -----  ---------  --------  ----------  --------------  -------------------
/opt/airflow/dags/batch_pipeline_dag.py                           1           0  0.14s           2026-04-24T16:13:40
================================================================================
[2026-04-24T16:14:25.041+0000] {manager.py:879} INFO - 
================================================================================
DAG File Processing Stats

File Path                                PID    Runtime      # DAGs    # Errors  Last Runtime    Last Run
---------------------------------------  -----  ---------  --------  ----------  --------------  -------------------
/opt/airflow/dags/batch_pipeline_dag.py                           1           0  0.14s           2026-04-24T16:14:10
================================================================================
[2026-04-24T16:14:55.288+0000] {manager.py:879} INFO - 
================================================================================
DAG File Processing Stats

File Path                                PID    Runtime      # DAGs    # Errors  Last Runtime    Last Run
---------------------------------------  -----  ---------  --------  ----------  --------------  -------------------
/opt/airflow/dags/batch_pipeline_dag.py                           1           0  0.15s           2026-04-24T16:14:41
================================================================================
[2026-04-24T16:15:25.600+0000] {manager.py:879} INFO - 
================================================================================
DAG File Processing Stats

File Path                                PID    Runtime      # DAGs    # Errors  Last Runtime    Last Run
---------------------------------------  -----  ---------  --------  ----------  --------------  -------------------
/opt/airflow/dags/batch_pipeline_dag.py                           1           0  0.14s           2026-04-24T16:15:11
================================================================================
[2026-04-24T16:15:55.831+0000] {manager.py:879} INFO - 
================================================================================
DAG File Processing Stats

File Path                                PID    Runtime      # DAGs    # Errors  Last Runtime    Last Run
---------------------------------------  -----  ---------  --------  ----------  --------------  -------------------
/opt/airflow/dags/batch_pipeline_dag.py                           1           0  0.15s           2026-04-24T16:15:41
================================================================================
[2026-04-24T16:16:26.120+0000] {manager.py:879} INFO - 
================================================================================
DAG File Processing Stats

File Path                                PID    Runtime      # DAGs    # Errors  Last Runtime    Last Run
---------------------------------------  -----  ---------  --------  ----------  --------------  -------------------
/opt/airflow/dags/batch_pipeline_dag.py                           1           0  0.14s           2026-04-24T16:16:12
================================================================================
[2026-04-24T16:16:56.362+0000] {manager.py:879} INFO - 
================================================================================
DAG File Processing Stats

File Path                                PID    Runtime      # DAGs    # Errors  Last Runtime    Last Run
---------------------------------------  -----  ---------  --------  ----------  --------------  -------------------
/opt/airflow/dags/batch_pipeline_dag.py                           1           0  0.15s           2026-04-24T16:16:42
================================================================================
[2026-04-24T16:17:06.429+0000] {manager.py:738} INFO - Searching for files in /opt/airflow/dags
[2026-04-24T16:17:06.433+0000] {manager.py:741} INFO - There are 1 files in /opt/airflow/dags
[2026-04-24T16:17:26.664+0000] {manager.py:879} INFO - 
================================================================================
DAG File Processing Stats

File Path                                PID    Runtime      # DAGs    # Errors  Last Runtime    Last Run
---------------------------------------  -----  ---------  --------  ----------  --------------  -------------------
/opt/airflow/dags/batch_pipeline_dag.py                           1           0  0.14s           2026-04-24T16:17:12
================================================================================
[2026-04-24T16:17:56.930+0000] {manager.py:879} INFO - 
================================================================================
DAG File Processing Stats

File Path                                PID    Runtime      # DAGs    # Errors  Last Runtime    Last Run
---------------------------------------  -----  ---------  --------  ----------  --------------  -------------------
/opt/airflow/dags/batch_pipeline_dag.py                           1           0  0.14s           2026-04-24T16:17:42
================================================================================
[2026-04-24T16:18:27.191+0000] {manager.py:879} INFO - 
================================================================================
DAG File Processing Stats

File Path                                PID    Runtime      # DAGs    # Errors  Last Runtime    Last Run
---------------------------------------  -----  ---------  --------  ----------  --------------  -------------------
/opt/airflow/dags/batch_pipeline_dag.py                           1           0  0.14s           2026-04-24T16:18:13
================================================================================
[2026-04-24T16:18:57.480+0000] {manager.py:879} INFO - 
================================================================================
DAG File Processing Stats

File Path                                PID    Runtime      # DAGs    # Errors  Last Runtime    Last Run
---------------------------------------  -----  ---------  --------  ----------  --------------  -------------------
/opt/airflow/dags/batch_pipeline_dag.py                           1           0  0.16s           2026-04-24T16:18:43
================================================================================
[2026-04-24T16:19:27.761+0000] {manager.py:879} INFO - 
================================================================================
DAG File Processing Stats

File Path                                PID    Runtime      # DAGs    # Errors  Last Runtime    Last Run
---------------------------------------  -----  ---------  --------  ----------  --------------  -------------------
/opt/airflow/dags/batch_pipeline_dag.py                           1           0  0.17s           2026-04-24T16:19:13
================================================================================
[2026-04-24T16:19:58.039+0000] {manager.py:879} INFO - 
================================================================================
DAG File Processing Stats

File Path                                PID    Runtime      # DAGs    # Errors  Last Runtime    Last Run
---------------------------------------  -----  ---------  --------  ----------  --------------  -------------------
/opt/airflow/dags/batch_pipeline_dag.py                           1           0  0.15s           2026-04-24T16:19:44
================================================================================
[2026-04-24T16:20:28.297+0000] {manager.py:879} INFO - 
================================================================================
DAG File Processing Stats

File Path                                PID    Runtime      # DAGs    # Errors  Last Runtime    Last Run
---------------------------------------  -----  ---------  --------  ----------  --------------  -------------------
/opt/airflow/dags/batch_pipeline_dag.py                           1           0  0.16s           2026-04-24T16:20:14
================================================================================
[2026-04-24T16:20:58.597+0000] {manager.py:879} INFO - 
================================================================================
DAG File Processing Stats

File Path                                PID    Runtime      # DAGs    # Errors  Last Runtime    Last Run
---------------------------------------  -----  ---------  --------  ----------  --------------  -------------------
/opt/airflow/dags/batch_pipeline_dag.py                           1           0  0.15s           2026-04-24T16:20:44
================================================================================
[2026-04-24T16:21:28.837+0000] {manager.py:879} INFO - 
================================================================================
DAG File Processing Stats

File Path                                PID    Runtime      # DAGs    # Errors  Last Runtime    Last Run
---------------------------------------  -----  ---------  --------  ----------  --------------  -------------------
/opt/airflow/dags/batch_pipeline_dag.py                           1           0  0.14s           2026-04-24T16:21:14
================================================================================
[2026-04-24T16:21:59.140+0000] {manager.py:879} INFO - 
================================================================================
DAG File Processing Stats

File Path                                PID    Runtime      # DAGs    # Errors  Last Runtime    Last Run
---------------------------------------  -----  ---------  --------  ----------  --------------  -------------------
/opt/airflow/dags/batch_pipeline_dag.py                           1           0  0.15s           2026-04-24T16:21:45
================================================================================
[2026-04-24T16:22:07.192+0000] {manager.py:738} INFO - Searching for files in /opt/airflow/dags
[2026-04-24T16:22:07.198+0000] {manager.py:741} INFO - There are 1 files in /opt/airflow/dags
[2026-04-24T16:22:29.387+0000] {manager.py:879} INFO - 
================================================================================
DAG File Processing Stats

File Path                                PID    Runtime      # DAGs    # Errors  Last Runtime    Last Run
---------------------------------------  -----  ---------  --------  ----------  --------------  -------------------
/opt/airflow/dags/batch_pipeline_dag.py                           1           0  0.13s           2026-04-24T16:22:15
================================================================================
[2026-04-24T16:22:59.699+0000] {manager.py:879} INFO - 
================================================================================
DAG File Processing Stats

File Path                                PID    Runtime      # DAGs    # Errors  Last Runtime    Last Run
---------------------------------------  -----  ---------  --------  ----------  --------------  -------------------
/opt/airflow/dags/batch_pipeline_dag.py                           1           0  0.15s           2026-04-24T16:22:45
================================================================================
[2026-04-24T16:23:29.935+0000] {manager.py:879} INFO - 
================================================================================
DAG File Processing Stats

File Path                                PID    Runtime      # DAGs    # Errors  Last Runtime    Last Run
---------------------------------------  -----  ---------  --------  ----------  --------------  -------------------
/opt/airflow/dags/batch_pipeline_dag.py                           1           0  0.14s           2026-04-24T16:23:15
================================================================================
[2026-04-24T16:24:00.304+0000] {manager.py:879} INFO - 
================================================================================
DAG File Processing Stats

File Path                                PID    Runtime      # DAGs    # Errors  Last Runtime    Last Run
---------------------------------------  -----  ---------  --------  ----------  --------------  -------------------
/opt/airflow/dags/batch_pipeline_dag.py                           1           0  0.13s           2026-04-24T16:23:46
================================================================================
[2026-04-24T16:24:30.612+0000] {manager.py:879} INFO - 
================================================================================
DAG File Processing Stats

File Path                                PID    Runtime      # DAGs    # Errors  Last Runtime    Last Run
---------------------------------------  -----  ---------  --------  ----------  --------------  -------------------
/opt/airflow/dags/batch_pipeline_dag.py                           1           0  0.13s           2026-04-24T16:24:16
================================================================================
[2026-04-24T16:25:00.965+0000] {manager.py:879} INFO - 
================================================================================
DAG File Processing Stats

File Path                                PID    Runtime      # DAGs    # Errors  Last Runtime    Last Run
---------------------------------------  -----  ---------  --------  ----------  --------------  -------------------
/opt/airflow/dags/batch_pipeline_dag.py                           1           0  0.13s           2026-04-24T16:24:46
================================================================================
[2026-04-24T16:25:31.259+0000] {manager.py:879} INFO - 
================================================================================
DAG File Processing Stats

File Path                                PID    Runtime      # DAGs    # Errors  Last Runtime    Last Run
---------------------------------------  -----  ---------  --------  ----------  --------------  -------------------
/opt/airflow/dags/batch_pipeline_dag.py                           1           0  0.13s           2026-04-24T16:25:17
================================================================================
[2026-04-24T16:26:01.597+0000] {manager.py:879} INFO - 
================================================================================
DAG File Processing Stats

File Path                                PID    Runtime      # DAGs    # Errors  Last Runtime    Last Run
---------------------------------------  -----  ---------  --------  ----------  --------------  -------------------
/opt/airflow/dags/batch_pipeline_dag.py                           1           0  0.14s           2026-04-24T16:25:47
================================================================================
[2026-04-24T16:26:31.898+0000] {manager.py:879} INFO - 
================================================================================
DAG File Processing Stats

File Path                                PID    Runtime      # DAGs    # Errors  Last Runtime    Last Run
---------------------------------------  -----  ---------  --------  ----------  --------------  -------------------
/opt/airflow/dags/batch_pipeline_dag.py                           1           0  0.12s           2026-04-24T16:26:17
================================================================================
[2026-04-24T16:27:02.253+0000] {manager.py:879} INFO - 
================================================================================
DAG File Processing Stats

File Path                                PID    Runtime      # DAGs    # Errors  Last Runtime    Last Run
---------------------------------------  -----  ---------  --------  ----------  --------------  -------------------
/opt/airflow/dags/batch_pipeline_dag.py                           1           0  0.13s           2026-04-24T16:26:48
================================================================================
[2026-04-24T16:27:07.293+0000] {manager.py:738} INFO - Searching for files in /opt/airflow/dags
[2026-04-24T16:27:07.299+0000] {manager.py:741} INFO - There are 1 files in /opt/airflow/dags
[2026-04-24T16:27:32.568+0000] {manager.py:879} INFO - 
================================================================================
DAG File Processing Stats

File Path                                PID    Runtime      # DAGs    # Errors  Last Runtime    Last Run
---------------------------------------  -----  ---------  --------  ----------  --------------  -------------------
/opt/airflow/dags/batch_pipeline_dag.py                           1           0  0.13s           2026-04-24T16:27:18
================================================================================
[2026-04-24T16:28:02.893+0000] {manager.py:879} INFO - 
================================================================================
DAG File Processing Stats

File Path                                PID    Runtime      # DAGs    # Errors  Last Runtime    Last Run
---------------------------------------  -----  ---------  --------  ----------  --------------  -------------------
/opt/airflow/dags/batch_pipeline_dag.py                           1           0  0.13s           2026-04-24T16:27:48
================================================================================
[2026-04-24T16:41:15.276+0000] {manager.py:469} INFO - Processing files using up to 2 processes at a time 
[2026-04-24T16:41:15.277+0000] {manager.py:470} INFO - Process each file at most once every 30 seconds
[2026-04-24T16:41:15.278+0000] {manager.py:471} INFO - Checking for new files in /opt/airflow/dags every 300 seconds
[2026-04-24T16:41:15.278+0000] {manager.py:738} INFO - Searching for files in /opt/airflow/dags
[2026-04-24T16:41:15.284+0000] {manager.py:741} INFO - There are 1 files in /opt/airflow/dags
[2026-04-24T16:41:15.468+0000] {manager.py:879} INFO - 
================================================================================
DAG File Processing Stats

File Path                                  PID  Runtime      # DAGs    # Errors  Last Runtime    Last Run
---------------------------------------  -----  ---------  --------  ----------  --------------  ----------
/opt/airflow/dags/batch_pipeline_dag.py     29  0.11s             0           0
================================================================================
[2026-04-24T16:41:45.765+0000] {manager.py:879} INFO - 
================================================================================
DAG File Processing Stats

File Path                                PID    Runtime      # DAGs    # Errors  Last Runtime    Last Run
---------------------------------------  -----  ---------  --------  ----------  --------------  -------------------
/opt/airflow/dags/batch_pipeline_dag.py                           1           0  0.44s           2026-04-24T16:41:15
================================================================================
[2026-04-24T16:42:16.446+0000] {manager.py:879} INFO - 
================================================================================
DAG File Processing Stats

File Path                                  PID  Runtime      # DAGs    # Errors  Last Runtime    Last Run
---------------------------------------  -----  ---------  --------  ----------  --------------  -------------------
/opt/airflow/dags/batch_pipeline_dag.py     31  0.01s             1           0  0.20s           2026-04-24T16:41:46
================================================================================
[2026-04-24T16:42:46.649+0000] {manager.py:879} INFO - 
================================================================================
DAG File Processing Stats

File Path                                  PID  Runtime      # DAGs    # Errors  Last Runtime    Last Run
---------------------------------------  -----  ---------  --------  ----------  --------------  -------------------
/opt/airflow/dags/batch_pipeline_dag.py     32  0.01s             1           0  0.18s           2026-04-24T16:42:16
================================================================================
[2026-04-24T16:43:16.866+0000] {manager.py:879} INFO - 
================================================================================
DAG File Processing Stats

File Path                                  PID  Runtime      # DAGs    # Errors  Last Runtime    Last Run
---------------------------------------  -----  ---------  --------  ----------  --------------  -------------------
/opt/airflow/dags/batch_pipeline_dag.py     33  0.01s             1           0  0.15s           2026-04-24T16:42:46
================================================================================
[2026-04-24T16:43:47.212+0000] {manager.py:879} INFO - 
================================================================================
DAG File Processing Stats

File Path                                  PID  Runtime      # DAGs    # Errors  Last Runtime    Last Run
---------------------------------------  -----  ---------  --------  ----------  --------------  -------------------
/opt/airflow/dags/batch_pipeline_dag.py     34  0.01s             1           0  0.13s           2026-04-24T16:43:16
================================================================================
[2026-04-24T16:44:17.453+0000] {manager.py:879} INFO - 
================================================================================
DAG File Processing Stats

File Path                                  PID  Runtime      # DAGs    # Errors  Last Runtime    Last Run
---------------------------------------  -----  ---------  --------  ----------  --------------  -------------------
/opt/airflow/dags/batch_pipeline_dag.py     35  0.01s             1           0  0.22s           2026-04-24T16:43:47
================================================================================
[2026-04-24T16:44:47.677+0000] {manager.py:879} INFO - 
================================================================================
DAG File Processing Stats

File Path                                  PID  Runtime      # DAGs    # Errors  Last Runtime    Last Run
---------------------------------------  -----  ---------  --------  ----------  --------------  -------------------
/opt/airflow/dags/batch_pipeline_dag.py     36  0.01s             1           0  0.13s           2026-04-24T16:44:17
================================================================================
[2026-04-24T16:45:17.974+0000] {manager.py:879} INFO - 
================================================================================
DAG File Processing Stats

File Path                                  PID  Runtime      # DAGs    # Errors  Last Runtime    Last Run
---------------------------------------  -----  ---------  --------  ----------  --------------  -------------------
/opt/airflow/dags/batch_pipeline_dag.py     37  0.01s             1           0  0.14s           2026-04-24T16:44:47
================================================================================
[2026-04-24T16:45:48.199+0000] {manager.py:879} INFO - 
================================================================================
DAG File Processing Stats

File Path                                  PID  Runtime      # DAGs    # Errors  Last Runtime    Last Run
---------------------------------------  -----  ---------  --------  ----------  --------------  -------------------
/opt/airflow/dags/batch_pipeline_dag.py     38  0.01s             1           0  0.17s           2026-04-24T16:45:18
================================================================================
[2026-04-24T16:46:15.505+0000] {manager.py:738} INFO - Searching for files in /opt/airflow/dags
[2026-04-24T16:46:15.514+0000] {manager.py:741} INFO - There are 1 files in /opt/airflow/dags
[2026-04-24T16:46:18.566+0000] {manager.py:879} INFO - 
================================================================================
DAG File Processing Stats

File Path                                  PID  Runtime      # DAGs    # Errors  Last Runtime    Last Run
---------------------------------------  -----  ---------  --------  ----------  --------------  -------------------
/opt/airflow/dags/batch_pipeline_dag.py     39  0.01s             1           0  0.15s           2026-04-24T16:45:48
================================================================================
[2026-04-24T16:46:48.767+0000] {manager.py:879} INFO - 
================================================================================
DAG File Processing Stats

File Path                                  PID  Runtime      # DAGs    # Errors  Last Runtime    Last Run
---------------------------------------  -----  ---------  --------  ----------  --------------  -------------------
/opt/airflow/dags/batch_pipeline_dag.py     40  0.01s             1           0  0.15s           2026-04-24T16:46:18
================================================================================
[2026-04-24T16:47:19.489+0000] {manager.py:879} INFO - 
================================================================================
DAG File Processing Stats

File Path                                  PID  Runtime      # DAGs    # Errors  Last Runtime    Last Run
---------------------------------------  -----  ---------  --------  ----------  --------------  -------------------
/opt/airflow/dags/batch_pipeline_dag.py     41  0.01s             1           0  0.49s           2026-04-24T16:46:49
================================================================================
[2026-04-24T16:47:49.719+0000] {manager.py:879} INFO - 
================================================================================
DAG File Processing Stats

File Path                                  PID  Runtime      # DAGs    # Errors  Last Runtime    Last Run
---------------------------------------  -----  ---------  --------  ----------  --------------  -------------------
/opt/airflow/dags/batch_pipeline_dag.py     42  0.01s             1           0  0.22s           2026-04-24T16:47:19
================================================================================
[2026-04-24T16:48:19.939+0000] {manager.py:879} INFO - 
================================================================================
DAG File Processing Stats

File Path                                  PID  Runtime      # DAGs    # Errors  Last Runtime    Last Run
---------------------------------------  -----  ---------  --------  ----------  --------------  -------------------
/opt/airflow/dags/batch_pipeline_dag.py     43  0.01s             1           0  0.17s           2026-04-24T16:47:49
================================================================================
[2026-04-24T16:48:50.305+0000] {manager.py:879} INFO - 
================================================================================
DAG File Processing Stats

File Path                                  PID  Runtime      # DAGs    # Errors  Last Runtime    Last Run
---------------------------------------  -----  ---------  --------  ----------  --------------  -------------------
/opt/airflow/dags/batch_pipeline_dag.py     44  0.01s             1           0  0.19s           2026-04-24T16:48:20
================================================================================
[2026-04-24T16:49:20.526+0000] {manager.py:879} INFO - 
================================================================================
DAG File Processing Stats

File Path                                  PID  Runtime      # DAGs    # Errors  Last Runtime    Last Run
---------------------------------------  -----  ---------  --------  ----------  --------------  -------------------
/opt/airflow/dags/batch_pipeline_dag.py     45  0.01s             1           0  0.15s           2026-04-24T16:48:50
================================================================================
[2026-04-24T16:49:50.815+0000] {manager.py:879} INFO - 
================================================================================
DAG File Processing Stats

File Path                                  PID  Runtime      # DAGs    # Errors  Last Runtime    Last Run
---------------------------------------  -----  ---------  --------  ----------  --------------  -------------------
/opt/airflow/dags/batch_pipeline_dag.py     46  0.01s             1           0  0.15s           2026-04-24T16:49:20
================================================================================
[2026-04-24T16:50:21.067+0000] {manager.py:879} INFO - 
================================================================================
DAG File Processing Stats

File Path                                  PID  Runtime      # DAGs    # Errors  Last Runtime    Last Run
---------------------------------------  -----  ---------  --------  ----------  --------------  -------------------
/opt/airflow/dags/batch_pipeline_dag.py     47  0.01s             1           0  0.16s           2026-04-24T16:49:50
================================================================================
[2026-04-24T16:50:51.350+0000] {manager.py:879} INFO - 
================================================================================
DAG File Processing Stats

File Path                                  PID  Runtime      # DAGs    # Errors  Last Runtime    Last Run
---------------------------------------  -----  ---------  --------  ----------  --------------  -------------------
/opt/airflow/dags/batch_pipeline_dag.py     48  0.01s             1           0  0.14s           2026-04-24T16:50:21
================================================================================
[2026-04-24T16:51:15.528+0000] {manager.py:738} INFO - Searching for files in /opt/airflow/dags
[2026-04-24T16:51:15.533+0000] {manager.py:741} INFO - There are 1 files in /opt/airflow/dags
[2026-04-24T16:51:21.603+0000] {manager.py:879} INFO - 
================================================================================
DAG File Processing Stats

File Path                                  PID  Runtime      # DAGs    # Errors  Last Runtime    Last Run
---------------------------------------  -----  ---------  --------  ----------  --------------  -------------------
/opt/airflow/dags/batch_pipeline_dag.py     49  0.01s             1           0  0.14s           2026-04-24T16:50:51
================================================================================
[2026-04-24T16:51:51.868+0000] {manager.py:879} INFO - 
================================================================================
DAG File Processing Stats

File Path                                  PID  Runtime      # DAGs    # Errors  Last Runtime    Last Run
---------------------------------------  -----  ---------  --------  ----------  --------------  -------------------
/opt/airflow/dags/batch_pipeline_dag.py     50  0.01s             1           0  0.15s           2026-04-24T16:51:21
================================================================================
[2026-04-24T16:52:22.135+0000] {manager.py:879} INFO - 
================================================================================
DAG File Processing Stats

File Path                                  PID  Runtime      # DAGs    # Errors  Last Runtime    Last Run
---------------------------------------  -----  ---------  --------  ----------  --------------  -------------------
/opt/airflow/dags/batch_pipeline_dag.py     51  0.01s             1           0  0.15s           2026-04-24T16:51:52
================================================================================
[2026-04-24T16:52:52.408+0000] {manager.py:879} INFO - 
================================================================================
DAG File Processing Stats

File Path                                  PID  Runtime      # DAGs    # Errors  Last Runtime    Last Run
---------------------------------------  -----  ---------  --------  ----------  --------------  -------------------
/opt/airflow/dags/batch_pipeline_dag.py     52  0.01s             1           0  0.19s           2026-04-24T16:52:22
================================================================================
[2026-04-24T16:53:22.711+0000] {manager.py:879} INFO - 
================================================================================
DAG File Processing Stats

File Path                                  PID  Runtime      # DAGs    # Errors  Last Runtime    Last Run
---------------------------------------  -----  ---------  --------  ----------  --------------  -------------------
/opt/airflow/dags/batch_pipeline_dag.py     53  0.01s             1           0  0.19s           2026-04-24T16:52:52
================================================================================
[2026-04-24T16:53:52.982+0000] {manager.py:879} INFO - 
================================================================================
DAG File Processing Stats

File Path                                  PID  Runtime      # DAGs    # Errors  Last Runtime    Last Run
---------------------------------------  -----  ---------  --------  ----------  --------------  -------------------
/opt/airflow/dags/batch_pipeline_dag.py     54  0.01s             1           0  0.16s           2026-04-24T16:53:22
================================================================================
[2026-04-24T16:54:23.264+0000] {manager.py:879} INFO - 
================================================================================
DAG File Processing Stats

File Path                                  PID  Runtime      # DAGs    # Errors  Last Runtime    Last Run
---------------------------------------  -----  ---------  --------  ----------  --------------  -------------------
/opt/airflow/dags/batch_pipeline_dag.py     55  0.01s             1           0  0.14s           2026-04-24T16:53:53
================================================================================
[2026-04-24T16:54:53.509+0000] {manager.py:879} INFO - 
================================================================================
DAG File Processing Stats

File Path                                  PID  Runtime      # DAGs    # Errors  Last Runtime    Last Run
---------------------------------------  -----  ---------  --------  ----------  --------------  -------------------
/opt/airflow/dags/batch_pipeline_dag.py     56  0.01s             1           0  0.14s           2026-04-24T16:54:23
================================================================================
[2026-04-24T16:55:23.790+0000] {manager.py:879} INFO - 
================================================================================
DAG File Processing Stats

File Path                                  PID  Runtime      # DAGs    # Errors  Last Runtime    Last Run
---------------------------------------  -----  ---------  --------  ----------  --------------  -------------------
/opt/airflow/dags/batch_pipeline_dag.py     57  0.01s             1           0  0.16s           2026-04-24T16:54:53
================================================================================
[2026-04-24T16:55:54.061+0000] {manager.py:879} INFO - 
================================================================================
DAG File Processing Stats

File Path                                  PID  Runtime      # DAGs    # Errors  Last Runtime    Last Run
---------------------------------------  -----  ---------  --------  ----------  --------------  -------------------
/opt/airflow/dags/batch_pipeline_dag.py     58  0.01s             1           0  0.15s           2026-04-24T16:55:23
================================================================================
[2026-04-24T16:56:16.265+0000] {manager.py:738} INFO - Searching for files in /opt/airflow/dags
[2026-04-24T16:56:16.268+0000] {manager.py:741} INFO - There are 1 files in /opt/airflow/dags
[2026-04-24T16:56:24.356+0000] {manager.py:879} INFO - 
================================================================================
DAG File Processing Stats

File Path                                  PID  Runtime      # DAGs    # Errors  Last Runtime    Last Run
---------------------------------------  -----  ---------  --------  ----------  --------------  -------------------
/opt/airflow/dags/batch_pipeline_dag.py     59  0.01s             1           0  0.15s           2026-04-24T16:55:54
================================================================================
[2026-04-24T16:56:54.603+0000] {manager.py:879} INFO - 
================================================================================
DAG File Processing Stats

File Path                                  PID  Runtime      # DAGs    # Errors  Last Runtime    Last Run
---------------------------------------  -----  ---------  --------  ----------  --------------  -------------------
/opt/airflow/dags/batch_pipeline_dag.py     60  0.01s             1           0  0.16s           2026-04-24T16:56:24
================================================================================
[2026-04-24T16:57:24.960+0000] {manager.py:879} INFO - 
================================================================================
DAG File Processing Stats

File Path                                  PID  Runtime      # DAGs    # Errors  Last Runtime    Last Run
---------------------------------------  -----  ---------  --------  ----------  --------------  -------------------
/opt/airflow/dags/batch_pipeline_dag.py     61  0.01s             1           0  0.16s           2026-04-24T16:56:54
================================================================================
[2026-04-24T16:57:55.182+0000] {manager.py:879} INFO - 
================================================================================
DAG File Processing Stats

File Path                                PID    Runtime      # DAGs    # Errors  Last Runtime    Last Run
---------------------------------------  -----  ---------  --------  ----------  --------------  -------------------
/opt/airflow/dags/batch_pipeline_dag.py                           1           0  0.26s           2026-04-24T16:57:25
================================================================================
[2026-04-24T16:58:25.626+0000] {manager.py:879} INFO - 
================================================================================
DAG File Processing Stats

File Path                                  PID  Runtime      # DAGs    # Errors  Last Runtime    Last Run
---------------------------------------  -----  ---------  --------  ----------  --------------  -------------------
/opt/airflow/dags/batch_pipeline_dag.py     63  0.01s             1           0  0.16s           2026-04-24T16:57:55
================================================================================
[2026-04-24T16:58:55.970+0000] {manager.py:879} INFO - 
================================================================================
DAG File Processing Stats

File Path                                  PID  Runtime      # DAGs    # Errors  Last Runtime    Last Run
---------------------------------------  -----  ---------  --------  ----------  --------------  -------------------
/opt/airflow/dags/batch_pipeline_dag.py     64  0.01s             1           0  0.20s           2026-04-24T16:58:25
================================================================================
[2026-04-24T16:59:26.207+0000] {manager.py:879} INFO - 
================================================================================
DAG File Processing Stats

File Path                                PID    Runtime      # DAGs    # Errors  Last Runtime    Last Run
---------------------------------------  -----  ---------  --------  ----------  --------------  -------------------
/opt/airflow/dags/batch_pipeline_dag.py                           1           0  0.26s           2026-04-24T16:58:56
================================================================================
[2026-04-24T16:59:56.646+0000] {manager.py:879} INFO - 
================================================================================
DAG File Processing Stats

File Path                                  PID  Runtime      # DAGs    # Errors  Last Runtime    Last Run
---------------------------------------  -----  ---------  --------  ----------  --------------  -------------------
/opt/airflow/dags/batch_pipeline_dag.py     66  0.01s             1           0  0.19s           2026-04-24T16:59:26
================================================================================
[2026-04-24T17:00:27.004+0000] {manager.py:879} INFO - 
================================================================================
DAG File Processing Stats

File Path                                  PID  Runtime      # DAGs    # Errors  Last Runtime    Last Run
---------------------------------------  -----  ---------  --------  ----------  --------------  -------------------
/opt/airflow/dags/batch_pipeline_dag.py     67  0.01s             1           0  0.17s           2026-04-24T16:59:56
================================================================================
[2026-04-24T17:00:57.230+0000] {manager.py:879} INFO - 
================================================================================
DAG File Processing Stats

File Path                                PID    Runtime      # DAGs    # Errors  Last Runtime    Last Run
---------------------------------------  -----  ---------  --------  ----------  --------------  -------------------
/opt/airflow/dags/batch_pipeline_dag.py                           1           0  0.24s           2026-04-24T17:00:27
================================================================================
[2026-04-24T17:01:16.547+0000] {manager.py:738} INFO - Searching for files in /opt/airflow/dags
[2026-04-24T17:01:16.552+0000] {manager.py:741} INFO - There are 1 files in /opt/airflow/dags
[2026-04-24T17:01:27.669+0000] {manager.py:879} INFO - 
================================================================================
DAG File Processing Stats

File Path                                  PID  Runtime      # DAGs    # Errors  Last Runtime    Last Run
---------------------------------------  -----  ---------  --------  ----------  --------------  -------------------
/opt/airflow/dags/batch_pipeline_dag.py     69  0.01s             1           0  0.14s           2026-04-24T17:00:57
================================================================================
[2026-04-24T17:01:57.998+0000] {manager.py:879} INFO - 
================================================================================
DAG File Processing Stats

File Path                                  PID  Runtime      # DAGs    # Errors  Last Runtime    Last Run
---------------------------------------  -----  ---------  --------  ----------  --------------  -------------------
/opt/airflow/dags/batch_pipeline_dag.py     70  0.01s             1           0  0.23s           2026-04-24T17:01:27
================================================================================
[2026-04-24T17:02:28.477+0000] {manager.py:879} INFO - 
================================================================================
DAG File Processing Stats

File Path                                  PID  Runtime      # DAGs    # Errors  Last Runtime    Last Run
---------------------------------------  -----  ---------  --------  ----------  --------------  -------------------
/opt/airflow/dags/batch_pipeline_dag.py     71  0.02s             1           0  0.20s           2026-04-24T17:01:58
================================================================================
[2026-04-24T17:02:58.784+0000] {manager.py:879} INFO - 
================================================================================
DAG File Processing Stats

File Path                                  PID  Runtime      # DAGs    # Errors  Last Runtime    Last Run
---------------------------------------  -----  ---------  --------  ----------  --------------  -------------------
/opt/airflow/dags/batch_pipeline_dag.py     72  0.01s             1           0  0.26s           2026-04-24T17:02:28
================================================================================
[2026-04-24T17:03:29.366+0000] {manager.py:879} INFO - 
================================================================================
DAG File Processing Stats

File Path                                  PID  Runtime      # DAGs    # Errors  Last Runtime    Last Run
---------------------------------------  -----  ---------  --------  ----------  --------------  -------------------
/opt/airflow/dags/batch_pipeline_dag.py     73  0.02s             1           0  0.29s           2026-04-24T17:02:59
================================================================================
[2026-04-24T17:03:59.732+0000] {manager.py:879} INFO - 
================================================================================
DAG File Processing Stats

File Path                                PID    Runtime      # DAGs    # Errors  Last Runtime    Last Run
---------------------------------------  -----  ---------  --------  ----------  --------------  -------------------
/opt/airflow/dags/batch_pipeline_dag.py                           1           0  0.46s           2026-04-24T17:03:29
================================================================================
[2026-04-24T17:04:29.963+0000] {manager.py:879} INFO - 
================================================================================
DAG File Processing Stats

File Path                                PID    Runtime      # DAGs    # Errors  Last Runtime    Last Run
---------------------------------------  -----  ---------  --------  ----------  --------------  -------------------
/opt/airflow/dags/batch_pipeline_dag.py                           1           0  0.43s           2026-04-24T17:04:00
================================================================================
[2026-04-24T17:05:00.242+0000] {manager.py:879} INFO - 
================================================================================
DAG File Processing Stats

File Path                                PID    Runtime      # DAGs    # Errors  Last Runtime    Last Run
---------------------------------------  -----  ---------  --------  ----------  --------------  -------------------
/opt/airflow/dags/batch_pipeline_dag.py                           1           0  0.21s           2026-04-24T17:04:31
================================================================================
[2026-04-24T17:05:30.712+0000] {manager.py:879} INFO - 
================================================================================
DAG File Processing Stats

File Path                                PID    Runtime      # DAGs    # Errors  Last Runtime    Last Run
---------------------------------------  -----  ---------  --------  ----------  --------------  -------------------
/opt/airflow/dags/batch_pipeline_dag.py                           1           0  0.38s           2026-04-24T17:05:01
================================================================================
[2026-04-24T17:06:01.166+0000] {manager.py:879} INFO - 
================================================================================
DAG File Processing Stats

File Path                                PID    Runtime      # DAGs    # Errors  Last Runtime    Last Run
---------------------------------------  -----  ---------  --------  ----------  --------------  -------------------
/opt/airflow/dags/batch_pipeline_dag.py                           1           0  0.26s           2026-04-24T17:05:31
================================================================================
[2026-04-24T17:06:16.779+0000] {manager.py:738} INFO - Searching for files in /opt/airflow/dags
[2026-04-24T17:06:16.789+0000] {manager.py:741} INFO - There are 1 files in /opt/airflow/dags
[2026-04-24T17:06:31.549+0000] {manager.py:879} INFO - 
================================================================================
DAG File Processing Stats

File Path                                PID    Runtime      # DAGs    # Errors  Last Runtime    Last Run
---------------------------------------  -----  ---------  --------  ----------  --------------  -------------------
/opt/airflow/dags/batch_pipeline_dag.py                           1           0  0.47s           2026-04-24T17:06:02
================================================================================
[2026-04-24T17:07:02.249+0000] {manager.py:879} INFO - 
================================================================================
DAG File Processing Stats

File Path                                PID    Runtime      # DAGs    # Errors  Last Runtime    Last Run
---------------------------------------  -----  ---------  --------  ----------  --------------  -------------------
/opt/airflow/dags/batch_pipeline_dag.py                           1           0  0.24s           2026-04-24T17:06:33
================================================================================
[2026-04-24T17:07:32.729+0000] {manager.py:879} INFO - 
================================================================================
DAG File Processing Stats

File Path                                PID    Runtime      # DAGs    # Errors  Last Runtime    Last Run
---------------------------------------  -----  ---------  --------  ----------  --------------  -------------------
/opt/airflow/dags/batch_pipeline_dag.py                           1           0  0.31s           2026-04-24T17:07:03
================================================================================
[2026-04-24T17:08:02.928+0000] {manager.py:879} INFO - 
================================================================================
DAG File Processing Stats

File Path                                PID    Runtime      # DAGs    # Errors  Last Runtime    Last Run
---------------------------------------  -----  ---------  --------  ----------  --------------  -------------------
/opt/airflow/dags/batch_pipeline_dag.py                           1           0  0.18s           2026-04-24T17:07:33
================================================================================
[2026-04-24T17:08:33.410+0000] {manager.py:879} INFO - 
================================================================================
DAG File Processing Stats

File Path                                PID    Runtime      # DAGs    # Errors  Last Runtime    Last Run
---------------------------------------  -----  ---------  --------  ----------  --------------  -------------------
/opt/airflow/dags/batch_pipeline_dag.py                           1           0  0.32s           2026-04-24T17:08:04
================================================================================
[2026-04-24T17:09:03.806+0000] {manager.py:879} INFO - 
================================================================================
DAG File Processing Stats

File Path                                PID    Runtime      # DAGs    # Errors  Last Runtime    Last Run
---------------------------------------  -----  ---------  --------  ----------  --------------  -------------------
/opt/airflow/dags/batch_pipeline_dag.py                           1           0  0.25s           2026-04-24T17:08:34
================================================================================
[2026-04-24T17:09:34.227+0000] {manager.py:879} INFO - 
================================================================================
DAG File Processing Stats

File Path                                PID    Runtime      # DAGs    # Errors  Last Runtime    Last Run
---------------------------------------  -----  ---------  --------  ----------  --------------  -------------------
/opt/airflow/dags/batch_pipeline_dag.py                           1           0  0.25s           2026-04-24T17:09:05
================================================================================
[2026-04-24T17:10:04.632+0000] {manager.py:879} INFO - 
================================================================================
DAG File Processing Stats

File Path                                PID    Runtime      # DAGs    # Errors  Last Runtime    Last Run
---------------------------------------  -----  ---------  --------  ----------  --------------  -------------------
/opt/airflow/dags/batch_pipeline_dag.py                           1           0  0.33s           2026-04-24T17:09:35
================================================================================
[2026-04-24T17:10:35.102+0000] {manager.py:879} INFO - 
================================================================================
DAG File Processing Stats

File Path                                PID    Runtime      # DAGs    # Errors  Last Runtime    Last Run
---------------------------------------  -----  ---------  --------  ----------  --------------  -------------------
/opt/airflow/dags/batch_pipeline_dag.py                           1           0  0.23s           2026-04-24T17:10:05
================================================================================
[2026-04-24T17:11:05.501+0000] {manager.py:879} INFO - 
================================================================================
DAG File Processing Stats

File Path                                PID    Runtime      # DAGs    # Errors  Last Runtime    Last Run
---------------------------------------  -----  ---------  --------  ----------  --------------  -------------------
/opt/airflow/dags/batch_pipeline_dag.py                           1           0  0.22s           2026-04-24T17:10:36
================================================================================
[2026-04-24T17:11:16.934+0000] {manager.py:738} INFO - Searching for files in /opt/airflow/dags
[2026-04-24T17:11:16.941+0000] {manager.py:741} INFO - There are 1 files in /opt/airflow/dags
[2026-04-24T17:11:35.847+0000] {manager.py:879} INFO - 
================================================================================
DAG File Processing Stats

File Path                                PID    Runtime      # DAGs    # Errors  Last Runtime    Last Run
---------------------------------------  -----  ---------  --------  ----------  --------------  -------------------
/opt/airflow/dags/batch_pipeline_dag.py                           1           0  0.31s           2026-04-24T17:11:06
================================================================================
[2026-04-24T17:12:06.168+0000] {manager.py:879} INFO - 
================================================================================
DAG File Processing Stats

File Path                                PID    Runtime      # DAGs    # Errors  Last Runtime    Last Run
---------------------------------------  -----  ---------  --------  ----------  --------------  -------------------
/opt/airflow/dags/batch_pipeline_dag.py                           1           0  0.24s           2026-04-24T17:11:37
================================================================================
[2026-04-24T17:12:36.769+0000] {manager.py:879} INFO - 
================================================================================
DAG File Processing Stats

File Path                                PID    Runtime      # DAGs    # Errors  Last Runtime    Last Run
---------------------------------------  -----  ---------  --------  ----------  --------------  -------------------
/opt/airflow/dags/batch_pipeline_dag.py                           1           0  0.26s           2026-04-24T17:12:07
================================================================================
[2026-04-24T17:13:07.122+0000] {manager.py:879} INFO - 
================================================================================
DAG File Processing Stats

File Path                                PID    Runtime      # DAGs    # Errors  Last Runtime    Last Run
---------------------------------------  -----  ---------  --------  ----------  --------------  -------------------
/opt/airflow/dags/batch_pipeline_dag.py                           1           0  0.30s           2026-04-24T17:12:38
================================================================================
[2026-04-24T17:13:37.411+0000] {manager.py:879} INFO - 
================================================================================
DAG File Processing Stats

File Path                                PID    Runtime      # DAGs    # Errors  Last Runtime    Last Run
---------------------------------------  -----  ---------  --------  ----------  --------------  -------------------
/opt/airflow/dags/batch_pipeline_dag.py                           1           0  0.18s           2026-04-24T17:13:08
================================================================================
[2026-04-24T17:14:07.784+0000] {manager.py:879} INFO - 
================================================================================
DAG File Processing Stats

File Path                                PID    Runtime      # DAGs    # Errors  Last Runtime    Last Run
---------------------------------------  -----  ---------  --------  ----------  --------------  -------------------
/opt/airflow/dags/batch_pipeline_dag.py                           1           0  0.25s           2026-04-24T17:13:38
================================================================================
[2026-04-24T17:14:38.234+0000] {manager.py:879} INFO - 
================================================================================
DAG File Processing Stats

File Path                                PID    Runtime      # DAGs    # Errors  Last Runtime    Last Run
---------------------------------------  -----  ---------  --------  ----------  --------------  -------------------
/opt/airflow/dags/batch_pipeline_dag.py                           1           0  0.34s           2026-04-24T17:14:09
================================================================================
[2026-04-24T17:15:08.688+0000] {manager.py:879} INFO - 
================================================================================
DAG File Processing Stats

File Path                                PID    Runtime      # DAGs    # Errors  Last Runtime    Last Run
---------------------------------------  -----  ---------  --------  ----------  --------------  -------------------
/opt/airflow/dags/batch_pipeline_dag.py                           1           0  0.24s           2026-04-24T17:14:39
================================================================================
[2026-04-24T17:15:39.111+0000] {manager.py:879} INFO - 
================================================================================
DAG File Processing Stats

File Path                                PID    Runtime      # DAGs    # Errors  Last Runtime    Last Run
---------------------------------------  -----  ---------  --------  ----------  --------------  -------------------
/opt/airflow/dags/batch_pipeline_dag.py                           1           0  0.21s           2026-04-24T17:15:09
================================================================================
[2026-04-24T17:16:09.444+0000] {manager.py:879} INFO - 
================================================================================
DAG File Processing Stats

File Path                                PID    Runtime      # DAGs    # Errors  Last Runtime    Last Run
---------------------------------------  -----  ---------  --------  ----------  --------------  -------------------
/opt/airflow/dags/batch_pipeline_dag.py                           1           0  0.22s           2026-04-24T17:15:40
================================================================================
[2026-04-24T17:16:17.623+0000] {manager.py:738} INFO - Searching for files in /opt/airflow/dags
[2026-04-24T17:16:17.633+0000] {manager.py:741} INFO - There are 1 files in /opt/airflow/dags
[2026-04-24T17:16:39.855+0000] {manager.py:879} INFO - 
================================================================================
DAG File Processing Stats

File Path                                PID    Runtime      # DAGs    # Errors  Last Runtime    Last Run
---------------------------------------  -----  ---------  --------  ----------  --------------  -------------------
/opt/airflow/dags/batch_pipeline_dag.py                           1           0  0.20s           2026-04-24T17:16:10
================================================================================
[2026-04-24T17:17:10.269+0000] {manager.py:879} INFO - 
================================================================================
DAG File Processing Stats

File Path                                PID    Runtime      # DAGs    # Errors  Last Runtime    Last Run
---------------------------------------  -----  ---------  --------  ----------  --------------  -------------------
/opt/airflow/dags/batch_pipeline_dag.py                           1           0  0.36s           2026-04-24T17:16:41
================================================================================
[2026-04-24T17:17:40.963+0000] {manager.py:879} INFO - 
================================================================================
DAG File Processing Stats

File Path                                PID    Runtime      # DAGs    # Errors  Last Runtime    Last Run
---------------------------------------  -----  ---------  --------  ----------  --------------  -------------------
/opt/airflow/dags/batch_pipeline_dag.py                           1           0  0.55s           2026-04-24T17:17:11
================================================================================
[2026-04-24T17:18:11.486+0000] {manager.py:879} INFO - 
================================================================================
DAG File Processing Stats

File Path                                PID    Runtime      # DAGs    # Errors  Last Runtime    Last Run
---------------------------------------  -----  ---------  --------  ----------  --------------  -------------------
/opt/airflow/dags/batch_pipeline_dag.py                           1           0  0.54s           2026-04-24T17:17:42
================================================================================
[2026-04-24T17:18:41.699+0000] {manager.py:879} INFO - 
================================================================================
DAG File Processing Stats

File Path                                PID    Runtime      # DAGs    # Errors  Last Runtime    Last Run
---------------------------------------  -----  ---------  --------  ----------  --------------  -------------------
/opt/airflow/dags/batch_pipeline_dag.py                           1           0  0.32s           2026-04-24T17:18:13
================================================================================
[2026-04-24T17:19:12.088+0000] {manager.py:879} INFO - 
================================================================================
DAG File Processing Stats

File Path                                PID    Runtime      # DAGs    # Errors  Last Runtime    Last Run
---------------------------------------  -----  ---------  --------  ----------  --------------  -------------------
/opt/airflow/dags/batch_pipeline_dag.py                           1           0  0.67s           2026-04-24T17:18:44
================================================================================
[2026-04-24T17:19:42.562+0000] {manager.py:879} INFO - 
================================================================================
DAG File Processing Stats

File Path                                PID    Runtime      # DAGs    # Errors  Last Runtime    Last Run
---------------------------------------  -----  ---------  --------  ----------  --------------  -------------------
/opt/airflow/dags/batch_pipeline_dag.py                           1           0  0.33s           2026-04-24T17:19:14
================================================================================
[2026-04-24T17:20:12.835+0000] {manager.py:879} INFO - 
================================================================================
DAG File Processing Stats

File Path                                PID    Runtime      # DAGs    # Errors  Last Runtime    Last Run
---------------------------------------  -----  ---------  --------  ----------  --------------  -------------------
/opt/airflow/dags/batch_pipeline_dag.py                           1           0  0.25s           2026-04-24T17:19:44
================================================================================
[2026-04-24T17:20:43.213+0000] {manager.py:879} INFO - 
================================================================================
DAG File Processing Stats

File Path                                PID    Runtime      # DAGs    # Errors  Last Runtime    Last Run
---------------------------------------  -----  ---------  --------  ----------  --------------  -------------------
/opt/airflow/dags/batch_pipeline_dag.py                           1           0  0.22s           2026-04-24T17:20:15
================================================================================
[2026-04-24T17:21:13.436+0000] {manager.py:879} INFO - 
================================================================================
DAG File Processing Stats

File Path                                PID    Runtime      # DAGs    # Errors  Last Runtime    Last Run
---------------------------------------  -----  ---------  --------  ----------  --------------  -------------------
/opt/airflow/dags/batch_pipeline_dag.py                           1           0  0.15s           2026-04-24T17:20:45
================================================================================
[2026-04-24T17:21:18.571+0000] {manager.py:738} INFO - Searching for files in /opt/airflow/dags
[2026-04-24T17:21:18.575+0000] {manager.py:741} INFO - There are 1 files in /opt/airflow/dags
[2026-04-24T17:21:43.749+0000] {manager.py:879} INFO - 
================================================================================
DAG File Processing Stats

File Path                                PID    Runtime      # DAGs    # Errors  Last Runtime    Last Run
---------------------------------------  -----  ---------  --------  ----------  --------------  -------------------
/opt/airflow/dags/batch_pipeline_dag.py                           1           0  0.15s           2026-04-24T17:21:15
================================================================================
[2026-04-24T17:22:13.956+0000] {manager.py:879} INFO - 
================================================================================
DAG File Processing Stats

File Path                                PID    Runtime      # DAGs    # Errors  Last Runtime    Last Run
---------------------------------------  -----  ---------  --------  ----------  --------------  -------------------
/opt/airflow/dags/batch_pipeline_dag.py                           1           0  0.16s           2026-04-24T17:21:45
================================================================================
[2026-04-24T17:22:44.260+0000] {manager.py:879} INFO - 
================================================================================
DAG File Processing Stats

File Path                                PID    Runtime      # DAGs    # Errors  Last Runtime    Last Run
---------------------------------------  -----  ---------  --------  ----------  --------------  -------------------
/opt/airflow/dags/batch_pipeline_dag.py                           1           0  0.15s           2026-04-24T17:22:16
================================================================================
[2026-04-24T17:23:14.505+0000] {manager.py:879} INFO - 
================================================================================
DAG File Processing Stats

File Path                                PID    Runtime      # DAGs    # Errors  Last Runtime    Last Run
---------------------------------------  -----  ---------  --------  ----------  --------------  -------------------
/opt/airflow/dags/batch_pipeline_dag.py                           1           0  0.16s           2026-04-24T17:22:46
================================================================================
[2026-04-24T17:23:44.797+0000] {manager.py:879} INFO - 
================================================================================
DAG File Processing Stats

File Path                                PID    Runtime      # DAGs    # Errors  Last Runtime    Last Run
---------------------------------------  -----  ---------  --------  ----------  --------------  -------------------
/opt/airflow/dags/batch_pipeline_dag.py                           1           0  0.18s           2026-04-24T17:23:16
================================================================================
[2026-04-24T17:24:15.037+0000] {manager.py:879} INFO - 
================================================================================
DAG File Processing Stats

File Path                                PID    Runtime      # DAGs    # Errors  Last Runtime    Last Run
---------------------------------------  -----  ---------  --------  ----------  --------------  -------------------
/opt/airflow/dags/batch_pipeline_dag.py                           1           0  0.24s           2026-04-24T17:23:47
================================================================================
[2026-04-24T17:24:45.422+0000] {manager.py:879} INFO - 
================================================================================
DAG File Processing Stats

File Path                                PID    Runtime      # DAGs    # Errors  Last Runtime    Last Run
---------------------------------------  -----  ---------  --------  ----------  --------------  -------------------
/opt/airflow/dags/batch_pipeline_dag.py                           1           0  0.17s           2026-04-24T17:24:17
================================================================================
[2026-04-24T17:25:15.780+0000] {manager.py:879} INFO - 
================================================================================
DAG File Processing Stats

File Path                                PID    Runtime      # DAGs    # Errors  Last Runtime    Last Run
---------------------------------------  -----  ---------  --------  ----------  --------------  -------------------
/opt/airflow/dags/batch_pipeline_dag.py                           1           0  0.20s           2026-04-24T17:24:47
================================================================================
[2026-04-24T17:25:46.006+0000] {manager.py:879} INFO - 
================================================================================
DAG File Processing Stats

File Path                                PID    Runtime      # DAGs    # Errors  Last Runtime    Last Run
---------------------------------------  -----  ---------  --------  ----------  --------------  -------------------
/opt/airflow/dags/batch_pipeline_dag.py                           1           0  0.15s           2026-04-24T17:25:17
================================================================================
[2026-04-24T17:26:16.347+0000] {manager.py:879} INFO - 
================================================================================
DAG File Processing Stats

File Path                                PID    Runtime      # DAGs    # Errors  Last Runtime    Last Run
---------------------------------------  -----  ---------  --------  ----------  --------------  -------------------
/opt/airflow/dags/batch_pipeline_dag.py                           1           0  0.45s           2026-04-24T17:25:48
================================================================================
[2026-04-24T17:26:18.662+0000] {manager.py:738} INFO - Searching for files in /opt/airflow/dags
[2026-04-24T17:26:18.665+0000] {manager.py:741} INFO - There are 1 files in /opt/airflow/dags
[2026-04-24T17:26:46.881+0000] {manager.py:879} INFO - 
================================================================================
DAG File Processing Stats

File Path                                PID    Runtime      # DAGs    # Errors  Last Runtime    Last Run
---------------------------------------  -----  ---------  --------  ----------  --------------  -------------------
/opt/airflow/dags/batch_pipeline_dag.py                           1           0  0.15s           2026-04-24T17:26:18
================================================================================
[2026-04-24T17:27:17.328+0000] {manager.py:879} INFO - 
================================================================================
DAG File Processing Stats

File Path                                PID    Runtime      # DAGs    # Errors  Last Runtime    Last Run
---------------------------------------  -----  ---------  --------  ----------  --------------  -------------------
/opt/airflow/dags/batch_pipeline_dag.py                           1           0  0.21s           2026-04-24T17:26:49
================================================================================
[2026-04-24T17:27:47.624+0000] {manager.py:879} INFO - 
================================================================================
DAG File Processing Stats

File Path                                PID    Runtime      # DAGs    # Errors  Last Runtime    Last Run
---------------------------------------  -----  ---------  --------  ----------  --------------  -------------------
/opt/airflow/dags/batch_pipeline_dag.py                           1           0  0.41s           2026-04-24T17:27:19
================================================================================
[2026-04-24T17:28:18.288+0000] {manager.py:879} INFO - 
================================================================================
DAG File Processing Stats

File Path                                PID    Runtime      # DAGs    # Errors  Last Runtime    Last Run
---------------------------------------  -----  ---------  --------  ----------  --------------  -------------------
/opt/airflow/dags/batch_pipeline_dag.py                           1           0  0.20s           2026-04-24T17:27:50
================================================================================
[2026-04-24T17:28:48.561+0000] {manager.py:879} INFO - 
================================================================================
DAG File Processing Stats

File Path                                PID    Runtime      # DAGs    # Errors  Last Runtime    Last Run
---------------------------------------  -----  ---------  --------  ----------  --------------  -------------------
/opt/airflow/dags/batch_pipeline_dag.py                           1           0  0.24s           2026-04-24T17:28:20
================================================================================
[2026-04-24T17:29:18.872+0000] {manager.py:879} INFO - 
================================================================================
DAG File Processing Stats

File Path                                PID    Runtime      # DAGs    # Errors  Last Runtime    Last Run
---------------------------------------  -----  ---------  --------  ----------  --------------  -------------------
/opt/airflow/dags/batch_pipeline_dag.py                           1           0  0.19s           2026-04-24T17:28:50
================================================================================
[2026-04-24T17:29:49.296+0000] {manager.py:879} INFO - 
================================================================================
DAG File Processing Stats

File Path                                PID    Runtime      # DAGs    # Errors  Last Runtime    Last Run
---------------------------------------  -----  ---------  --------  ----------  --------------  -------------------
/opt/airflow/dags/batch_pipeline_dag.py                           1           0  0.20s           2026-04-24T17:29:21
================================================================================
[2026-04-24T17:30:19.541+0000] {manager.py:879} INFO - 
================================================================================
DAG File Processing Stats

File Path                                PID    Runtime      # DAGs    # Errors  Last Runtime    Last Run
---------------------------------------  -----  ---------  --------  ----------  --------------  -------------------
/opt/airflow/dags/batch_pipeline_dag.py                           1           0  0.23s           2026-04-24T17:29:51
================================================================================
[2026-04-24T17:30:50.009+0000] {manager.py:879} INFO - 
================================================================================
DAG File Processing Stats

File Path                                PID    Runtime      # DAGs    # Errors  Last Runtime    Last Run
---------------------------------------  -----  ---------  --------  ----------  --------------  -------------------
/opt/airflow/dags/batch_pipeline_dag.py                           1           0  0.33s           2026-04-24T17:30:21
================================================================================
[2026-04-24T17:31:19.370+0000] {manager.py:738} INFO - Searching for files in /opt/airflow/dags
[2026-04-24T17:31:19.374+0000] {manager.py:741} INFO - There are 1 files in /opt/airflow/dags
[2026-04-24T17:31:20.406+0000] {manager.py:879} INFO - 
================================================================================
DAG File Processing Stats

File Path                                PID    Runtime      # DAGs    # Errors  Last Runtime    Last Run
---------------------------------------  -----  ---------  --------  ----------  --------------  -------------------
/opt/airflow/dags/batch_pipeline_dag.py                           1           0  0.33s           2026-04-24T17:30:52
================================================================================
[2026-04-24T17:31:50.901+0000] {manager.py:879} INFO - 
================================================================================
DAG File Processing Stats

File Path                                PID    Runtime      # DAGs    # Errors  Last Runtime    Last Run
---------------------------------------  -----  ---------  --------  ----------  --------------  -------------------
/opt/airflow/dags/batch_pipeline_dag.py                           1           0  0.23s           2026-04-24T17:31:22
================================================================================
[2026-04-24T17:32:21.227+0000] {manager.py:879} INFO - 
================================================================================
DAG File Processing Stats

File Path                                PID    Runtime      # DAGs    # Errors  Last Runtime    Last Run
---------------------------------------  -----  ---------  --------  ----------  --------------  -------------------
/opt/airflow/dags/batch_pipeline_dag.py                           1           0  0.19s           2026-04-24T17:31:53
================================================================================
[2026-04-24T17:32:51.672+0000] {manager.py:879} INFO - 
================================================================================
DAG File Processing Stats

File Path                                PID    Runtime      # DAGs    # Errors  Last Runtime    Last Run
---------------------------------------  -----  ---------  --------  ----------  --------------  -------------------
/opt/airflow/dags/batch_pipeline_dag.py                           1           0  0.22s           2026-04-24T17:32:23
================================================================================
[2026-04-24T17:33:21.960+0000] {manager.py:879} INFO - 
================================================================================
DAG File Processing Stats

File Path                                PID    Runtime      # DAGs    # Errors  Last Runtime    Last Run
---------------------------------------  -----  ---------  --------  ----------  --------------  -------------------
/opt/airflow/dags/batch_pipeline_dag.py                           1           0  0.26s           2026-04-24T17:32:53
================================================================================
[2026-04-24T17:33:52.375+0000] {manager.py:879} INFO - 
================================================================================
DAG File Processing Stats

File Path                                PID    Runtime      # DAGs    # Errors  Last Runtime    Last Run
---------------------------------------  -----  ---------  --------  ----------  --------------  -------------------
/opt/airflow/dags/batch_pipeline_dag.py                           1           0  0.30s           2026-04-24T17:33:24
================================================================================
[2026-04-24T17:34:22.751+0000] {manager.py:879} INFO - 
================================================================================
DAG File Processing Stats

File Path                                PID    Runtime      # DAGs    # Errors  Last Runtime    Last Run
---------------------------------------  -----  ---------  --------  ----------  --------------  -------------------
/opt/airflow/dags/batch_pipeline_dag.py                           1           0  0.18s           2026-04-24T17:33:54
================================================================================
[2026-04-24T17:34:53.101+0000] {manager.py:879} INFO - 
================================================================================
DAG File Processing Stats

File Path                                PID    Runtime      # DAGs    # Errors  Last Runtime    Last Run
---------------------------------------  -----  ---------  --------  ----------  --------------  -------------------
/opt/airflow/dags/batch_pipeline_dag.py                           1           0  0.43s           2026-04-24T17:34:25
================================================================================
[2026-04-24T17:35:23.709+0000] {manager.py:879} INFO - 
================================================================================
DAG File Processing Stats

File Path                                PID    Runtime      # DAGs    # Errors  Last Runtime    Last Run
---------------------------------------  -----  ---------  --------  ----------  --------------  -------------------
/opt/airflow/dags/batch_pipeline_dag.py                           1           0  0.20s           2026-04-24T17:34:55
================================================================================
[2026-04-24T17:35:54.270+0000] {manager.py:879} INFO - 
================================================================================
DAG File Processing Stats

File Path                                PID    Runtime      # DAGs    # Errors  Last Runtime    Last Run
---------------------------------------  -----  ---------  --------  ----------  --------------  -------------------
/opt/airflow/dags/batch_pipeline_dag.py                           1           0  0.25s           2026-04-24T17:35:25
================================================================================
[2026-04-24T17:36:19.690+0000] {manager.py:738} INFO - Searching for files in /opt/airflow/dags
[2026-04-24T17:36:19.693+0000] {manager.py:741} INFO - There are 1 files in /opt/airflow/dags
[2026-04-24T17:36:24.760+0000] {manager.py:879} INFO - 
================================================================================
DAG File Processing Stats

File Path                                PID    Runtime      # DAGs    # Errors  Last Runtime    Last Run
---------------------------------------  -----  ---------  --------  ----------  --------------  -------------------
/opt/airflow/dags/batch_pipeline_dag.py                           1           0  0.32s           2026-04-24T17:35:56
================================================================================
[2026-04-24T17:36:55.236+0000] {manager.py:879} INFO - 
================================================================================
DAG File Processing Stats

File Path                                PID    Runtime      # DAGs    # Errors  Last Runtime    Last Run
---------------------------------------  -----  ---------  --------  ----------  --------------  -------------------
/opt/airflow/dags/batch_pipeline_dag.py                           1           0  0.45s           2026-04-24T17:36:27
================================================================================
[2026-04-24T17:37:25.802+0000] {manager.py:879} INFO - 
================================================================================
DAG File Processing Stats

File Path                                PID    Runtime      # DAGs    # Errors  Last Runtime    Last Run
---------------------------------------  -----  ---------  --------  ----------  --------------  -------------------
/opt/airflow/dags/batch_pipeline_dag.py                           1           0  0.23s           2026-04-24T17:36:57
================================================================================
[2026-04-24T17:37:56.309+0000] {manager.py:879} INFO - 
================================================================================
DAG File Processing Stats

File Path                                PID    Runtime      # DAGs    # Errors  Last Runtime    Last Run
---------------------------------------  -----  ---------  --------  ----------  --------------  -------------------
/opt/airflow/dags/batch_pipeline_dag.py                           1           0  0.41s           2026-04-24T17:37:28
================================================================================
[2026-04-24T17:38:26.768+0000] {manager.py:879} INFO - 
================================================================================
DAG File Processing Stats

File Path                                PID    Runtime      # DAGs    # Errors  Last Runtime    Last Run
---------------------------------------  -----  ---------  --------  ----------  --------------  -------------------
/opt/airflow/dags/batch_pipeline_dag.py                           1           0  0.32s           2026-04-24T17:37:58
================================================================================
[2026-04-24T17:38:57.206+0000] {manager.py:879} INFO - 
================================================================================
DAG File Processing Stats

File Path                                PID    Runtime      # DAGs    # Errors  Last Runtime    Last Run
---------------------------------------  -----  ---------  --------  ----------  --------------  -------------------
/opt/airflow/dags/batch_pipeline_dag.py                           1           0  0.24s           2026-04-24T17:38:29
================================================================================
[2026-04-24T17:39:27.616+0000] {manager.py:879} INFO - 
================================================================================
DAG File Processing Stats

File Path                                PID    Runtime      # DAGs    # Errors  Last Runtime    Last Run
---------------------------------------  -----  ---------  --------  ----------  --------------  -------------------
/opt/airflow/dags/batch_pipeline_dag.py                           1           0  0.45s           2026-04-24T17:38:59
================================================================================
[2026-04-24T17:39:57.663+0000] {manager.py:879} INFO - 
================================================================================
DAG File Processing Stats

File Path                                PID    Runtime      # DAGs    # Errors  Last Runtime    Last Run
---------------------------------------  -----  ---------  --------  ----------  --------------  -------------------
/opt/airflow/dags/batch_pipeline_dag.py                           1           0  0.40s           2026-04-24T17:39:30
================================================================================
[2026-04-24T17:40:28.098+0000] {manager.py:879} INFO - 
================================================================================
DAG File Processing Stats

File Path                                PID    Runtime      # DAGs    # Errors  Last Runtime    Last Run
---------------------------------------  -----  ---------  --------  ----------  --------------  -------------------
/opt/airflow/dags/batch_pipeline_dag.py                           1           0  0.16s           2026-04-24T17:40:00
================================================================================
[2026-04-24T17:40:58.602+0000] {manager.py:879} INFO - 
================================================================================
DAG File Processing Stats

File Path                                PID    Runtime      # DAGs    # Errors  Last Runtime    Last Run
---------------------------------------  -----  ---------  --------  ----------  --------------  -------------------
/opt/airflow/dags/batch_pipeline_dag.py                           1           0  0.18s           2026-04-24T17:40:31
================================================================================
[2026-04-24T17:41:19.823+0000] {manager.py:738} INFO - Searching for files in /opt/airflow/dags
[2026-04-24T17:41:19.827+0000] {manager.py:741} INFO - There are 1 files in /opt/airflow/dags
[2026-04-24T17:41:28.928+0000] {manager.py:879} INFO - 
================================================================================
DAG File Processing Stats

File Path                                PID    Runtime      # DAGs    # Errors  Last Runtime    Last Run
---------------------------------------  -----  ---------  --------  ----------  --------------  -------------------
/opt/airflow/dags/batch_pipeline_dag.py                           1           0  0.23s           2026-04-24T17:41:01
================================================================================
[2026-04-24T17:41:59.454+0000] {manager.py:879} INFO - 
================================================================================
DAG File Processing Stats

File Path                                PID    Runtime      # DAGs    # Errors  Last Runtime    Last Run
---------------------------------------  -----  ---------  --------  ----------  --------------  -------------------
/opt/airflow/dags/batch_pipeline_dag.py                           1           0  0.34s           2026-04-24T17:41:32
================================================================================
[2026-04-24T17:42:29.900+0000] {manager.py:879} INFO - 
================================================================================
DAG File Processing Stats

File Path                                PID    Runtime      # DAGs    # Errors  Last Runtime    Last Run
---------------------------------------  -----  ---------  --------  ----------  --------------  -------------------
/opt/airflow/dags/batch_pipeline_dag.py                           1           0  0.28s           2026-04-24T17:42:02
================================================================================
[2026-04-24T17:43:00.282+0000] {manager.py:879} INFO - 
================================================================================
DAG File Processing Stats

File Path                                PID    Runtime      # DAGs    # Errors  Last Runtime    Last Run
---------------------------------------  -----  ---------  --------  ----------  --------------  -------------------
/opt/airflow/dags/batch_pipeline_dag.py                           1           0  0.34s           2026-04-24T17:42:33
================================================================================
[2026-04-24T17:43:31.074+0000] {manager.py:879} INFO - 
================================================================================
DAG File Processing Stats

File Path                                PID    Runtime      # DAGs    # Errors  Last Runtime    Last Run
---------------------------------------  -----  ---------  --------  ----------  --------------  -------------------
/opt/airflow/dags/batch_pipeline_dag.py                           1           0  0.25s           2026-04-24T17:43:03
================================================================================
[2026-04-24T17:44:01.137+0000] {manager.py:879} INFO - 
================================================================================
DAG File Processing Stats

File Path                                PID    Runtime      # DAGs    # Errors  Last Runtime    Last Run
---------------------------------------  -----  ---------  --------  ----------  --------------  -------------------
/opt/airflow/dags/batch_pipeline_dag.py                           1           0  0.55s           2026-04-24T17:43:34
================================================================================
[2026-04-24T17:44:31.650+0000] {manager.py:879} INFO - 
================================================================================
DAG File Processing Stats

File Path                                PID    Runtime      # DAGs    # Errors  Last Runtime    Last Run
---------------------------------------  -----  ---------  --------  ----------  --------------  -------------------
/opt/airflow/dags/batch_pipeline_dag.py                           1           0  0.56s           2026-04-24T17:44:05
================================================================================
[2026-04-24T17:45:02.475+0000] {manager.py:879} INFO - 
================================================================================
DAG File Processing Stats

File Path                                PID    Runtime      # DAGs    # Errors  Last Runtime    Last Run
---------------------------------------  -----  ---------  --------  ----------  --------------  -------------------
/opt/airflow/dags/batch_pipeline_dag.py                           1           0  1.40s           2026-04-24T17:44:37
================================================================================
[2026-04-24T17:45:32.557+0000] {manager.py:879} INFO - 
================================================================================
DAG File Processing Stats

File Path                                PID    Runtime      # DAGs    # Errors  Last Runtime    Last Run
---------------------------------------  -----  ---------  --------  ----------  --------------  -------------------
/opt/airflow/dags/batch_pipeline_dag.py                           1           0  0.49s           2026-04-24T17:45:08
================================================================================
[2026-04-24T17:46:02.700+0000] {manager.py:879} INFO - 
================================================================================
DAG File Processing Stats

File Path                                PID    Runtime      # DAGs    # Errors  Last Runtime    Last Run
---------------------------------------  -----  ---------  --------  ----------  --------------  -------------------
/opt/airflow/dags/batch_pipeline_dag.py                           1           0  0.35s           2026-04-24T17:45:38
================================================================================
[2026-04-24T17:46:20.117+0000] {manager.py:738} INFO - Searching for files in /opt/airflow/dags
[2026-04-24T17:46:20.121+0000] {manager.py:741} INFO - There are 1 files in /opt/airflow/dags
[2026-04-24T17:46:33.360+0000] {manager.py:879} INFO - 
================================================================================
DAG File Processing Stats

File Path                                PID    Runtime      # DAGs    # Errors  Last Runtime    Last Run
---------------------------------------  -----  ---------  --------  ----------  --------------  -------------------
/opt/airflow/dags/batch_pipeline_dag.py                           1           0  1.10s           2026-04-24T17:46:09
================================================================================
[2026-04-24T17:47:04.016+0000] {manager.py:879} INFO - 
================================================================================
DAG File Processing Stats

File Path                                PID    Runtime      # DAGs    # Errors  Last Runtime    Last Run
---------------------------------------  -----  ---------  --------  ----------  --------------  -------------------
/opt/airflow/dags/batch_pipeline_dag.py                           1           0  0.44s           2026-04-24T17:46:40
================================================================================
[2026-04-24T17:47:34.254+0000] {manager.py:879} INFO - 
================================================================================
DAG File Processing Stats

File Path                                PID    Runtime      # DAGs    # Errors  Last Runtime    Last Run
---------------------------------------  -----  ---------  --------  ----------  --------------  -------------------
/opt/airflow/dags/batch_pipeline_dag.py                           1           0  0.68s           2026-04-24T17:47:11
================================================================================
[2026-04-24T17:48:04.692+0000] {manager.py:879} INFO - 
================================================================================
DAG File Processing Stats

File Path                                PID    Runtime      # DAGs    # Errors  Last Runtime    Last Run
---------------------------------------  -----  ---------  --------  ----------  --------------  -------------------
/opt/airflow/dags/batch_pipeline_dag.py                           1           0  0.49s           2026-04-24T17:47:42
================================================================================
[2026-04-24T17:48:34.774+0000] {manager.py:879} INFO - 
================================================================================
DAG File Processing Stats

File Path                                PID    Runtime      # DAGs    # Errors  Last Runtime    Last Run
---------------------------------------  -----  ---------  --------  ----------  --------------  -------------------
/opt/airflow/dags/batch_pipeline_dag.py                           1           0  0.47s           2026-04-24T17:48:13
================================================================================
[2026-04-24T17:49:05.111+0000] {manager.py:879} INFO - 
================================================================================
DAG File Processing Stats

File Path                                PID    Runtime      # DAGs    # Errors  Last Runtime    Last Run
---------------------------------------  -----  ---------  --------  ----------  --------------  -------------------
/opt/airflow/dags/batch_pipeline_dag.py                           1           0  1.23s           2026-04-24T17:48:44
================================================================================
[2026-04-24T17:49:35.217+0000] {manager.py:879} INFO - 
================================================================================
DAG File Processing Stats

File Path                                PID    Runtime      # DAGs    # Errors  Last Runtime    Last Run
---------------------------------------  -----  ---------  --------  ----------  --------------  -------------------
/opt/airflow/dags/batch_pipeline_dag.py                           1           0  0.63s           2026-04-24T17:49:15
================================================================================
[2026-04-24T17:50:05.907+0000] {manager.py:879} INFO - 
================================================================================
DAG File Processing Stats

File Path                                PID    Runtime      # DAGs    # Errors  Last Runtime    Last Run
---------------------------------------  -----  ---------  --------  ----------  --------------  -------------------
/opt/airflow/dags/batch_pipeline_dag.py                           1           0  0.48s           2026-04-24T17:49:46
================================================================================
[2026-04-24T17:50:36.346+0000] {manager.py:879} INFO - 
================================================================================
DAG File Processing Stats

File Path                                PID    Runtime      # DAGs    # Errors  Last Runtime    Last Run
---------------------------------------  -----  ---------  --------  ----------  --------------  -------------------
/opt/airflow/dags/batch_pipeline_dag.py                           1           0  0.46s           2026-04-24T17:50:17
================================================================================
[2026-04-24T17:51:06.869+0000] {manager.py:879} INFO - 
================================================================================
DAG File Processing Stats

File Path                                PID    Runtime      # DAGs    # Errors  Last Runtime    Last Run
---------------------------------------  -----  ---------  --------  ----------  --------------  -------------------
/opt/airflow/dags/batch_pipeline_dag.py                           1           0  0.54s           2026-04-24T17:50:48
================================================================================
[2026-04-24T17:51:20.316+0000] {manager.py:738} INFO - Searching for files in /opt/airflow/dags
[2026-04-24T17:51:20.321+0000] {manager.py:741} INFO - There are 1 files in /opt/airflow/dags
[2026-04-24T17:51:37.599+0000] {manager.py:879} INFO - 
================================================================================
DAG File Processing Stats

File Path                                PID    Runtime      # DAGs    # Errors  Last Runtime    Last Run
---------------------------------------  -----  ---------  --------  ----------  --------------  -------------------
/opt/airflow/dags/batch_pipeline_dag.py                           1           0  0.43s           2026-04-24T17:51:19
================================================================================
[2026-04-24T17:52:07.628+0000] {manager.py:879} INFO - 
================================================================================
DAG File Processing Stats

File Path                                PID    Runtime      # DAGs    # Errors  Last Runtime    Last Run
---------------------------------------  -----  ---------  --------  ----------  --------------  -------------------
/opt/airflow/dags/batch_pipeline_dag.py                           1           0  0.51s           2026-04-24T17:51:50
================================================================================
[2026-04-24T17:52:38.029+0000] {manager.py:879} INFO - 
================================================================================
DAG File Processing Stats

File Path                                PID    Runtime      # DAGs    # Errors  Last Runtime    Last Run
---------------------------------------  -----  ---------  --------  ----------  --------------  -------------------
/opt/airflow/dags/batch_pipeline_dag.py                           1           0  0.33s           2026-04-24T17:52:20
================================================================================
[2026-04-24T17:53:08.511+0000] {manager.py:879} INFO - 
================================================================================
DAG File Processing Stats

File Path                                PID    Runtime      # DAGs    # Errors  Last Runtime    Last Run
---------------------------------------  -----  ---------  --------  ----------  --------------  -------------------
/opt/airflow/dags/batch_pipeline_dag.py                           1           0  0.31s           2026-04-24T17:52:51
================================================================================
[2026-04-24T17:53:39.207+0000] {manager.py:879} INFO - 
================================================================================
DAG File Processing Stats

File Path                                PID    Runtime      # DAGs    # Errors  Last Runtime    Last Run
---------------------------------------  -----  ---------  --------  ----------  --------------  -------------------
/opt/airflow/dags/batch_pipeline_dag.py                           1           0  0.52s           2026-04-24T17:53:22
================================================================================
[2026-04-24T17:54:09.539+0000] {manager.py:879} INFO - 
================================================================================
DAG File Processing Stats

File Path                                PID    Runtime      # DAGs    # Errors  Last Runtime    Last Run
---------------------------------------  -----  ---------  --------  ----------  --------------  -------------------
/opt/airflow/dags/batch_pipeline_dag.py                           1           0  0.87s           2026-04-24T17:53:53
================================================================================
[2026-04-24T17:54:39.716+0000] {manager.py:879} INFO - 
================================================================================
DAG File Processing Stats

File Path                                PID    Runtime      # DAGs    # Errors  Last Runtime    Last Run
---------------------------------------  -----  ---------  --------  ----------  --------------  -------------------
/opt/airflow/dags/batch_pipeline_dag.py                           1           0  0.74s           2026-04-24T17:54:24
================================================================================
[2026-04-24T17:55:10.472+0000] {manager.py:879} INFO - 
================================================================================
DAG File Processing Stats

File Path                                PID    Runtime      # DAGs    # Errors  Last Runtime    Last Run
---------------------------------------  -----  ---------  --------  ----------  --------------  -------------------
/opt/airflow/dags/batch_pipeline_dag.py                           1           0  0.42s           2026-04-24T17:54:55
================================================================================
[2026-04-24T17:55:40.888+0000] {manager.py:879} INFO - 
================================================================================
DAG File Processing Stats

File Path                                PID    Runtime      # DAGs    # Errors  Last Runtime    Last Run
---------------------------------------  -----  ---------  --------  ----------  --------------  -------------------
/opt/airflow/dags/batch_pipeline_dag.py                           1           0  0.52s           2026-04-24T17:55:26
================================================================================
[2026-04-24T17:56:11.264+0000] {manager.py:879} INFO - 
================================================================================
DAG File Processing Stats

File Path                                PID    Runtime      # DAGs    # Errors  Last Runtime    Last Run
---------------------------------------  -----  ---------  --------  ----------  --------------  -------------------
/opt/airflow/dags/batch_pipeline_dag.py                           1           0  0.39s           2026-04-24T17:55:57
================================================================================
[2026-04-24T17:56:20.405+0000] {manager.py:738} INFO - Searching for files in /opt/airflow/dags
[2026-04-24T17:56:20.412+0000] {manager.py:741} INFO - There are 1 files in /opt/airflow/dags
[2026-04-24T17:56:41.532+0000] {manager.py:879} INFO - 
================================================================================
DAG File Processing Stats

File Path                                PID    Runtime      # DAGs    # Errors  Last Runtime    Last Run
---------------------------------------  -----  ---------  --------  ----------  --------------  -------------------
/opt/airflow/dags/batch_pipeline_dag.py                           1           0  0.80s           2026-04-24T17:56:28
================================================================================
[2026-04-24T17:57:12.391+0000] {manager.py:879} INFO - 
================================================================================
DAG File Processing Stats

File Path                                PID    Runtime      # DAGs    # Errors  Last Runtime    Last Run
---------------------------------------  -----  ---------  --------  ----------  --------------  -------------------
/opt/airflow/dags/batch_pipeline_dag.py                           1           0  0.51s           2026-04-24T17:56:59
================================================================================
[2026-04-24T17:57:42.791+0000] {manager.py:879} INFO - 
================================================================================
DAG File Processing Stats

File Path                                PID    Runtime      # DAGs    # Errors  Last Runtime    Last Run
---------------------------------------  -----  ---------  --------  ----------  --------------  -------------------
/opt/airflow/dags/batch_pipeline_dag.py                           1           0  0.34s           2026-04-24T17:57:29
================================================================================
[2026-04-24T17:58:13.461+0000] {manager.py:879} INFO - 
================================================================================
DAG File Processing Stats

File Path                                PID    Runtime      # DAGs    # Errors  Last Runtime    Last Run
---------------------------------------  -----  ---------  --------  ----------  --------------  -------------------
/opt/airflow/dags/batch_pipeline_dag.py                           1           0  0.39s           2026-04-24T17:58:00
================================================================================
[2026-04-24T17:58:43.886+0000] {manager.py:879} INFO - 
================================================================================
DAG File Processing Stats

File Path                                PID    Runtime      # DAGs    # Errors  Last Runtime    Last Run
---------------------------------------  -----  ---------  --------  ----------  --------------  -------------------
/opt/airflow/dags/batch_pipeline_dag.py                           1           0  0.43s           2026-04-24T17:58:31
================================================================================
[2026-04-24T17:59:14.245+0000] {manager.py:879} INFO - 
================================================================================
DAG File Processing Stats

File Path                                PID    Runtime      # DAGs    # Errors  Last Runtime    Last Run
---------------------------------------  -----  ---------  --------  ----------  --------------  -------------------
/opt/airflow/dags/batch_pipeline_dag.py                           1           0  0.72s           2026-04-24T17:59:02
================================================================================
[2026-04-24T17:59:44.350+0000] {manager.py:879} INFO - 
================================================================================
DAG File Processing Stats

File Path                                PID    Runtime      # DAGs    # Errors  Last Runtime    Last Run
---------------------------------------  -----  ---------  --------  ----------  --------------  -------------------
/opt/airflow/dags/batch_pipeline_dag.py                           1           0  0.64s           2026-04-24T17:59:33
================================================================================
[2026-04-24T18:00:14.740+0000] {manager.py:879} INFO - 
================================================================================
DAG File Processing Stats

File Path                                PID    Runtime      # DAGs    # Errors  Last Runtime    Last Run
---------------------------------------  -----  ---------  --------  ----------  --------------  -------------------
/opt/airflow/dags/batch_pipeline_dag.py                           1           0  0.35s           2026-04-24T18:00:03
================================================================================
[2026-04-24T18:00:45.079+0000] {manager.py:879} INFO - 
================================================================================
DAG File Processing Stats

File Path                                PID    Runtime      # DAGs    # Errors  Last Runtime    Last Run
---------------------------------------  -----  ---------  --------  ----------  --------------  -------------------
/opt/airflow/dags/batch_pipeline_dag.py                           1           0  0.34s           2026-04-24T18:00:34
================================================================================
[2026-04-24T18:01:15.699+0000] {manager.py:879} INFO - 
================================================================================
DAG File Processing Stats

File Path                                PID    Runtime      # DAGs    # Errors  Last Runtime    Last Run
---------------------------------------  -----  ---------  --------  ----------  --------------  -------------------
/opt/airflow/dags/batch_pipeline_dag.py                           1           0  0.21s           2026-04-24T18:01:04
================================================================================
[2026-04-24T18:01:20.736+0000] {manager.py:738} INFO - Searching for files in /opt/airflow/dags
[2026-04-24T18:01:20.740+0000] {manager.py:741} INFO - There are 1 files in /opt/airflow/dags
[2026-04-24T18:01:45.723+0000] {manager.py:879} INFO - 
================================================================================
DAG File Processing Stats

File Path                                PID    Runtime      # DAGs    # Errors  Last Runtime    Last Run
---------------------------------------  -----  ---------  --------  ----------  --------------  -------------------
/opt/airflow/dags/batch_pipeline_dag.py                           1           0  0.36s           2026-04-24T18:01:35
================================================================================
[2026-04-24T18:02:15.930+0000] {manager.py:879} INFO - 
================================================================================
DAG File Processing Stats

File Path                                PID    Runtime      # DAGs    # Errors  Last Runtime    Last Run
---------------------------------------  -----  ---------  --------  ----------  --------------  -------------------
/opt/airflow/dags/batch_pipeline_dag.py                           1           0  0.67s           2026-04-24T18:02:06
================================================================================
[2026-04-24T18:02:40.117+0000] {manager.py:451} INFO - Exiting gracefully upon receiving signal 15
[2026-04-25T09:40:44.349+0000] {manager.py:469} INFO - Processing files using up to 2 processes at a time 
[2026-04-25T09:40:44.350+0000] {manager.py:470} INFO - Process each file at most once every 30 seconds
[2026-04-25T09:40:44.351+0000] {manager.py:471} INFO - Checking for new files in /opt/airflow/dags every 300 seconds
[2026-04-25T09:40:44.352+0000] {manager.py:738} INFO - Searching for files in /opt/airflow/dags
[2026-04-25T09:40:44.356+0000] {manager.py:741} INFO - There are 1 files in /opt/airflow/dags
[2026-04-25T09:40:44.494+0000] {manager.py:879} INFO - 
================================================================================
DAG File Processing Stats

File Path                                  PID  Runtime      # DAGs    # Errors  Last Runtime    Last Run
---------------------------------------  -----  ---------  --------  ----------  --------------  ----------
/opt/airflow/dags/batch_pipeline_dag.py     37  0.07s             0           0
================================================================================
[2026-04-25T09:41:14.739+0000] {manager.py:879} INFO - 
================================================================================
DAG File Processing Stats

File Path                                  PID  Runtime      # DAGs    # Errors  Last Runtime    Last Run
---------------------------------------  -----  ---------  --------  ----------  --------------  -------------------
/opt/airflow/dags/batch_pipeline_dag.py     38  0.01s             1           0  0.25s           2026-04-25T09:40:44
================================================================================
[2026-04-25T09:41:45.131+0000] {manager.py:879} INFO - 
================================================================================
DAG File Processing Stats

File Path                                  PID  Runtime      # DAGs    # Errors  Last Runtime    Last Run
---------------------------------------  -----  ---------  --------  ----------  --------------  -------------------
/opt/airflow/dags/batch_pipeline_dag.py     39  0.01s             1           0  0.35s           2026-04-25T09:41:15
================================================================================
[2026-04-25T09:42:15.463+0000] {manager.py:879} INFO - 
================================================================================
DAG File Processing Stats

File Path                                  PID  Runtime      # DAGs    # Errors  Last Runtime    Last Run
---------------------------------------  -----  ---------  --------  ----------  --------------  -------------------
/opt/airflow/dags/batch_pipeline_dag.py     40  0.01s             1           0  0.15s           2026-04-25T09:41:45
================================================================================
[2026-04-25T09:42:19.232+0000] {manager.py:451} INFO - Exiting gracefully upon receiving signal 15
[2026-04-25T09:43:12.396+0000] {manager.py:469} INFO - Processing files using up to 2 processes at a time 
[2026-04-25T09:43:12.398+0000] {manager.py:470} INFO - Process each file at most once every 30 seconds
[2026-04-25T09:43:12.399+0000] {manager.py:471} INFO - Checking for new files in /opt/airflow/dags every 300 seconds
[2026-04-25T09:43:12.399+0000] {manager.py:738} INFO - Searching for files in /opt/airflow/dags
[2026-04-25T09:43:12.415+0000] {manager.py:741} INFO - There are 1 files in /opt/airflow/dags
[2026-04-25T09:43:12.666+0000] {manager.py:879} INFO - 
================================================================================
DAG File Processing Stats

File Path                                  PID  Runtime      # DAGs    # Errors  Last Runtime    Last Run
---------------------------------------  -----  ---------  --------  ----------  --------------  ----------
/opt/airflow/dags/batch_pipeline_dag.py     29  0.15s             0           0
================================================================================
[2026-04-25T09:43:42.842+0000] {manager.py:879} INFO - 
================================================================================
DAG File Processing Stats

File Path                                PID    Runtime      # DAGs    # Errors  Last Runtime    Last Run
---------------------------------------  -----  ---------  --------  ----------  --------------  -------------------
/opt/airflow/dags/batch_pipeline_dag.py                           1           0  1.15s           2026-04-25T09:43:13
================================================================================
[2026-04-25T09:44:13.366+0000] {manager.py:879} INFO - 
================================================================================
DAG File Processing Stats

File Path                                PID    Runtime      # DAGs    # Errors  Last Runtime    Last Run
---------------------------------------  -----  ---------  --------  ----------  --------------  -------------------
/opt/airflow/dags/batch_pipeline_dag.py                           1           0  0.32s           2026-04-25T09:43:44
================================================================================
[2026-04-25T09:44:43.635+0000] {manager.py:879} INFO - 
================================================================================
DAG File Processing Stats

File Path                                PID    Runtime      # DAGs    # Errors  Last Runtime    Last Run
---------------------------------------  -----  ---------  --------  ----------  --------------  -------------------
/opt/airflow/dags/batch_pipeline_dag.py                           1           0  0.25s           2026-04-25T09:44:14
================================================================================
[2026-04-25T09:45:13.855+0000] {manager.py:879} INFO - 
================================================================================
DAG File Processing Stats

File Path                                PID    Runtime      # DAGs    # Errors  Last Runtime    Last Run
---------------------------------------  -----  ---------  --------  ----------  --------------  -------------------
/opt/airflow/dags/batch_pipeline_dag.py                           1           0  0.18s           2026-04-25T09:44:44
================================================================================
[2026-04-25T09:45:44.221+0000] {manager.py:879} INFO - 
================================================================================
DAG File Processing Stats

File Path                                PID    Runtime      # DAGs    # Errors  Last Runtime    Last Run
---------------------------------------  -----  ---------  --------  ----------  --------------  -------------------
/opt/airflow/dags/batch_pipeline_dag.py                           1           0  0.26s           2026-04-25T09:45:15
================================================================================
[2026-04-25T09:46:14.557+0000] {manager.py:879} INFO - 
================================================================================
DAG File Processing Stats

File Path                                PID    Runtime      # DAGs    # Errors  Last Runtime    Last Run
---------------------------------------  -----  ---------  --------  ----------  --------------  -------------------
/opt/airflow/dags/batch_pipeline_dag.py                           1           0  0.23s           2026-04-25T09:45:45
================================================================================
[2026-04-25T09:46:44.884+0000] {manager.py:879} INFO - 
================================================================================
DAG File Processing Stats

File Path                                PID    Runtime      # DAGs    # Errors  Last Runtime    Last Run
---------------------------------------  -----  ---------  --------  ----------  --------------  -------------------
/opt/airflow/dags/batch_pipeline_dag.py                           1           0  0.15s           2026-04-25T09:46:15
================================================================================
[2026-04-25T09:47:15.117+0000] {manager.py:879} INFO - 
================================================================================
DAG File Processing Stats

File Path                                PID    Runtime      # DAGs    # Errors  Last Runtime    Last Run
---------------------------------------  -----  ---------  --------  ----------  --------------  -------------------
/opt/airflow/dags/batch_pipeline_dag.py                           1           0  0.17s           2026-04-25T09:46:46
================================================================================
[2026-04-25T09:47:39.384+0000] {manager.py:469} INFO - Processing files using up to 2 processes at a time 
[2026-04-25T09:47:39.386+0000] {manager.py:470} INFO - Process each file at most once every 30 seconds
[2026-04-25T09:47:39.387+0000] {manager.py:471} INFO - Checking for new files in /opt/airflow/dags every 300 seconds
[2026-04-25T09:47:39.389+0000] {manager.py:738} INFO - Searching for files in /opt/airflow/dags
[2026-04-25T09:47:39.397+0000] {manager.py:741} INFO - There are 1 files in /opt/airflow/dags
[2026-04-25T09:47:39.574+0000] {manager.py:879} INFO - 
================================================================================
DAG File Processing Stats

File Path                                  PID  Runtime      # DAGs    # Errors  Last Runtime    Last Run
---------------------------------------  -----  ---------  --------  ----------  --------------  ----------
/opt/airflow/dags/batch_pipeline_dag.py     39  0.03s             0           0
================================================================================
[2026-04-25T09:48:09.855+0000] {manager.py:879} INFO - 
================================================================================
DAG File Processing Stats

File Path                                  PID  Runtime      # DAGs    # Errors  Last Runtime    Last Run
---------------------------------------  -----  ---------  --------  ----------  --------------  -------------------
/opt/airflow/dags/batch_pipeline_dag.py     40  0.02s             1           0  0.20s           2026-04-25T09:47:39
================================================================================
[2026-04-25T09:48:40.327+0000] {manager.py:879} INFO - 
================================================================================
DAG File Processing Stats

File Path                                  PID  Runtime      # DAGs    # Errors  Last Runtime    Last Run
---------------------------------------  -----  ---------  --------  ----------  --------------  -------------------
/opt/airflow/dags/batch_pipeline_dag.py     41  0.01s             1           0  0.23s           2026-04-25T09:48:10
================================================================================
[2026-04-25T09:49:10.599+0000] {manager.py:879} INFO - 
================================================================================
DAG File Processing Stats

File Path                                  PID  Runtime      # DAGs    # Errors  Last Runtime    Last Run
---------------------------------------  -----  ---------  --------  ----------  --------------  -------------------
/opt/airflow/dags/batch_pipeline_dag.py     42  0.01s             1           0  0.18s           2026-04-25T09:48:40
================================================================================
[2026-04-25T09:49:40.914+0000] {manager.py:879} INFO - 
================================================================================
DAG File Processing Stats

File Path                                  PID  Runtime      # DAGs    # Errors  Last Runtime    Last Run
---------------------------------------  -----  ---------  --------  ----------  --------------  -------------------
/opt/airflow/dags/batch_pipeline_dag.py     43  0.01s             1           0  0.14s           2026-04-25T09:49:10
================================================================================
[2026-04-25T09:50:11.132+0000] {manager.py:879} INFO - 
================================================================================
DAG File Processing Stats

File Path                                PID    Runtime      # DAGs    # Errors  Last Runtime    Last Run
---------------------------------------  -----  ---------  --------  ----------  --------------  -------------------
/opt/airflow/dags/batch_pipeline_dag.py                           1           0  0.42s           2026-04-25T09:49:41
================================================================================
[2026-04-25T09:50:41.744+0000] {manager.py:879} INFO - 
================================================================================
DAG File Processing Stats

File Path                                  PID  Runtime      # DAGs    # Errors  Last Runtime    Last Run
---------------------------------------  -----  ---------  --------  ----------  --------------  -------------------
/opt/airflow/dags/batch_pipeline_dag.py     45  0.01s             1           0  0.14s           2026-04-25T09:50:11
================================================================================
[2026-04-25T09:51:12.011+0000] {manager.py:879} INFO - 
================================================================================
DAG File Processing Stats

File Path                                  PID  Runtime      # DAGs    # Errors  Last Runtime    Last Run
---------------------------------------  -----  ---------  --------  ----------  --------------  -------------------
/opt/airflow/dags/batch_pipeline_dag.py     46  0.03s             1           0  0.11s           2026-04-25T09:50:41
================================================================================
[2026-04-25T09:51:42.259+0000] {manager.py:879} INFO - 
================================================================================
DAG File Processing Stats

File Path                                  PID  Runtime      # DAGs    # Errors  Last Runtime    Last Run
---------------------------------------  -----  ---------  --------  ----------  --------------  -------------------
/opt/airflow/dags/batch_pipeline_dag.py     47  0.01s             1           0  0.16s           2026-04-25T09:51:12
================================================================================
[2026-04-25T09:52:12.625+0000] {manager.py:879} INFO - 
================================================================================
DAG File Processing Stats

File Path                                PID    Runtime      # DAGs    # Errors  Last Runtime    Last Run
---------------------------------------  -----  ---------  --------  ----------  --------------  -------------------
/opt/airflow/dags/batch_pipeline_dag.py                           1           0  0.40s           2026-04-25T09:51:42
================================================================================
[2026-04-25T09:52:40.102+0000] {manager.py:738} INFO - Searching for files in /opt/airflow/dags
[2026-04-25T09:52:40.106+0000] {manager.py:741} INFO - There are 1 files in /opt/airflow/dags
[2026-04-25T09:52:43.162+0000] {manager.py:879} INFO - 
================================================================================
DAG File Processing Stats

File Path                                  PID  Runtime      # DAGs    # Errors  Last Runtime    Last Run
---------------------------------------  -----  ---------  --------  ----------  --------------  -------------------
/opt/airflow/dags/batch_pipeline_dag.py     49  0.01s             1           0  0.23s           2026-04-25T09:52:13
================================================================================
[2026-04-25T09:53:13.572+0000] {manager.py:879} INFO - 
================================================================================
DAG File Processing Stats

File Path                                PID    Runtime      # DAGs    # Errors  Last Runtime    Last Run
---------------------------------------  -----  ---------  --------  ----------  --------------  -------------------
/opt/airflow/dags/batch_pipeline_dag.py                           1           0  0.66s           2026-04-25T09:52:43
================================================================================
[2026-04-25T09:53:44.261+0000] {manager.py:879} INFO - 
================================================================================
DAG File Processing Stats

File Path                                  PID  Runtime      # DAGs    # Errors  Last Runtime    Last Run
---------------------------------------  -----  ---------  --------  ----------  --------------  -------------------
/opt/airflow/dags/batch_pipeline_dag.py     51  0.01s             1           0  0.12s           2026-04-25T09:53:14
================================================================================
[2026-04-25T09:54:14.545+0000] {manager.py:879} INFO - 
================================================================================
DAG File Processing Stats

File Path                                PID    Runtime      # DAGs    # Errors  Last Runtime    Last Run
---------------------------------------  -----  ---------  --------  ----------  --------------  -------------------
/opt/airflow/dags/batch_pipeline_dag.py                           1           0  0.53s           2026-04-25T09:53:44
================================================================================
[2026-04-25T09:54:45.214+0000] {manager.py:879} INFO - 
================================================================================
DAG File Processing Stats

File Path                                  PID  Runtime      # DAGs    # Errors  Last Runtime    Last Run
---------------------------------------  -----  ---------  --------  ----------  --------------  -------------------
/opt/airflow/dags/batch_pipeline_dag.py     53  0.01s             1           0  0.14s           2026-04-25T09:54:15
================================================================================
[2026-04-25T09:55:15.542+0000] {manager.py:879} INFO - 
================================================================================
DAG File Processing Stats

File Path                                  PID  Runtime      # DAGs    # Errors  Last Runtime    Last Run
---------------------------------------  -----  ---------  --------  ----------  --------------  -------------------
/opt/airflow/dags/batch_pipeline_dag.py     54  0.01s             1           0  0.15s           2026-04-25T09:54:45
================================================================================
[2026-04-25T09:55:45.793+0000] {manager.py:879} INFO - 
================================================================================
DAG File Processing Stats

File Path                                  PID  Runtime      # DAGs    # Errors  Last Runtime    Last Run
---------------------------------------  -----  ---------  --------  ----------  --------------  -------------------
/opt/airflow/dags/batch_pipeline_dag.py     55  0.01s             1           0  0.14s           2026-04-25T09:55:15
================================================================================
[2026-04-25T09:56:16.110+0000] {manager.py:879} INFO - 
================================================================================
DAG File Processing Stats

File Path                                  PID  Runtime      # DAGs    # Errors  Last Runtime    Last Run
---------------------------------------  -----  ---------  --------  ----------  --------------  -------------------
/opt/airflow/dags/batch_pipeline_dag.py     56  0.01s             1           0  0.19s           2026-04-25T09:55:45
================================================================================
[2026-04-25T09:56:46.425+0000] {manager.py:879} INFO - 
================================================================================
DAG File Processing Stats

File Path                                PID    Runtime      # DAGs    # Errors  Last Runtime    Last Run
---------------------------------------  -----  ---------  --------  ----------  --------------  -------------------
/opt/airflow/dags/batch_pipeline_dag.py                           1           0  0.38s           2026-04-25T09:56:16
================================================================================
[2026-04-25T09:57:16.957+0000] {manager.py:879} INFO - 
================================================================================
DAG File Processing Stats

File Path                                  PID  Runtime      # DAGs    # Errors  Last Runtime    Last Run
---------------------------------------  -----  ---------  --------  ----------  --------------  -------------------
/opt/airflow/dags/batch_pipeline_dag.py     58  0.01s             1           0  0.18s           2026-04-25T09:56:46
================================================================================
[2026-04-25T09:57:40.204+0000] {manager.py:738} INFO - Searching for files in /opt/airflow/dags
[2026-04-25T09:57:40.206+0000] {manager.py:741} INFO - There are 1 files in /opt/airflow/dags
[2026-04-25T09:57:47.329+0000] {manager.py:879} INFO - 
================================================================================
DAG File Processing Stats

File Path                                  PID  Runtime      # DAGs    # Errors  Last Runtime    Last Run
---------------------------------------  -----  ---------  --------  ----------  --------------  -------------------
/opt/airflow/dags/batch_pipeline_dag.py     59  0.02s             1           0  0.16s           2026-04-25T09:57:17
================================================================================
[2026-04-25T09:58:17.632+0000] {manager.py:879} INFO - 
================================================================================
DAG File Processing Stats

File Path                                PID    Runtime      # DAGs    # Errors  Last Runtime    Last Run
---------------------------------------  -----  ---------  --------  ----------  --------------  -------------------
/opt/airflow/dags/batch_pipeline_dag.py                           1           0  0.35s           2026-04-25T09:57:47
================================================================================
[2026-04-25T09:58:48.101+0000] {manager.py:879} INFO - 
================================================================================
DAG File Processing Stats

File Path                                  PID  Runtime      # DAGs    # Errors  Last Runtime    Last Run
---------------------------------------  -----  ---------  --------  ----------  --------------  -------------------
/opt/airflow/dags/batch_pipeline_dag.py     61  0.01s             1           0  0.15s           2026-04-25T09:58:18
================================================================================
[2026-04-25T09:59:18.428+0000] {manager.py:879} INFO - 
================================================================================
DAG File Processing Stats

File Path                                  PID  Runtime      # DAGs    # Errors  Last Runtime    Last Run
---------------------------------------  -----  ---------  --------  ----------  --------------  -------------------
/opt/airflow/dags/batch_pipeline_dag.py     62  0.01s             1           0  0.17s           2026-04-25T09:58:48
================================================================================
[2026-04-25T09:59:48.682+0000] {manager.py:879} INFO - 
================================================================================
DAG File Processing Stats

File Path                                PID    Runtime      # DAGs    # Errors  Last Runtime    Last Run
---------------------------------------  -----  ---------  --------  ----------  --------------  -------------------
/opt/airflow/dags/batch_pipeline_dag.py                           1           0  0.34s           2026-04-25T09:59:18
================================================================================
[2026-04-25T10:00:19.205+0000] {manager.py:879} INFO - 
================================================================================
DAG File Processing Stats

File Path                                  PID  Runtime      # DAGs    # Errors  Last Runtime    Last Run
---------------------------------------  -----  ---------  --------  ----------  --------------  -------------------
/opt/airflow/dags/batch_pipeline_dag.py     64  0.01s             1           0  0.20s           2026-04-25T09:59:49
================================================================================
[2026-04-25T10:00:49.421+0000] {manager.py:879} INFO - 
================================================================================
DAG File Processing Stats

File Path                                  PID  Runtime      # DAGs    # Errors  Last Runtime    Last Run
---------------------------------------  -----  ---------  --------  ----------  --------------  -------------------
/opt/airflow/dags/batch_pipeline_dag.py     65  0.01s             1           0  0.16s           2026-04-25T10:00:19
================================================================================
[2026-04-25T10:01:19.755+0000] {manager.py:879} INFO - 
================================================================================
DAG File Processing Stats

File Path                                  PID  Runtime      # DAGs    # Errors  Last Runtime    Last Run
---------------------------------------  -----  ---------  --------  ----------  --------------  -------------------
/opt/airflow/dags/batch_pipeline_dag.py     66  0.01s             1           0  0.17s           2026-04-25T10:00:49
================================================================================
[2026-04-25T10:01:49.993+0000] {manager.py:879} INFO - 
================================================================================
DAG File Processing Stats

File Path                                  PID  Runtime      # DAGs    # Errors  Last Runtime    Last Run
---------------------------------------  -----  ---------  --------  ----------  --------------  -------------------
/opt/airflow/dags/batch_pipeline_dag.py     67  0.01s             1           0  0.21s           2026-04-25T10:01:19
================================================================================
[2026-04-25T10:02:20.355+0000] {manager.py:879} INFO - 
================================================================================
DAG File Processing Stats

File Path                                  PID  Runtime      # DAGs    # Errors  Last Runtime    Last Run
---------------------------------------  -----  ---------  --------  ----------  --------------  -------------------
/opt/airflow/dags/batch_pipeline_dag.py     68  0.01s             1           0  0.16s           2026-04-25T10:01:50
================================================================================
[2026-04-25T10:02:40.511+0000] {manager.py:738} INFO - Searching for files in /opt/airflow/dags
[2026-04-25T10:02:40.516+0000] {manager.py:741} INFO - There are 1 files in /opt/airflow/dags
[2026-04-25T10:02:50.624+0000] {manager.py:879} INFO - 
================================================================================
DAG File Processing Stats

File Path                                PID    Runtime      # DAGs    # Errors  Last Runtime    Last Run
---------------------------------------  -----  ---------  --------  ----------  --------------  -------------------
/opt/airflow/dags/batch_pipeline_dag.py                           1           0  0.34s           2026-04-25T10:02:20
================================================================================
[2026-04-25T10:03:21.094+0000] {manager.py:879} INFO - 
================================================================================
DAG File Processing Stats

File Path                                  PID  Runtime      # DAGs    # Errors  Last Runtime    Last Run
---------------------------------------  -----  ---------  --------  ----------  --------------  -------------------
/opt/airflow/dags/batch_pipeline_dag.py     70  0.01s             1           0  0.14s           2026-04-25T10:02:51
================================================================================
[2026-04-25T10:03:51.406+0000] {manager.py:879} INFO - 
================================================================================
DAG File Processing Stats

File Path                                  PID  Runtime      # DAGs    # Errors  Last Runtime    Last Run
---------------------------------------  -----  ---------  --------  ----------  --------------  -------------------
/opt/airflow/dags/batch_pipeline_dag.py     71  0.01s             1           0  0.15s           2026-04-25T10:03:21
================================================================================
[2026-04-25T10:04:21.662+0000] {manager.py:879} INFO - 
================================================================================
DAG File Processing Stats

File Path                                  PID  Runtime      # DAGs    # Errors  Last Runtime    Last Run
---------------------------------------  -----  ---------  --------  ----------  --------------  -------------------
/opt/airflow/dags/batch_pipeline_dag.py     72  0.01s             1           0  0.15s           2026-04-25T10:03:51
================================================================================
[2026-04-25T10:04:51.978+0000] {manager.py:879} INFO - 
================================================================================
DAG File Processing Stats

File Path                                  PID  Runtime      # DAGs    # Errors  Last Runtime    Last Run
---------------------------------------  -----  ---------  --------  ----------  --------------  -------------------
/opt/airflow/dags/batch_pipeline_dag.py     73  0.01s             1           0  0.14s           2026-04-25T10:04:21
================================================================================
[2026-04-25T10:05:22.226+0000] {manager.py:879} INFO - 
================================================================================
DAG File Processing Stats

File Path                                  PID  Runtime      # DAGs    # Errors  Last Runtime    Last Run
---------------------------------------  -----  ---------  --------  ----------  --------------  -------------------
/opt/airflow/dags/batch_pipeline_dag.py     74  0.01s             1           0  0.16s           2026-04-25T10:04:52
================================================================================
[2026-04-25T10:05:52.530+0000] {manager.py:879} INFO - 
================================================================================
DAG File Processing Stats

File Path                                PID    Runtime      # DAGs    # Errors  Last Runtime    Last Run
---------------------------------------  -----  ---------  --------  ----------  --------------  -------------------
/opt/airflow/dags/batch_pipeline_dag.py                           1           0  0.33s           2026-04-25T10:05:22
================================================================================
[2026-04-25T10:06:22.975+0000] {manager.py:879} INFO - 
================================================================================
DAG File Processing Stats

File Path                                  PID  Runtime      # DAGs    # Errors  Last Runtime    Last Run
---------------------------------------  -----  ---------  --------  ----------  --------------  -------------------
/opt/airflow/dags/batch_pipeline_dag.py     76  0.01s             1           0  0.17s           2026-04-25T10:05:52
================================================================================
[2026-04-25T10:06:53.283+0000] {manager.py:879} INFO - 
================================================================================
DAG File Processing Stats

File Path                                  PID  Runtime      # DAGs    # Errors  Last Runtime    Last Run
---------------------------------------  -----  ---------  --------  ----------  --------------  -------------------
/opt/airflow/dags/batch_pipeline_dag.py     77  0.01s             1           0  0.15s           2026-04-25T10:06:23
================================================================================
[2026-04-25T10:07:23.566+0000] {manager.py:879} INFO - 
================================================================================
DAG File Processing Stats

File Path                                  PID  Runtime      # DAGs    # Errors  Last Runtime    Last Run
---------------------------------------  -----  ---------  --------  ----------  --------------  -------------------
/opt/airflow/dags/batch_pipeline_dag.py     78  0.01s             1           0  0.19s           2026-04-25T10:06:53
================================================================================
[2026-04-25T10:07:40.755+0000] {manager.py:738} INFO - Searching for files in /opt/airflow/dags
[2026-04-25T10:07:40.762+0000] {manager.py:741} INFO - There are 1 files in /opt/airflow/dags
[2026-04-25T10:07:53.890+0000] {manager.py:879} INFO - 
================================================================================
DAG File Processing Stats

File Path                                  PID  Runtime      # DAGs    # Errors  Last Runtime    Last Run
---------------------------------------  -----  ---------  --------  ----------  --------------  -------------------
/opt/airflow/dags/batch_pipeline_dag.py     79  0.01s             1           0  0.15s           2026-04-25T10:07:23
================================================================================
[2026-04-25T10:08:24.109+0000] {manager.py:879} INFO - 
================================================================================
DAG File Processing Stats

File Path                                PID    Runtime      # DAGs    # Errors  Last Runtime    Last Run
---------------------------------------  -----  ---------  --------  ----------  --------------  -------------------
/opt/airflow/dags/batch_pipeline_dag.py                           1           0  0.81s           2026-04-25T10:07:54
================================================================================
[2026-04-25T10:08:54.331+0000] {manager.py:879} INFO - 
================================================================================
DAG File Processing Stats

File Path                                PID    Runtime      # DAGs    # Errors  Last Runtime    Last Run
---------------------------------------  -----  ---------  --------  ----------  --------------  -------------------
/opt/airflow/dags/batch_pipeline_dag.py                           1           0  0.58s           2026-04-25T10:08:25
================================================================================
[2026-04-25T10:09:24.871+0000] {manager.py:879} INFO - 
================================================================================
DAG File Processing Stats

File Path                                PID    Runtime      # DAGs    # Errors  Last Runtime    Last Run
---------------------------------------  -----  ---------  --------  ----------  --------------  -------------------
/opt/airflow/dags/batch_pipeline_dag.py                           1           0  0.17s           2026-04-25T10:08:55
================================================================================
[2026-04-25T10:09:55.081+0000] {manager.py:879} INFO - 
================================================================================
DAG File Processing Stats

File Path                                PID    Runtime      # DAGs    # Errors  Last Runtime    Last Run
---------------------------------------  -----  ---------  --------  ----------  --------------  -------------------
/opt/airflow/dags/batch_pipeline_dag.py                           1           0  0.13s           2026-04-25T10:09:26
================================================================================
[2026-04-25T10:10:25.393+0000] {manager.py:879} INFO - 
================================================================================
DAG File Processing Stats

File Path                                PID    Runtime      # DAGs    # Errors  Last Runtime    Last Run
---------------------------------------  -----  ---------  --------  ----------  --------------  -------------------
/opt/airflow/dags/batch_pipeline_dag.py                           1           0  0.15s           2026-04-25T10:09:56
================================================================================
[2026-04-25T10:10:55.620+0000] {manager.py:879} INFO - 
================================================================================
DAG File Processing Stats

File Path                                PID    Runtime      # DAGs    # Errors  Last Runtime    Last Run
---------------------------------------  -----  ---------  --------  ----------  --------------  -------------------
/opt/airflow/dags/batch_pipeline_dag.py                           1           0  0.17s           2026-04-25T10:10:26
================================================================================
[2026-04-25T10:11:25.969+0000] {manager.py:879} INFO - 
================================================================================
DAG File Processing Stats

File Path                                PID    Runtime      # DAGs    # Errors  Last Runtime    Last Run
---------------------------------------  -----  ---------  --------  ----------  --------------  -------------------
/opt/airflow/dags/batch_pipeline_dag.py                           1           0  0.52s           2026-04-25T10:10:57
================================================================================
[2026-04-25T10:11:56.552+0000] {manager.py:879} INFO - 
================================================================================
DAG File Processing Stats

File Path                                PID    Runtime      # DAGs    # Errors  Last Runtime    Last Run
---------------------------------------  -----  ---------  --------  ----------  --------------  -------------------
/opt/airflow/dags/batch_pipeline_dag.py                           1           0  0.35s           2026-04-25T10:11:27
================================================================================
[2026-04-25T10:12:27.093+0000] {manager.py:879} INFO - 
================================================================================
DAG File Processing Stats

File Path                                PID    Runtime      # DAGs    # Errors  Last Runtime    Last Run
---------------------------------------  -----  ---------  --------  ----------  --------------  -------------------
/opt/airflow/dags/batch_pipeline_dag.py                           1           0  0.15s           2026-04-25T10:11:58
================================================================================
[2026-04-25T10:12:41.190+0000] {manager.py:738} INFO - Searching for files in /opt/airflow/dags
[2026-04-25T10:12:41.195+0000] {manager.py:741} INFO - There are 1 files in /opt/airflow/dags
[2026-04-25T10:12:57.316+0000] {manager.py:879} INFO - 
================================================================================
DAG File Processing Stats

File Path                                PID    Runtime      # DAGs    # Errors  Last Runtime    Last Run
---------------------------------------  -----  ---------  --------  ----------  --------------  -------------------
/opt/airflow/dags/batch_pipeline_dag.py                           1           0  0.13s           2026-04-25T10:12:28
================================================================================
[2026-04-25T10:13:27.609+0000] {manager.py:879} INFO - 
================================================================================
DAG File Processing Stats

File Path                                PID    Runtime      # DAGs    # Errors  Last Runtime    Last Run
---------------------------------------  -----  ---------  --------  ----------  --------------  -------------------
/opt/airflow/dags/batch_pipeline_dag.py                           1           0  0.14s           2026-04-25T10:12:58
================================================================================
[2026-04-25T10:13:57.846+0000] {manager.py:879} INFO - 
================================================================================
DAG File Processing Stats

File Path                                PID    Runtime      # DAGs    # Errors  Last Runtime    Last Run
---------------------------------------  -----  ---------  --------  ----------  --------------  -------------------
/opt/airflow/dags/batch_pipeline_dag.py                           1           0  0.13s           2026-04-25T10:13:28
================================================================================
[2026-04-25T10:14:28.124+0000] {manager.py:879} INFO - 
================================================================================
DAG File Processing Stats

File Path                                PID    Runtime      # DAGs    # Errors  Last Runtime    Last Run
---------------------------------------  -----  ---------  --------  ----------  --------------  -------------------
/opt/airflow/dags/batch_pipeline_dag.py                           1           0  0.30s           2026-04-25T10:13:59
================================================================================
[2026-04-25T10:14:58.564+0000] {manager.py:879} INFO - 
================================================================================
DAG File Processing Stats

File Path                                PID    Runtime      # DAGs    # Errors  Last Runtime    Last Run
---------------------------------------  -----  ---------  --------  ----------  --------------  -------------------
/opt/airflow/dags/batch_pipeline_dag.py                           1           0  0.14s           2026-04-25T10:14:29
================================================================================
[2026-04-25T10:15:28.884+0000] {manager.py:879} INFO - 
================================================================================
DAG File Processing Stats

File Path                                PID    Runtime      # DAGs    # Errors  Last Runtime    Last Run
---------------------------------------  -----  ---------  --------  ----------  --------------  -------------------
/opt/airflow/dags/batch_pipeline_dag.py                           1           0  0.13s           2026-04-25T10:14:59
================================================================================
[2026-04-25T10:15:59.107+0000] {manager.py:879} INFO - 
================================================================================
DAG File Processing Stats

File Path                                PID    Runtime      # DAGs    # Errors  Last Runtime    Last Run
---------------------------------------  -----  ---------  --------  ----------  --------------  -------------------
/opt/airflow/dags/batch_pipeline_dag.py                           1           0  0.14s           2026-04-25T10:15:30
================================================================================
[2026-04-25T10:16:29.424+0000] {manager.py:879} INFO - 
================================================================================
DAG File Processing Stats

File Path                                PID    Runtime      # DAGs    # Errors  Last Runtime    Last Run
---------------------------------------  -----  ---------  --------  ----------  --------------  -------------------
/opt/airflow/dags/batch_pipeline_dag.py                           1           0  0.19s           2026-04-25T10:16:00
================================================================================
[2026-04-25T10:16:59.679+0000] {manager.py:879} INFO - 
================================================================================
DAG File Processing Stats

File Path                                PID    Runtime      # DAGs    # Errors  Last Runtime    Last Run
---------------------------------------  -----  ---------  --------  ----------  --------------  -------------------
/opt/airflow/dags/batch_pipeline_dag.py                           1           0  0.14s           2026-04-25T10:16:30
================================================================================
[2026-04-25T10:17:29.971+0000] {manager.py:879} INFO - 
================================================================================
DAG File Processing Stats

File Path                                PID    Runtime      # DAGs    # Errors  Last Runtime    Last Run
---------------------------------------  -----  ---------  --------  ----------  --------------  -------------------
/opt/airflow/dags/batch_pipeline_dag.py                           1           0  0.38s           2026-04-25T10:17:01
================================================================================
[2026-04-25T10:17:41.369+0000] {manager.py:738} INFO - Searching for files in /opt/airflow/dags
[2026-04-25T10:17:41.374+0000] {manager.py:741} INFO - There are 1 files in /opt/airflow/dags
[2026-04-25T10:18:00.526+0000] {manager.py:879} INFO - 
================================================================================
DAG File Processing Stats

File Path                                PID    Runtime      # DAGs    # Errors  Last Runtime    Last Run
---------------------------------------  -----  ---------  --------  ----------  --------------  -------------------
/opt/airflow/dags/batch_pipeline_dag.py                           1           0  0.15s           2026-04-25T10:17:31
================================================================================
[2026-04-25T10:18:30.848+0000] {manager.py:879} INFO - 
================================================================================
DAG File Processing Stats

File Path                                PID    Runtime      # DAGs    # Errors  Last Runtime    Last Run
---------------------------------------  -----  ---------  --------  ----------  --------------  -------------------
/opt/airflow/dags/batch_pipeline_dag.py                           1           0  0.26s           2026-04-25T10:18:01
================================================================================
[2026-04-25T10:19:01.220+0000] {manager.py:879} INFO - 
================================================================================
DAG File Processing Stats

File Path                                PID    Runtime      # DAGs    # Errors  Last Runtime    Last Run
---------------------------------------  -----  ---------  --------  ----------  --------------  -------------------
/opt/airflow/dags/batch_pipeline_dag.py                           1           0  0.30s           2026-04-25T10:18:32
================================================================================
[2026-04-25T10:19:31.567+0000] {manager.py:879} INFO - 
================================================================================
DAG File Processing Stats

File Path                                PID    Runtime      # DAGs    # Errors  Last Runtime    Last Run
---------------------------------------  -----  ---------  --------  ----------  --------------  -------------------
/opt/airflow/dags/batch_pipeline_dag.py                           1           0  0.22s           2026-04-25T10:19:02
================================================================================
[2026-04-25T10:20:01.824+0000] {manager.py:879} INFO - 
================================================================================
DAG File Processing Stats

File Path                                PID    Runtime      # DAGs    # Errors  Last Runtime    Last Run
---------------------------------------  -----  ---------  --------  ----------  --------------  -------------------
/opt/airflow/dags/batch_pipeline_dag.py                           1           0  0.76s           2026-04-25T10:19:33
================================================================================
[2026-04-25T10:20:32.015+0000] {manager.py:879} INFO - 
================================================================================
DAG File Processing Stats

File Path                                PID    Runtime      # DAGs    # Errors  Last Runtime    Last Run
---------------------------------------  -----  ---------  --------  ----------  --------------  -------------------
/opt/airflow/dags/batch_pipeline_dag.py                           1           0  0.32s           2026-04-25T10:20:03
================================================================================
[2026-04-25T10:21:02.255+0000] {manager.py:879} INFO - 
================================================================================
DAG File Processing Stats

File Path                                PID    Runtime      # DAGs    # Errors  Last Runtime    Last Run
---------------------------------------  -----  ---------  --------  ----------  --------------  -------------------
/opt/airflow/dags/batch_pipeline_dag.py                           1           0  0.16s           2026-04-25T10:20:34
================================================================================
[2026-04-25T10:21:32.580+0000] {manager.py:879} INFO - 
================================================================================
DAG File Processing Stats

File Path                                PID    Runtime      # DAGs    # Errors  Last Runtime    Last Run
---------------------------------------  -----  ---------  --------  ----------  --------------  -------------------
/opt/airflow/dags/batch_pipeline_dag.py                           1           0  0.13s           2026-04-25T10:21:04
================================================================================
[2026-04-25T10:22:02.829+0000] {manager.py:879} INFO - 
================================================================================
DAG File Processing Stats

File Path                                PID    Runtime      # DAGs    # Errors  Last Runtime    Last Run
---------------------------------------  -----  ---------  --------  ----------  --------------  -------------------
/opt/airflow/dags/batch_pipeline_dag.py                           1           0  0.17s           2026-04-25T10:21:34
================================================================================
[2026-04-25T10:22:33.157+0000] {manager.py:879} INFO - 
================================================================================
DAG File Processing Stats

File Path                                PID    Runtime      # DAGs    # Errors  Last Runtime    Last Run
---------------------------------------  -----  ---------  --------  ----------  --------------  -------------------
/opt/airflow/dags/batch_pipeline_dag.py                           1           0  0.18s           2026-04-25T10:22:05
================================================================================
[2026-04-25T10:22:41.555+0000] {manager.py:738} INFO - Searching for files in /opt/airflow/dags
[2026-04-25T10:22:41.559+0000] {manager.py:741} INFO - There are 1 files in /opt/airflow/dags
[2026-04-25T10:23:03.401+0000] {manager.py:879} INFO - 
================================================================================
DAG File Processing Stats

File Path                                PID    Runtime      # DAGs    # Errors  Last Runtime    Last Run
---------------------------------------  -----  ---------  --------  ----------  --------------  -------------------
/opt/airflow/dags/batch_pipeline_dag.py                           1           0  0.35s           2026-04-25T10:22:35
================================================================================
[2026-04-25T10:23:33.942+0000] {manager.py:879} INFO - 
================================================================================
DAG File Processing Stats

File Path                                PID    Runtime      # DAGs    # Errors  Last Runtime    Last Run
---------------------------------------  -----  ---------  --------  ----------  --------------  -------------------
/opt/airflow/dags/batch_pipeline_dag.py                           1           0  0.31s           2026-04-25T10:23:06
================================================================================
[2026-04-25T10:24:04.419+0000] {manager.py:879} INFO - 
================================================================================
DAG File Processing Stats

File Path                                PID    Runtime      # DAGs    # Errors  Last Runtime    Last Run
---------------------------------------  -----  ---------  --------  ----------  --------------  -------------------
/opt/airflow/dags/batch_pipeline_dag.py                           1           0  0.14s           2026-04-25T10:23:36
================================================================================
[2026-04-25T10:24:34.726+0000] {manager.py:879} INFO - 
================================================================================
DAG File Processing Stats

File Path                                PID    Runtime      # DAGs    # Errors  Last Runtime    Last Run
---------------------------------------  -----  ---------  --------  ----------  --------------  -------------------
/opt/airflow/dags/batch_pipeline_dag.py                           1           0  0.14s           2026-04-25T10:24:06
================================================================================
[2026-04-25T10:25:04.962+0000] {manager.py:879} INFO - 
================================================================================
DAG File Processing Stats

File Path                                PID    Runtime      # DAGs    # Errors  Last Runtime    Last Run
---------------------------------------  -----  ---------  --------  ----------  --------------  -------------------
/opt/airflow/dags/batch_pipeline_dag.py                           1           0  0.23s           2026-04-25T10:24:36
================================================================================
[2026-04-25T10:25:35.166+0000] {manager.py:879} INFO - 
================================================================================
DAG File Processing Stats

File Path                                PID    Runtime      # DAGs    # Errors  Last Runtime    Last Run
---------------------------------------  -----  ---------  --------  ----------  --------------  -------------------
/opt/airflow/dags/batch_pipeline_dag.py                           1           0  0.15s           2026-04-25T10:25:07
================================================================================
[2026-04-25T10:26:05.464+0000] {manager.py:879} INFO - 
================================================================================
DAG File Processing Stats

File Path                                PID    Runtime      # DAGs    # Errors  Last Runtime    Last Run
---------------------------------------  -----  ---------  --------  ----------  --------------  -------------------
/opt/airflow/dags/batch_pipeline_dag.py                           1           0  0.32s           2026-04-25T10:25:37
================================================================================
[2026-04-25T10:26:35.882+0000] {manager.py:879} INFO - 
================================================================================
DAG File Processing Stats

File Path                                PID    Runtime      # DAGs    # Errors  Last Runtime    Last Run
---------------------------------------  -----  ---------  --------  ----------  --------------  -------------------
/opt/airflow/dags/batch_pipeline_dag.py                           1           0  0.31s           2026-04-25T10:26:07
================================================================================
[2026-04-25T10:27:06.408+0000] {manager.py:879} INFO - 
================================================================================
DAG File Processing Stats

File Path                                PID    Runtime      # DAGs    # Errors  Last Runtime    Last Run
---------------------------------------  -----  ---------  --------  ----------  --------------  -------------------
/opt/airflow/dags/batch_pipeline_dag.py                           1           0  0.19s           2026-04-25T10:26:38
================================================================================
[2026-04-25T10:27:36.799+0000] {manager.py:879} INFO - 
================================================================================
DAG File Processing Stats

File Path                                PID    Runtime      # DAGs    # Errors  Last Runtime    Last Run
---------------------------------------  -----  ---------  --------  ----------  --------------  -------------------
/opt/airflow/dags/batch_pipeline_dag.py                           1           0  0.23s           2026-04-25T10:27:08
================================================================================
[2026-04-25T10:27:41.873+0000] {manager.py:738} INFO - Searching for files in /opt/airflow/dags
[2026-04-25T10:27:41.882+0000] {manager.py:741} INFO - There are 1 files in /opt/airflow/dags
[2026-04-25T10:46:48.573+0000] {manager.py:469} INFO - Processing files using up to 2 processes at a time 
[2026-04-25T10:46:48.574+0000] {manager.py:470} INFO - Process each file at most once every 30 seconds
[2026-04-25T10:46:48.575+0000] {manager.py:471} INFO - Checking for new files in /opt/airflow/dags every 300 seconds
[2026-04-25T10:46:48.576+0000] {manager.py:738} INFO - Searching for files in /opt/airflow/dags
[2026-04-25T10:46:48.582+0000] {manager.py:741} INFO - There are 1 files in /opt/airflow/dags
[2026-04-25T10:46:48.812+0000] {manager.py:879} INFO - 
================================================================================
DAG File Processing Stats

File Path                                  PID  Runtime      # DAGs    # Errors  Last Runtime    Last Run
---------------------------------------  -----  ---------  --------  ----------  --------------  ----------
/opt/airflow/dags/batch_pipeline_dag.py     29  0.13s             0           0
================================================================================
[2026-04-25T10:47:19.540+0000] {manager.py:879} INFO - 
================================================================================
DAG File Processing Stats

File Path                                PID    Runtime      # DAGs    # Errors  Last Runtime    Last Run
---------------------------------------  -----  ---------  --------  ----------  --------------  -------------------
/opt/airflow/dags/batch_pipeline_dag.py                           1           0  1.16s           2026-04-25T10:46:49
================================================================================
[2026-04-25T10:47:49.819+0000] {manager.py:879} INFO - 
================================================================================
DAG File Processing Stats

File Path                                PID    Runtime      # DAGs    # Errors  Last Runtime    Last Run
---------------------------------------  -----  ---------  --------  ----------  --------------  -------------------
/opt/airflow/dags/batch_pipeline_dag.py                           1           0  0.26s           2026-04-25T10:47:20
================================================================================
[2026-04-25T10:48:20.051+0000] {manager.py:879} INFO - 
================================================================================
DAG File Processing Stats

File Path                                PID    Runtime      # DAGs    # Errors  Last Runtime    Last Run
---------------------------------------  -----  ---------  --------  ----------  --------------  -------------------
/opt/airflow/dags/batch_pipeline_dag.py                           1           0  0.16s           2026-04-25T10:47:50
================================================================================
[2026-04-25T10:48:50.405+0000] {manager.py:879} INFO - 
================================================================================
DAG File Processing Stats

File Path                                PID    Runtime      # DAGs    # Errors  Last Runtime    Last Run
---------------------------------------  -----  ---------  --------  ----------  --------------  -------------------
/opt/airflow/dags/batch_pipeline_dag.py                           1           0  0.40s           2026-04-25T10:48:21
================================================================================
[2026-04-25T10:49:20.895+0000] {manager.py:879} INFO - 
================================================================================
DAG File Processing Stats

File Path                                PID    Runtime      # DAGs    # Errors  Last Runtime    Last Run
---------------------------------------  -----  ---------  --------  ----------  --------------  -------------------
/opt/airflow/dags/batch_pipeline_dag.py                           1           0  0.27s           2026-04-25T10:48:51
================================================================================
[2026-04-25T10:49:51.352+0000] {manager.py:879} INFO - 
================================================================================
DAG File Processing Stats

File Path                                PID    Runtime      # DAGs    # Errors  Last Runtime    Last Run
---------------------------------------  -----  ---------  --------  ----------  --------------  -------------------
/opt/airflow/dags/batch_pipeline_dag.py                           1           0  0.16s           2026-04-25T10:49:22
================================================================================
[2026-04-25T10:50:21.716+0000] {manager.py:879} INFO - 
================================================================================
DAG File Processing Stats

File Path                                PID    Runtime      # DAGs    # Errors  Last Runtime    Last Run
---------------------------------------  -----  ---------  --------  ----------  --------------  -------------------
/opt/airflow/dags/batch_pipeline_dag.py                           1           0  0.17s           2026-04-25T10:49:52
================================================================================
[2026-04-25T10:50:51.927+0000] {manager.py:879} INFO - 
================================================================================
DAG File Processing Stats

File Path                                PID    Runtime      # DAGs    # Errors  Last Runtime    Last Run
---------------------------------------  -----  ---------  --------  ----------  --------------  -------------------
/opt/airflow/dags/batch_pipeline_dag.py                           1           0  0.17s           2026-04-25T10:50:22
================================================================================
[2026-04-25T10:51:22.310+0000] {manager.py:879} INFO - 
================================================================================
DAG File Processing Stats

File Path                                PID    Runtime      # DAGs    # Errors  Last Runtime    Last Run
---------------------------------------  -----  ---------  --------  ----------  --------------  -------------------
/opt/airflow/dags/batch_pipeline_dag.py                           1           0  0.16s           2026-04-25T10:50:53
================================================================================
[2026-04-25T10:51:48.648+0000] {manager.py:738} INFO - Searching for files in /opt/airflow/dags
[2026-04-25T10:51:48.659+0000] {manager.py:741} INFO - There are 1 files in /opt/airflow/dags
[2026-04-25T10:51:52.538+0000] {manager.py:879} INFO - 
================================================================================
DAG File Processing Stats

File Path                                PID    Runtime      # DAGs    # Errors  Last Runtime    Last Run
---------------------------------------  -----  ---------  --------  ----------  --------------  -------------------
/opt/airflow/dags/batch_pipeline_dag.py                           1           0  0.16s           2026-04-25T10:51:23
================================================================================
[2026-04-25T10:52:22.754+0000] {manager.py:879} INFO - 
================================================================================
DAG File Processing Stats

File Path                                PID    Runtime      # DAGs    # Errors  Last Runtime    Last Run
---------------------------------------  -----  ---------  --------  ----------  --------------  -------------------
/opt/airflow/dags/batch_pipeline_dag.py                           1           0  0.15s           2026-04-25T10:51:53
================================================================================
[2026-04-25T10:52:53.061+0000] {manager.py:879} INFO - 
================================================================================
DAG File Processing Stats

File Path                                PID    Runtime      # DAGs    # Errors  Last Runtime    Last Run
---------------------------------------  -----  ---------  --------  ----------  --------------  -------------------
/opt/airflow/dags/batch_pipeline_dag.py                           1           0  0.16s           2026-04-25T10:52:23
================================================================================
[2026-04-25T10:53:23.295+0000] {manager.py:879} INFO - 
================================================================================
DAG File Processing Stats

File Path                                PID    Runtime      # DAGs    # Errors  Last Runtime    Last Run
---------------------------------------  -----  ---------  --------  ----------  --------------  -------------------
/opt/airflow/dags/batch_pipeline_dag.py                           1           0  0.15s           2026-04-25T10:52:54
================================================================================
[2026-04-25T10:53:40.632+0000] {manager.py:451} INFO - Exiting gracefully upon receiving signal 15
[2026-04-25T11:18:01.775+0000] {manager.py:469} INFO - Processing files using up to 2 processes at a time 
[2026-04-25T11:18:01.795+0000] {manager.py:470} INFO - Process each file at most once every 30 seconds
[2026-04-25T11:18:01.796+0000] {manager.py:471} INFO - Checking for new files in /opt/airflow/dags every 300 seconds
[2026-04-25T11:18:01.797+0000] {manager.py:738} INFO - Searching for files in /opt/airflow/dags
[2026-04-25T11:18:01.813+0000] {manager.py:741} INFO - There are 1 files in /opt/airflow/dags
[2026-04-25T11:18:02.241+0000] {manager.py:879} INFO - 
================================================================================
DAG File Processing Stats

File Path                                  PID  Runtime      # DAGs    # Errors  Last Runtime    Last Run
---------------------------------------  -----  ---------  --------  ----------  --------------  ----------
/opt/airflow/dags/batch_pipeline_dag.py     29  0.17s             0           0
================================================================================
[2026-04-25T11:18:29.540+0000] {manager.py:451} INFO - Exiting gracefully upon receiving signal 15
[2026-04-25T11:19:44.179+0000] {manager.py:469} INFO - Processing files using up to 2 processes at a time 
[2026-04-25T11:19:44.182+0000] {manager.py:470} INFO - Process each file at most once every 30 seconds
[2026-04-25T11:19:44.183+0000] {manager.py:471} INFO - Checking for new files in /opt/airflow/dags every 300 seconds
[2026-04-25T11:19:44.183+0000] {manager.py:738} INFO - Searching for files in /opt/airflow/dags
[2026-04-25T11:19:44.187+0000] {manager.py:741} INFO - There are 1 files in /opt/airflow/dags
[2026-04-25T11:19:44.386+0000] {manager.py:879} INFO - 
================================================================================
DAG File Processing Stats

File Path                                  PID  Runtime      # DAGs    # Errors  Last Runtime    Last Run
---------------------------------------  -----  ---------  --------  ----------  --------------  ----------
/opt/airflow/dags/batch_pipeline_dag.py     29  0.09s             0           0
================================================================================
[2026-04-25T11:20:14.545+0000] {manager.py:879} INFO - 
================================================================================
DAG File Processing Stats

File Path                                PID    Runtime      # DAGs    # Errors  Last Runtime    Last Run
---------------------------------------  -----  ---------  --------  ----------  --------------  -------------------
/opt/airflow/dags/batch_pipeline_dag.py                           1           0  1.07s           2026-04-25T11:19:45
================================================================================
[2026-04-25T11:20:44.816+0000] {manager.py:879} INFO - 
================================================================================
DAG File Processing Stats

File Path                                PID    Runtime      # DAGs    # Errors  Last Runtime    Last Run
---------------------------------------  -----  ---------  --------  ----------  --------------  -------------------
/opt/airflow/dags/batch_pipeline_dag.py                           1           0  0.23s           2026-04-25T11:20:15
================================================================================
[2026-04-25T11:21:15.031+0000] {manager.py:879} INFO - 
================================================================================
DAG File Processing Stats

File Path                                PID    Runtime      # DAGs    # Errors  Last Runtime    Last Run
---------------------------------------  -----  ---------  --------  ----------  --------------  -------------------
/opt/airflow/dags/batch_pipeline_dag.py                           1           0  0.14s           2026-04-25T11:20:45
================================================================================
[2026-04-25T11:21:45.388+0000] {manager.py:879} INFO - 
================================================================================
DAG File Processing Stats

File Path                                PID    Runtime      # DAGs    # Errors  Last Runtime    Last Run
---------------------------------------  -----  ---------  --------  ----------  --------------  -------------------
/opt/airflow/dags/batch_pipeline_dag.py                           1           0  0.17s           2026-04-25T11:21:16
================================================================================
[2026-04-25T11:22:15.605+0000] {manager.py:879} INFO - 
================================================================================
DAG File Processing Stats

File Path                                PID    Runtime      # DAGs    # Errors  Last Runtime    Last Run
---------------------------------------  -----  ---------  --------  ----------  --------------  -------------------
/opt/airflow/dags/batch_pipeline_dag.py                           1           0  0.26s           2026-04-25T11:21:46
================================================================================
[2026-04-25T11:22:46.060+0000] {manager.py:879} INFO - 
================================================================================
DAG File Processing Stats

File Path                                PID    Runtime      # DAGs    # Errors  Last Runtime    Last Run
---------------------------------------  -----  ---------  --------  ----------  --------------  -------------------
/opt/airflow/dags/batch_pipeline_dag.py                           1           0  0.14s           2026-04-25T11:22:16
================================================================================
[2026-04-25T11:23:16.395+0000] {manager.py:879} INFO - 
================================================================================
DAG File Processing Stats

File Path                                PID    Runtime      # DAGs    # Errors  Last Runtime    Last Run
---------------------------------------  -----  ---------  --------  ----------  --------------  -------------------
/opt/airflow/dags/batch_pipeline_dag.py                           1           0  0.14s           2026-04-25T11:22:47
================================================================================
[2026-04-25T11:23:46.649+0000] {manager.py:879} INFO - 
================================================================================
DAG File Processing Stats

File Path                                PID    Runtime      # DAGs    # Errors  Last Runtime    Last Run
---------------------------------------  -----  ---------  --------  ----------  --------------  -------------------
/opt/airflow/dags/batch_pipeline_dag.py                           1           0  0.15s           2026-04-25T11:23:17
================================================================================
[2026-04-25T11:24:17.066+0000] {manager.py:879} INFO - 
================================================================================
DAG File Processing Stats

File Path                                PID    Runtime      # DAGs    # Errors  Last Runtime    Last Run
---------------------------------------  -----  ---------  --------  ----------  --------------  -------------------
/opt/airflow/dags/batch_pipeline_dag.py                           1           0  0.18s           2026-04-25T11:23:47
================================================================================
[2026-04-25T11:24:31.550+0000] {manager.py:451} INFO - Exiting gracefully upon receiving signal 15
[2026-04-25T11:35:19.146+0000] {manager.py:469} INFO - Processing files using up to 2 processes at a time 
[2026-04-25T11:35:19.151+0000] {manager.py:470} INFO - Process each file at most once every 30 seconds
[2026-04-25T11:35:19.152+0000] {manager.py:471} INFO - Checking for new files in /opt/airflow/dags every 300 seconds
[2026-04-25T11:35:19.153+0000] {manager.py:738} INFO - Searching for files in /opt/airflow/dags
[2026-04-25T11:35:19.157+0000] {manager.py:741} INFO - There are 1 files in /opt/airflow/dags
[2026-04-25T11:35:19.311+0000] {manager.py:879} INFO - 
================================================================================
DAG File Processing Stats

File Path                                  PID  Runtime      # DAGs    # Errors  Last Runtime    Last Run
---------------------------------------  -----  ---------  --------  ----------  --------------  ----------
/opt/airflow/dags/batch_pipeline_dag.py     38  0.07s             0           0
================================================================================
[2026-04-25T11:35:49.390+0000] {manager.py:879} INFO - 
================================================================================
DAG File Processing Stats

File Path                                PID    Runtime      # DAGs    # Errors  Last Runtime    Last Run
---------------------------------------  -----  ---------  --------  ----------  --------------  -------------------
/opt/airflow/dags/batch_pipeline_dag.py                           1           0  0.96s           2026-04-25T11:35:20
================================================================================
[2026-04-25T11:36:19.711+0000] {manager.py:879} INFO - 
================================================================================
DAG File Processing Stats

File Path                                PID    Runtime      # DAGs    # Errors  Last Runtime    Last Run
---------------------------------------  -----  ---------  --------  ----------  --------------  -------------------
/opt/airflow/dags/batch_pipeline_dag.py                           1           0  0.21s           2026-04-25T11:35:50
================================================================================
[2026-04-25T11:36:50.032+0000] {manager.py:879} INFO - 
================================================================================
DAG File Processing Stats

File Path                                PID    Runtime      # DAGs    # Errors  Last Runtime    Last Run
---------------------------------------  -----  ---------  --------  ----------  --------------  -------------------
/opt/airflow/dags/batch_pipeline_dag.py                           1           0  0.19s           2026-04-25T11:36:20
================================================================================
[2026-04-25T12:11:53.101+0000] {manager.py:469} INFO - Processing files using up to 2 processes at a time 
[2026-04-25T12:11:53.104+0000] {manager.py:470} INFO - Process each file at most once every 30 seconds
[2026-04-25T12:11:53.105+0000] {manager.py:471} INFO - Checking for new files in /opt/airflow/dags every 300 seconds
[2026-04-25T12:11:53.106+0000] {manager.py:738} INFO - Searching for files in /opt/airflow/dags
[2026-04-25T12:11:53.138+0000] {manager.py:741} INFO - There are 1 files in /opt/airflow/dags
[2026-04-25T12:11:53.754+0000] {manager.py:879} INFO - 
================================================================================
DAG File Processing Stats

File Path                                  PID  Runtime      # DAGs    # Errors  Last Runtime    Last Run
---------------------------------------  -----  ---------  --------  ----------  --------------  ----------
/opt/airflow/dags/batch_pipeline_dag.py     30  0.20s             0           0
================================================================================
[2026-04-25T12:12:24.037+0000] {manager.py:879} INFO - 
================================================================================
DAG File Processing Stats

File Path                                PID    Runtime      # DAGs    # Errors  Last Runtime    Last Run
---------------------------------------  -----  ---------  --------  ----------  --------------  -------------------
/opt/airflow/dags/batch_pipeline_dag.py                           1           0  1.42s           2026-04-25T12:11:54
================================================================================
[2026-04-25T12:12:54.283+0000] {manager.py:879} INFO - 
================================================================================
DAG File Processing Stats

File Path                                PID    Runtime      # DAGs    # Errors  Last Runtime    Last Run
---------------------------------------  -----  ---------  --------  ----------  --------------  -------------------
/opt/airflow/dags/batch_pipeline_dag.py                           1           0  0.15s           2026-04-25T12:12:25
================================================================================
[2026-04-25T12:13:24.623+0000] {manager.py:879} INFO - 
================================================================================
DAG File Processing Stats

File Path                                PID    Runtime      # DAGs    # Errors  Last Runtime    Last Run
---------------------------------------  -----  ---------  --------  ----------  --------------  -------------------
/opt/airflow/dags/batch_pipeline_dag.py                           1           0  0.19s           2026-04-25T12:12:55
================================================================================
[2026-04-25T12:13:54.936+0000] {manager.py:879} INFO - 
================================================================================
DAG File Processing Stats

File Path                                PID    Runtime      # DAGs    # Errors  Last Runtime    Last Run
---------------------------------------  -----  ---------  --------  ----------  --------------  -------------------
/opt/airflow/dags/batch_pipeline_dag.py                           1           0  0.15s           2026-04-25T12:13:25
================================================================================
[2026-04-25T12:14:25.213+0000] {manager.py:879} INFO - 
================================================================================
DAG File Processing Stats

File Path                                PID    Runtime      # DAGs    # Errors  Last Runtime    Last Run
---------------------------------------  -----  ---------  --------  ----------  --------------  -------------------
/opt/airflow/dags/batch_pipeline_dag.py                           1           0  0.37s           2026-04-25T12:13:56
================================================================================
[2026-04-25T12:14:55.723+0000] {manager.py:879} INFO - 
================================================================================
DAG File Processing Stats

File Path                                PID    Runtime      # DAGs    # Errors  Last Runtime    Last Run
---------------------------------------  -----  ---------  --------  ----------  --------------  -------------------
/opt/airflow/dags/batch_pipeline_dag.py                           1           0  0.15s           2026-04-25T12:14:26
================================================================================
[2026-04-25T12:15:26.061+0000] {manager.py:879} INFO - 
================================================================================
DAG File Processing Stats

File Path                                PID    Runtime      # DAGs    # Errors  Last Runtime    Last Run
---------------------------------------  -----  ---------  --------  ----------  --------------  -------------------
/opt/airflow/dags/batch_pipeline_dag.py                           1           0  0.23s           2026-04-25T12:14:56
================================================================================
[2026-04-25T12:15:56.343+0000] {manager.py:879} INFO - 
================================================================================
DAG File Processing Stats

File Path                                PID    Runtime      # DAGs    # Errors  Last Runtime    Last Run
---------------------------------------  -----  ---------  --------  ----------  --------------  -------------------
/opt/airflow/dags/batch_pipeline_dag.py                           1           0  0.18s           2026-04-25T12:15:27
================================================================================
[2026-04-25T12:16:26.648+0000] {manager.py:879} INFO - 
================================================================================
DAG File Processing Stats

File Path                                PID    Runtime      # DAGs    # Errors  Last Runtime    Last Run
---------------------------------------  -----  ---------  --------  ----------  --------------  -------------------
/opt/airflow/dags/batch_pipeline_dag.py                           1           0  0.15s           2026-04-25T12:15:57
================================================================================
[2026-04-25T12:16:53.844+0000] {manager.py:738} INFO - Searching for files in /opt/airflow/dags
[2026-04-25T12:16:53.847+0000] {manager.py:741} INFO - There are 1 files in /opt/airflow/dags
[2026-04-25T12:16:56.900+0000] {manager.py:879} INFO - 
================================================================================
DAG File Processing Stats

File Path                                PID    Runtime      # DAGs    # Errors  Last Runtime    Last Run
---------------------------------------  -----  ---------  --------  ----------  --------------  -------------------
/opt/airflow/dags/batch_pipeline_dag.py                           1           0  0.19s           2026-04-25T12:16:27
================================================================================
[2026-04-25T12:17:27.252+0000] {manager.py:879} INFO - 
================================================================================
DAG File Processing Stats

File Path                                PID    Runtime      # DAGs    # Errors  Last Runtime    Last Run
---------------------------------------  -----  ---------  --------  ----------  --------------  -------------------
/opt/airflow/dags/batch_pipeline_dag.py                           1           0  0.25s           2026-04-25T12:16:58
================================================================================
[2026-04-25T12:17:57.539+0000] {manager.py:879} INFO - 
================================================================================
DAG File Processing Stats

File Path                                PID    Runtime      # DAGs    # Errors  Last Runtime    Last Run
---------------------------------------  -----  ---------  --------  ----------  --------------  -------------------
/opt/airflow/dags/batch_pipeline_dag.py                           1           0  0.14s           2026-04-25T12:17:28
================================================================================
[2026-04-25T12:18:27.776+0000] {manager.py:879} INFO - 
================================================================================
DAG File Processing Stats

File Path                                PID    Runtime      # DAGs    # Errors  Last Runtime    Last Run
---------------------------------------  -----  ---------  --------  ----------  --------------  -------------------
/opt/airflow/dags/batch_pipeline_dag.py                           1           0  0.17s           2026-04-25T12:17:58
================================================================================
[2026-04-25T12:18:58.086+0000] {manager.py:879} INFO - 
================================================================================
DAG File Processing Stats

File Path                                PID    Runtime      # DAGs    # Errors  Last Runtime    Last Run
---------------------------------------  -----  ---------  --------  ----------  --------------  -------------------
/opt/airflow/dags/batch_pipeline_dag.py                           1           0  0.15s           2026-04-25T12:18:28
================================================================================
[2026-04-25T12:19:28.322+0000] {manager.py:879} INFO - 
================================================================================
DAG File Processing Stats

File Path                                PID    Runtime      # DAGs    # Errors  Last Runtime    Last Run
---------------------------------------  -----  ---------  --------  ----------  --------------  -------------------
/opt/airflow/dags/batch_pipeline_dag.py                           1           0  0.17s           2026-04-25T12:18:59
================================================================================
[2026-04-25T12:19:58.652+0000] {manager.py:879} INFO - 
================================================================================
DAG File Processing Stats

File Path                                PID    Runtime      # DAGs    # Errors  Last Runtime    Last Run
---------------------------------------  -----  ---------  --------  ----------  --------------  -------------------
/opt/airflow/dags/batch_pipeline_dag.py                           1           0  0.18s           2026-04-25T12:19:29
================================================================================
[2026-04-25T12:20:28.903+0000] {manager.py:879} INFO - 
================================================================================
DAG File Processing Stats

File Path                                PID    Runtime      # DAGs    # Errors  Last Runtime    Last Run
---------------------------------------  -----  ---------  --------  ----------  --------------  -------------------
/opt/airflow/dags/batch_pipeline_dag.py                           1           0  0.15s           2026-04-25T12:19:59
================================================================================
[2026-04-25T12:20:59.172+0000] {manager.py:879} INFO - 
================================================================================
DAG File Processing Stats

File Path                                PID    Runtime      # DAGs    # Errors  Last Runtime    Last Run
---------------------------------------  -----  ---------  --------  ----------  --------------  -------------------
/opt/airflow/dags/batch_pipeline_dag.py                           1           0  0.15s           2026-04-25T12:20:30
================================================================================
[2026-04-25T12:21:29.422+0000] {manager.py:879} INFO - 
================================================================================
DAG File Processing Stats

File Path                                PID    Runtime      # DAGs    # Errors  Last Runtime    Last Run
---------------------------------------  -----  ---------  --------  ----------  --------------  -------------------
/opt/airflow/dags/batch_pipeline_dag.py                           1           0  0.22s           2026-04-25T12:21:00
================================================================================
[2026-04-25T12:21:54.594+0000] {manager.py:738} INFO - Searching for files in /opt/airflow/dags
[2026-04-25T12:21:54.599+0000] {manager.py:741} INFO - There are 1 files in /opt/airflow/dags
[2026-04-25T12:21:59.651+0000] {manager.py:879} INFO - 
================================================================================
DAG File Processing Stats

File Path                                PID    Runtime      # DAGs    # Errors  Last Runtime    Last Run
---------------------------------------  -----  ---------  --------  ----------  --------------  -------------------
/opt/airflow/dags/batch_pipeline_dag.py                           1           0  0.14s           2026-04-25T12:21:30
================================================================================
[2026-04-25T12:22:29.956+0000] {manager.py:879} INFO - 
================================================================================
DAG File Processing Stats

File Path                                PID    Runtime      # DAGs    # Errors  Last Runtime    Last Run
---------------------------------------  -----  ---------  --------  ----------  --------------  -------------------
/opt/airflow/dags/batch_pipeline_dag.py                           1           0  0.17s           2026-04-25T12:22:00
================================================================================
[2026-04-25T12:23:00.223+0000] {manager.py:879} INFO - 
================================================================================
DAG File Processing Stats

File Path                                PID    Runtime      # DAGs    # Errors  Last Runtime    Last Run
---------------------------------------  -----  ---------  --------  ----------  --------------  -------------------
/opt/airflow/dags/batch_pipeline_dag.py                           1           0  0.26s           2026-04-25T12:22:31
================================================================================
[2026-04-25T12:23:30.639+0000] {manager.py:879} INFO - 
================================================================================
DAG File Processing Stats

File Path                                PID    Runtime      # DAGs    # Errors  Last Runtime    Last Run
---------------------------------------  -----  ---------  --------  ----------  --------------  -------------------
/opt/airflow/dags/batch_pipeline_dag.py                           1           0  0.22s           2026-04-25T12:23:01
================================================================================
[2026-04-25T12:24:00.880+0000] {manager.py:879} INFO - 
================================================================================
DAG File Processing Stats

File Path                                PID    Runtime      # DAGs    # Errors  Last Runtime    Last Run
---------------------------------------  -----  ---------  --------  ----------  --------------  -------------------
/opt/airflow/dags/batch_pipeline_dag.py                           1           0  0.16s           2026-04-25T12:23:31
================================================================================
[2026-04-25T12:24:31.206+0000] {manager.py:879} INFO - 
================================================================================
DAG File Processing Stats

File Path                                PID    Runtime      # DAGs    # Errors  Last Runtime    Last Run
---------------------------------------  -----  ---------  --------  ----------  --------------  -------------------
/opt/airflow/dags/batch_pipeline_dag.py                           1           0  0.16s           2026-04-25T12:24:02
================================================================================
[2026-04-25T12:25:01.447+0000] {manager.py:879} INFO - 
================================================================================
DAG File Processing Stats

File Path                                PID    Runtime      # DAGs    # Errors  Last Runtime    Last Run
---------------------------------------  -----  ---------  --------  ----------  --------------  -------------------
/opt/airflow/dags/batch_pipeline_dag.py                           1           0  0.17s           2026-04-25T12:24:32
================================================================================
[2026-04-25T12:25:31.769+0000] {manager.py:879} INFO - 
================================================================================
DAG File Processing Stats

File Path                                PID    Runtime      # DAGs    # Errors  Last Runtime    Last Run
---------------------------------------  -----  ---------  --------  ----------  --------------  -------------------
/opt/airflow/dags/batch_pipeline_dag.py                           1           0  0.14s           2026-04-25T12:25:02
================================================================================
[2026-04-25T12:26:01.987+0000] {manager.py:879} INFO - 
================================================================================
DAG File Processing Stats

File Path                                PID    Runtime      # DAGs    # Errors  Last Runtime    Last Run
---------------------------------------  -----  ---------  --------  ----------  --------------  -------------------
/opt/airflow/dags/batch_pipeline_dag.py                           1           0  0.14s           2026-04-25T12:25:32
================================================================================
[2026-04-25T12:26:32.287+0000] {manager.py:879} INFO - 
================================================================================
DAG File Processing Stats

File Path                                PID    Runtime      # DAGs    # Errors  Last Runtime    Last Run
---------------------------------------  -----  ---------  --------  ----------  --------------  -------------------
/opt/airflow/dags/batch_pipeline_dag.py                           1           0  0.18s           2026-04-25T12:26:03
================================================================================
[2026-04-25T12:26:55.497+0000] {manager.py:738} INFO - Searching for files in /opt/airflow/dags
[2026-04-25T12:26:55.504+0000] {manager.py:741} INFO - There are 1 files in /opt/airflow/dags
[2026-04-25T12:27:02.566+0000] {manager.py:879} INFO - 
================================================================================
DAG File Processing Stats

File Path                                PID    Runtime      # DAGs    # Errors  Last Runtime    Last Run
---------------------------------------  -----  ---------  --------  ----------  --------------  -------------------
/opt/airflow/dags/batch_pipeline_dag.py                           1           0  0.15s           2026-04-25T12:26:33
================================================================================
[2026-04-25T12:27:32.842+0000] {manager.py:879} INFO - 
================================================================================
DAG File Processing Stats

File Path                                PID    Runtime      # DAGs    # Errors  Last Runtime    Last Run
---------------------------------------  -----  ---------  --------  ----------  --------------  -------------------
/opt/airflow/dags/batch_pipeline_dag.py                           1           0  0.15s           2026-04-25T12:27:03
================================================================================
[2026-04-25T12:28:03.116+0000] {manager.py:879} INFO - 
================================================================================
DAG File Processing Stats

File Path                                PID    Runtime      # DAGs    # Errors  Last Runtime    Last Run
---------------------------------------  -----  ---------  --------  ----------  --------------  -------------------
/opt/airflow/dags/batch_pipeline_dag.py                           1           0  0.16s           2026-04-25T12:27:34
================================================================================
[2026-04-25T12:28:33.386+0000] {manager.py:879} INFO - 
================================================================================
DAG File Processing Stats

File Path                                PID    Runtime      # DAGs    # Errors  Last Runtime    Last Run
---------------------------------------  -----  ---------  --------  ----------  --------------  -------------------
/opt/airflow/dags/batch_pipeline_dag.py                           1           0  0.16s           2026-04-25T12:28:04
================================================================================
[2026-04-25T12:29:03.692+0000] {manager.py:879} INFO - 
================================================================================
DAG File Processing Stats

File Path                                PID    Runtime      # DAGs    # Errors  Last Runtime    Last Run
---------------------------------------  -----  ---------  --------  ----------  --------------  -------------------
/opt/airflow/dags/batch_pipeline_dag.py                           1           0  0.16s           2026-04-25T12:28:34
================================================================================
[2026-04-25T12:29:33.951+0000] {manager.py:879} INFO - 
================================================================================
DAG File Processing Stats

File Path                                PID    Runtime      # DAGs    # Errors  Last Runtime    Last Run
---------------------------------------  -----  ---------  --------  ----------  --------------  -------------------
/opt/airflow/dags/batch_pipeline_dag.py                           1           0  0.40s           2026-04-25T12:29:05
================================================================================
[2026-04-25T12:30:04.494+0000] {manager.py:879} INFO - 
================================================================================
DAG File Processing Stats

File Path                                PID    Runtime      # DAGs    # Errors  Last Runtime    Last Run
---------------------------------------  -----  ---------  --------  ----------  --------------  -------------------
/opt/airflow/dags/batch_pipeline_dag.py                           1           0  0.14s           2026-04-25T12:29:35
================================================================================
[2026-04-25T12:30:34.814+0000] {manager.py:879} INFO - 
================================================================================
DAG File Processing Stats

File Path                                PID    Runtime      # DAGs    # Errors  Last Runtime    Last Run
---------------------------------------  -----  ---------  --------  ----------  --------------  -------------------
/opt/airflow/dags/batch_pipeline_dag.py                           1           0  0.15s           2026-04-25T12:30:05
================================================================================
[2026-04-25T12:31:05.040+0000] {manager.py:879} INFO - 
================================================================================
DAG File Processing Stats

File Path                                PID    Runtime      # DAGs    # Errors  Last Runtime    Last Run
---------------------------------------  -----  ---------  --------  ----------  --------------  -------------------
/opt/airflow/dags/batch_pipeline_dag.py                           1           0  0.14s           2026-04-25T12:30:35
================================================================================
[2026-04-25T12:31:35.403+0000] {manager.py:879} INFO - 
================================================================================
DAG File Processing Stats

File Path                                PID    Runtime      # DAGs    # Errors  Last Runtime    Last Run
---------------------------------------  -----  ---------  --------  ----------  --------------  -------------------
/opt/airflow/dags/batch_pipeline_dag.py                           1           0  0.34s           2026-04-25T12:31:06
================================================================================
[2026-04-25T12:31:55.755+0000] {manager.py:738} INFO - Searching for files in /opt/airflow/dags
[2026-04-25T12:31:55.762+0000] {manager.py:741} INFO - There are 1 files in /opt/airflow/dags
[2026-04-25T12:32:05.858+0000] {manager.py:879} INFO - 
================================================================================
DAG File Processing Stats

File Path                                PID    Runtime      # DAGs    # Errors  Last Runtime    Last Run
---------------------------------------  -----  ---------  --------  ----------  --------------  -------------------
/opt/airflow/dags/batch_pipeline_dag.py                           1           0  0.29s           2026-04-25T12:31:36
================================================================================
[2026-04-25T12:32:36.087+0000] {manager.py:879} INFO - 
================================================================================
DAG File Processing Stats

File Path                                PID    Runtime      # DAGs    # Errors  Last Runtime    Last Run
---------------------------------------  -----  ---------  --------  ----------  --------------  -------------------
/opt/airflow/dags/batch_pipeline_dag.py                           1           0  0.18s           2026-04-25T12:32:07
================================================================================
[2026-04-25T12:33:06.469+0000] {manager.py:879} INFO - 
================================================================================
DAG File Processing Stats

File Path                                PID    Runtime      # DAGs    # Errors  Last Runtime    Last Run
---------------------------------------  -----  ---------  --------  ----------  --------------  -------------------
/opt/airflow/dags/batch_pipeline_dag.py                           1           0  0.22s           2026-04-25T12:32:37
================================================================================
[2026-04-25T12:33:36.729+0000] {manager.py:879} INFO - 
================================================================================
DAG File Processing Stats

File Path                                PID    Runtime      # DAGs    # Errors  Last Runtime    Last Run
---------------------------------------  -----  ---------  --------  ----------  --------------  -------------------
/opt/airflow/dags/batch_pipeline_dag.py                           1           0  0.17s           2026-04-25T12:33:07
================================================================================
[2026-04-25T12:34:07.006+0000] {manager.py:879} INFO - 
================================================================================
DAG File Processing Stats

File Path                                PID    Runtime      # DAGs    # Errors  Last Runtime    Last Run
---------------------------------------  -----  ---------  --------  ----------  --------------  -------------------
/opt/airflow/dags/batch_pipeline_dag.py                           1           0  0.15s           2026-04-25T12:33:37
================================================================================
[2026-04-25T12:34:37.243+0000] {manager.py:879} INFO - 
================================================================================
DAG File Processing Stats

File Path                                PID    Runtime      # DAGs    # Errors  Last Runtime    Last Run
---------------------------------------  -----  ---------  --------  ----------  --------------  -------------------
/opt/airflow/dags/batch_pipeline_dag.py                           1           0  0.15s           2026-04-25T12:34:08
================================================================================
[2026-04-25T12:35:07.541+0000] {manager.py:879} INFO - 
================================================================================
DAG File Processing Stats

File Path                                PID    Runtime      # DAGs    # Errors  Last Runtime    Last Run
---------------------------------------  -----  ---------  --------  ----------  --------------  -------------------
/opt/airflow/dags/batch_pipeline_dag.py                           1           0  0.15s           2026-04-25T12:34:38
================================================================================
[2026-04-25T12:35:37.774+0000] {manager.py:879} INFO - 
================================================================================
DAG File Processing Stats

File Path                                PID    Runtime      # DAGs    # Errors  Last Runtime    Last Run
---------------------------------------  -----  ---------  --------  ----------  --------------  -------------------
/opt/airflow/dags/batch_pipeline_dag.py                           1           0  0.15s           2026-04-25T12:35:08
================================================================================
[2026-04-25T12:36:08.094+0000] {manager.py:879} INFO - 
================================================================================
DAG File Processing Stats

File Path                                PID    Runtime      # DAGs    # Errors  Last Runtime    Last Run
---------------------------------------  -----  ---------  --------  ----------  --------------  -------------------
/opt/airflow/dags/batch_pipeline_dag.py                           1           0  0.14s           2026-04-25T12:35:38
================================================================================
[2026-04-25T12:36:38.313+0000] {manager.py:879} INFO - 
================================================================================
DAG File Processing Stats

File Path                                PID    Runtime      # DAGs    # Errors  Last Runtime    Last Run
---------------------------------------  -----  ---------  --------  ----------  --------------  -------------------
/opt/airflow/dags/batch_pipeline_dag.py                           1           0  0.16s           2026-04-25T12:36:09
================================================================================
[2026-04-25T12:36:56.558+0000] {manager.py:738} INFO - Searching for files in /opt/airflow/dags
[2026-04-25T12:36:56.565+0000] {manager.py:741} INFO - There are 1 files in /opt/airflow/dags
[2026-04-25T12:37:08.666+0000] {manager.py:879} INFO - 
================================================================================
DAG File Processing Stats

File Path                                PID    Runtime      # DAGs    # Errors  Last Runtime    Last Run
---------------------------------------  -----  ---------  --------  ----------  --------------  -------------------
/opt/airflow/dags/batch_pipeline_dag.py                           1           0  0.15s           2026-04-25T12:36:39
================================================================================
[2026-04-25T12:37:38.886+0000] {manager.py:879} INFO - 
================================================================================
DAG File Processing Stats

File Path                                PID    Runtime      # DAGs    # Errors  Last Runtime    Last Run
---------------------------------------  -----  ---------  --------  ----------  --------------  -------------------
/opt/airflow/dags/batch_pipeline_dag.py                           1           0  0.15s           2026-04-25T12:37:09
================================================================================
[2026-04-25T12:38:09.226+0000] {manager.py:879} INFO - 
================================================================================
DAG File Processing Stats

File Path                                PID    Runtime      # DAGs    # Errors  Last Runtime    Last Run
---------------------------------------  -----  ---------  --------  ----------  --------------  -------------------
/opt/airflow/dags/batch_pipeline_dag.py                           1           0  0.15s           2026-04-25T12:37:40
================================================================================
[2026-04-25T12:38:39.438+0000] {manager.py:879} INFO - 
================================================================================
DAG File Processing Stats

File Path                                PID    Runtime      # DAGs    # Errors  Last Runtime    Last Run
---------------------------------------  -----  ---------  --------  ----------  --------------  -------------------
/opt/airflow/dags/batch_pipeline_dag.py                           1           0  0.15s           2026-04-25T12:38:10
================================================================================
[2026-04-25T12:39:09.776+0000] {manager.py:879} INFO - 
================================================================================
DAG File Processing Stats

File Path                                PID    Runtime      # DAGs    # Errors  Last Runtime    Last Run
---------------------------------------  -----  ---------  --------  ----------  --------------  -------------------
/opt/airflow/dags/batch_pipeline_dag.py                           1           0  0.14s           2026-04-25T12:38:40
================================================================================
[2026-04-25T12:39:39.998+0000] {manager.py:879} INFO - 
================================================================================
DAG File Processing Stats

File Path                                PID    Runtime      # DAGs    # Errors  Last Runtime    Last Run
---------------------------------------  -----  ---------  --------  ----------  --------------  -------------------
/opt/airflow/dags/batch_pipeline_dag.py                           1           0  0.15s           2026-04-25T12:39:10
================================================================================
[2026-04-25T12:40:10.301+0000] {manager.py:879} INFO - 
================================================================================
DAG File Processing Stats

File Path                                PID    Runtime      # DAGs    # Errors  Last Runtime    Last Run
---------------------------------------  -----  ---------  --------  ----------  --------------  -------------------
/opt/airflow/dags/batch_pipeline_dag.py                           1           0  0.24s           2026-04-25T12:39:41
================================================================================
[2026-04-25T12:40:40.528+0000] {manager.py:879} INFO - 
================================================================================
DAG File Processing Stats

File Path                                PID    Runtime      # DAGs    # Errors  Last Runtime    Last Run
---------------------------------------  -----  ---------  --------  ----------  --------------  -------------------
/opt/airflow/dags/batch_pipeline_dag.py                           1           0  0.14s           2026-04-25T12:40:11
================================================================================
[2026-04-25T12:41:10.850+0000] {manager.py:879} INFO - 
================================================================================
DAG File Processing Stats

File Path                                PID    Runtime      # DAGs    # Errors  Last Runtime    Last Run
---------------------------------------  -----  ---------  --------  ----------  --------------  -------------------
/opt/airflow/dags/batch_pipeline_dag.py                           1           0  0.15s           2026-04-25T12:40:41
================================================================================
[2026-04-25T12:41:41.061+0000] {manager.py:879} INFO - 
================================================================================
DAG File Processing Stats

File Path                                PID    Runtime      # DAGs    # Errors  Last Runtime    Last Run
---------------------------------------  -----  ---------  --------  ----------  --------------  -------------------
/opt/airflow/dags/batch_pipeline_dag.py                           1           0  0.14s           2026-04-25T12:41:12
================================================================================
[2026-04-25T12:41:57.287+0000] {manager.py:738} INFO - Searching for files in /opt/airflow/dags
[2026-04-25T12:41:57.289+0000] {manager.py:741} INFO - There are 1 files in /opt/airflow/dags
[2026-04-25T12:42:11.408+0000] {manager.py:879} INFO - 
================================================================================
DAG File Processing Stats

File Path                                PID    Runtime      # DAGs    # Errors  Last Runtime    Last Run
---------------------------------------  -----  ---------  --------  ----------  --------------  -------------------
/opt/airflow/dags/batch_pipeline_dag.py                           1           0  0.15s           2026-04-25T12:41:42
================================================================================
[2026-04-25T12:42:41.606+0000] {manager.py:879} INFO - 
================================================================================
DAG File Processing Stats

File Path                                PID    Runtime      # DAGs    # Errors  Last Runtime    Last Run
---------------------------------------  -----  ---------  --------  ----------  --------------  -------------------
/opt/airflow/dags/batch_pipeline_dag.py                           1           0  0.15s           2026-04-25T12:42:12
================================================================================
[2026-04-25T12:43:11.931+0000] {manager.py:879} INFO - 
================================================================================
DAG File Processing Stats

File Path                                PID    Runtime      # DAGs    # Errors  Last Runtime    Last Run
---------------------------------------  -----  ---------  --------  ----------  --------------  -------------------
/opt/airflow/dags/batch_pipeline_dag.py                           1           0  0.14s           2026-04-25T12:42:42
================================================================================
[2026-04-25T12:43:42.164+0000] {manager.py:879} INFO - 
================================================================================
DAG File Processing Stats

File Path                                PID    Runtime      # DAGs    # Errors  Last Runtime    Last Run
---------------------------------------  -----  ---------  --------  ----------  --------------  -------------------
/opt/airflow/dags/batch_pipeline_dag.py                           1           0  0.15s           2026-04-25T12:43:13
================================================================================
[2026-04-25T12:44:12.487+0000] {manager.py:879} INFO - 
================================================================================
DAG File Processing Stats

File Path                                PID    Runtime      # DAGs    # Errors  Last Runtime    Last Run
---------------------------------------  -----  ---------  --------  ----------  --------------  -------------------
/opt/airflow/dags/batch_pipeline_dag.py                           1           0  0.31s           2026-04-25T12:43:43
================================================================================
[2026-04-25T12:44:42.892+0000] {manager.py:879} INFO - 
================================================================================
DAG File Processing Stats

File Path                                PID    Runtime      # DAGs    # Errors  Last Runtime    Last Run
---------------------------------------  -----  ---------  --------  ----------  --------------  -------------------
/opt/airflow/dags/batch_pipeline_dag.py                           1           0  0.24s           2026-04-25T12:44:13
================================================================================
[2026-04-25T12:45:13.174+0000] {manager.py:879} INFO - 
================================================================================
DAG File Processing Stats

File Path                                PID    Runtime      # DAGs    # Errors  Last Runtime    Last Run
---------------------------------------  -----  ---------  --------  ----------  --------------  -------------------
/opt/airflow/dags/batch_pipeline_dag.py                           1           0  0.23s           2026-04-25T12:44:44
================================================================================
[2026-04-25T12:45:43.516+0000] {manager.py:879} INFO - 
================================================================================
DAG File Processing Stats

File Path                                PID    Runtime      # DAGs    # Errors  Last Runtime    Last Run
---------------------------------------  -----  ---------  --------  ----------  --------------  -------------------
/opt/airflow/dags/batch_pipeline_dag.py                           1           0  0.19s           2026-04-25T12:45:14
================================================================================
[2026-04-25T12:46:13.764+0000] {manager.py:879} INFO - 
================================================================================
DAG File Processing Stats

File Path                                PID    Runtime      # DAGs    # Errors  Last Runtime    Last Run
---------------------------------------  -----  ---------  --------  ----------  --------------  -------------------
/opt/airflow/dags/batch_pipeline_dag.py                           1           0  0.35s           2026-04-25T12:45:44
================================================================================
[2026-04-25T12:46:44.303+0000] {manager.py:879} INFO - 
================================================================================
DAG File Processing Stats

File Path                                PID    Runtime      # DAGs    # Errors  Last Runtime    Last Run
---------------------------------------  -----  ---------  --------  ----------  --------------  -------------------
/opt/airflow/dags/batch_pipeline_dag.py                           1           0  0.37s           2026-04-25T12:46:15
================================================================================
[2026-04-25T12:46:57.742+0000] {manager.py:738} INFO - Searching for files in /opt/airflow/dags
[2026-04-25T12:46:57.744+0000] {manager.py:741} INFO - There are 1 files in /opt/airflow/dags
[2026-04-25T12:47:14.881+0000] {manager.py:879} INFO - 
================================================================================
DAG File Processing Stats

File Path                                PID    Runtime      # DAGs    # Errors  Last Runtime    Last Run
---------------------------------------  -----  ---------  --------  ----------  --------------  -------------------
/opt/airflow/dags/batch_pipeline_dag.py                           1           0  0.20s           2026-04-25T12:46:45
================================================================================
[2026-04-25T12:47:45.287+0000] {manager.py:879} INFO - 
================================================================================
DAG File Processing Stats

File Path                                PID    Runtime      # DAGs    # Errors  Last Runtime    Last Run
---------------------------------------  -----  ---------  --------  ----------  --------------  -------------------
/opt/airflow/dags/batch_pipeline_dag.py                           1           0  0.21s           2026-04-25T12:47:16
================================================================================
[2026-04-25T12:48:15.514+0000] {manager.py:879} INFO - 
================================================================================
DAG File Processing Stats

File Path                                PID    Runtime      # DAGs    # Errors  Last Runtime    Last Run
---------------------------------------  -----  ---------  --------  ----------  --------------  -------------------
/opt/airflow/dags/batch_pipeline_dag.py                           1           0  0.18s           2026-04-25T12:47:46
================================================================================
[2026-04-25T12:48:45.892+0000] {manager.py:879} INFO - 
================================================================================
DAG File Processing Stats

File Path                                PID    Runtime      # DAGs    # Errors  Last Runtime    Last Run
---------------------------------------  -----  ---------  --------  ----------  --------------  -------------------
/opt/airflow/dags/batch_pipeline_dag.py                           1           0  0.18s           2026-04-25T12:48:16
================================================================================
[2026-04-25T12:49:16.291+0000] {manager.py:879} INFO - 
================================================================================
DAG File Processing Stats

File Path                                PID    Runtime      # DAGs    # Errors  Last Runtime    Last Run
---------------------------------------  -----  ---------  --------  ----------  --------------  -------------------
/opt/airflow/dags/batch_pipeline_dag.py                           1           0  1.15s           2026-04-25T12:48:48
================================================================================
[2026-04-25T12:49:46.548+0000] {manager.py:879} INFO - 
================================================================================
DAG File Processing Stats

File Path                                PID    Runtime      # DAGs    # Errors  Last Runtime    Last Run
---------------------------------------  -----  ---------  --------  ----------  --------------  -------------------
/opt/airflow/dags/batch_pipeline_dag.py                           1           0  0.18s           2026-04-25T12:49:18
================================================================================
[2026-04-25T12:50:16.915+0000] {manager.py:879} INFO - 
================================================================================
DAG File Processing Stats

File Path                                PID    Runtime      # DAGs    # Errors  Last Runtime    Last Run
---------------------------------------  -----  ---------  --------  ----------  --------------  -------------------
/opt/airflow/dags/batch_pipeline_dag.py                           1           0  0.54s           2026-04-25T12:49:49
================================================================================
[2026-04-25T12:50:47.508+0000] {manager.py:879} INFO - 
================================================================================
DAG File Processing Stats

File Path                                PID    Runtime      # DAGs    # Errors  Last Runtime    Last Run
---------------------------------------  -----  ---------  --------  ----------  --------------  -------------------
/opt/airflow/dags/batch_pipeline_dag.py                           1           0  0.15s           2026-04-25T12:50:19
================================================================================
[2026-04-25T12:51:17.822+0000] {manager.py:879} INFO - 
================================================================================
DAG File Processing Stats

File Path                                PID    Runtime      # DAGs    # Errors  Last Runtime    Last Run
---------------------------------------  -----  ---------  --------  ----------  --------------  -------------------
/opt/airflow/dags/batch_pipeline_dag.py                           1           0  0.16s           2026-04-25T12:50:49
================================================================================
[2026-04-25T12:51:48.082+0000] {manager.py:879} INFO - 
================================================================================
DAG File Processing Stats

File Path                                PID    Runtime      # DAGs    # Errors  Last Runtime    Last Run
---------------------------------------  -----  ---------  --------  ----------  --------------  -------------------
/opt/airflow/dags/batch_pipeline_dag.py                           1           0  0.18s           2026-04-25T12:51:20
================================================================================
[2026-04-25T12:51:58.270+0000] {manager.py:738} INFO - Searching for files in /opt/airflow/dags
[2026-04-25T12:51:58.272+0000] {manager.py:741} INFO - There are 1 files in /opt/airflow/dags
[2026-04-25T12:52:18.447+0000] {manager.py:879} INFO - 
================================================================================
DAG File Processing Stats

File Path                                PID    Runtime      # DAGs    # Errors  Last Runtime    Last Run
---------------------------------------  -----  ---------  --------  ----------  --------------  -------------------
/opt/airflow/dags/batch_pipeline_dag.py                           1           0  0.20s           2026-04-25T12:51:50
================================================================================
[2026-04-25T12:52:48.779+0000] {manager.py:879} INFO - 
================================================================================
DAG File Processing Stats

File Path                                PID    Runtime      # DAGs    # Errors  Last Runtime    Last Run
---------------------------------------  -----  ---------  --------  ----------  --------------  -------------------
/opt/airflow/dags/batch_pipeline_dag.py                           1           0  0.26s           2026-04-25T12:52:20
================================================================================
[2026-04-25T12:53:19.187+0000] {manager.py:879} INFO - 
================================================================================
DAG File Processing Stats

File Path                                PID    Runtime      # DAGs    # Errors  Last Runtime    Last Run
---------------------------------------  -----  ---------  --------  ----------  --------------  -------------------
/opt/airflow/dags/batch_pipeline_dag.py                           1           0  0.26s           2026-04-25T12:53:08
================================================================================
[2026-04-25T12:53:49.608+0000] {manager.py:879} INFO - 
================================================================================
DAG File Processing Stats

File Path                                PID    Runtime      # DAGs    # Errors  Last Runtime    Last Run
---------------------------------------  -----  ---------  --------  ----------  --------------  -------------------
/opt/airflow/dags/batch_pipeline_dag.py                           1           0  0.18s           2026-04-25T12:53:38
================================================================================
[2026-04-25T12:54:19.988+0000] {manager.py:879} INFO - 
================================================================================
DAG File Processing Stats

File Path                                PID    Runtime      # DAGs    # Errors  Last Runtime    Last Run
---------------------------------------  -----  ---------  --------  ----------  --------------  -------------------
/opt/airflow/dags/batch_pipeline_dag.py                           1           0  0.20s           2026-04-25T12:54:08
================================================================================
[2026-04-25T12:54:50.207+0000] {manager.py:879} INFO - 
================================================================================
DAG File Processing Stats

File Path                                PID    Runtime      # DAGs    # Errors  Last Runtime    Last Run
---------------------------------------  -----  ---------  --------  ----------  --------------  -------------------
/opt/airflow/dags/batch_pipeline_dag.py                           1           0  0.19s           2026-04-25T12:54:39
================================================================================
[2026-04-25T12:55:20.569+0000] {manager.py:879} INFO - 
================================================================================
DAG File Processing Stats

File Path                                PID    Runtime      # DAGs    # Errors  Last Runtime    Last Run
---------------------------------------  -----  ---------  --------  ----------  --------------  -------------------
/opt/airflow/dags/batch_pipeline_dag.py                           1           0  0.16s           2026-04-25T12:55:09
================================================================================
[2026-04-25T12:55:50.771+0000] {manager.py:879} INFO - 
================================================================================
DAG File Processing Stats

File Path                                PID    Runtime      # DAGs    # Errors  Last Runtime    Last Run
---------------------------------------  -----  ---------  --------  ----------  --------------  -------------------
/opt/airflow/dags/batch_pipeline_dag.py                           1           0  0.15s           2026-04-25T12:55:39
================================================================================
[2026-04-25T12:56:21.116+0000] {manager.py:879} INFO - 
================================================================================
DAG File Processing Stats

File Path                                PID    Runtime      # DAGs    # Errors  Last Runtime    Last Run
---------------------------------------  -----  ---------  --------  ----------  --------------  -------------------
/opt/airflow/dags/batch_pipeline_dag.py                           1           0  0.29s           2026-04-25T12:56:10
================================================================================
[2026-04-25T12:56:51.501+0000] {manager.py:879} INFO - 
================================================================================
DAG File Processing Stats

File Path                                PID    Runtime      # DAGs    # Errors  Last Runtime    Last Run
---------------------------------------  -----  ---------  --------  ----------  --------------  -------------------
/opt/airflow/dags/batch_pipeline_dag.py                           1           0  0.26s           2026-04-25T12:56:40
================================================================================
[2026-04-25T12:56:58.550+0000] {manager.py:738} INFO - Searching for files in /opt/airflow/dags
[2026-04-25T12:56:58.554+0000] {manager.py:741} INFO - There are 1 files in /opt/airflow/dags
[2026-04-25T12:57:21.822+0000] {manager.py:879} INFO - 
================================================================================
DAG File Processing Stats

File Path                                PID    Runtime      # DAGs    # Errors  Last Runtime    Last Run
---------------------------------------  -----  ---------  --------  ----------  --------------  -------------------
/opt/airflow/dags/batch_pipeline_dag.py                           1           0  0.20s           2026-04-25T12:57:10
================================================================================
[2026-04-25T12:57:52.160+0000] {manager.py:879} INFO - 
================================================================================
DAG File Processing Stats

File Path                                PID    Runtime      # DAGs    # Errors  Last Runtime    Last Run
---------------------------------------  -----  ---------  --------  ----------  --------------  -------------------
/opt/airflow/dags/batch_pipeline_dag.py                           1           0  0.27s           2026-04-25T12:57:41
================================================================================
[2026-04-25T12:58:22.506+0000] {manager.py:879} INFO - 
================================================================================
DAG File Processing Stats

File Path                                PID    Runtime      # DAGs    # Errors  Last Runtime    Last Run
---------------------------------------  -----  ---------  --------  ----------  --------------  -------------------
/opt/airflow/dags/batch_pipeline_dag.py                           1           0  0.16s           2026-04-25T12:58:11
================================================================================
[2026-04-25T12:58:52.709+0000] {manager.py:879} INFO - 
================================================================================
DAG File Processing Stats

File Path                                PID    Runtime      # DAGs    # Errors  Last Runtime    Last Run
---------------------------------------  -----  ---------  --------  ----------  --------------  -------------------
/opt/airflow/dags/batch_pipeline_dag.py                           1           0  0.15s           2026-04-25T12:58:41
================================================================================
[2026-04-25T12:59:23.038+0000] {manager.py:879} INFO - 
================================================================================
DAG File Processing Stats

File Path                                PID    Runtime      # DAGs    # Errors  Last Runtime    Last Run
---------------------------------------  -----  ---------  --------  ----------  --------------  -------------------
/opt/airflow/dags/batch_pipeline_dag.py                           1           0  0.17s           2026-04-25T12:59:12
================================================================================
[2026-04-25T12:59:53.284+0000] {manager.py:879} INFO - 
================================================================================
DAG File Processing Stats

File Path                                PID    Runtime      # DAGs    # Errors  Last Runtime    Last Run
---------------------------------------  -----  ---------  --------  ----------  --------------  -------------------
/opt/airflow/dags/batch_pipeline_dag.py                           1           0  0.18s           2026-04-25T12:59:42
================================================================================
[2026-04-25T13:00:23.608+0000] {manager.py:879} INFO - 
================================================================================
DAG File Processing Stats

File Path                                PID    Runtime      # DAGs    # Errors  Last Runtime    Last Run
---------------------------------------  -----  ---------  --------  ----------  --------------  -------------------
/opt/airflow/dags/batch_pipeline_dag.py                           1           0  0.15s           2026-04-25T13:00:12
================================================================================
[2026-04-25T13:00:53.844+0000] {manager.py:879} INFO - 
================================================================================
DAG File Processing Stats

File Path                                PID    Runtime      # DAGs    # Errors  Last Runtime    Last Run
---------------------------------------  -----  ---------  --------  ----------  --------------  -------------------
/opt/airflow/dags/batch_pipeline_dag.py                           1           0  0.20s           2026-04-25T13:00:42
================================================================================
[2026-04-25T13:01:24.230+0000] {manager.py:879} INFO - 
================================================================================
DAG File Processing Stats

File Path                                PID    Runtime      # DAGs    # Errors  Last Runtime    Last Run
---------------------------------------  -----  ---------  --------  ----------  --------------  -------------------
/opt/airflow/dags/batch_pipeline_dag.py                           1           0  0.29s           2026-04-25T13:01:13
================================================================================
[2026-04-25T13:01:54.571+0000] {manager.py:879} INFO - 
================================================================================
DAG File Processing Stats

File Path                                PID    Runtime      # DAGs    # Errors  Last Runtime    Last Run
---------------------------------------  -----  ---------  --------  ----------  --------------  -------------------
/opt/airflow/dags/batch_pipeline_dag.py                           1           0  0.19s           2026-04-25T13:01:43
================================================================================
[2026-04-25T13:01:58.593+0000] {manager.py:738} INFO - Searching for files in /opt/airflow/dags
[2026-04-25T13:01:58.598+0000] {manager.py:741} INFO - There are 1 files in /opt/airflow/dags
[2026-04-25T13:02:24.842+0000] {manager.py:879} INFO - 
================================================================================
DAG File Processing Stats

File Path                                PID    Runtime      # DAGs    # Errors  Last Runtime    Last Run
---------------------------------------  -----  ---------  --------  ----------  --------------  -------------------
/opt/airflow/dags/batch_pipeline_dag.py                           1           0  0.19s           2026-04-25T13:02:13
================================================================================
[2026-04-25T13:02:55.365+0000] {manager.py:879} INFO - 
================================================================================
DAG File Processing Stats

File Path                                PID    Runtime      # DAGs    # Errors  Last Runtime    Last Run
---------------------------------------  -----  ---------  --------  ----------  --------------  -------------------
/opt/airflow/dags/batch_pipeline_dag.py                           1           0  0.25s           2026-04-25T13:02:44
================================================================================
[2026-04-25T13:03:25.688+0000] {manager.py:879} INFO - 
================================================================================
DAG File Processing Stats

File Path                                PID    Runtime      # DAGs    # Errors  Last Runtime    Last Run
---------------------------------------  -----  ---------  --------  ----------  --------------  -------------------
/opt/airflow/dags/batch_pipeline_dag.py                           1           0  0.56s           2026-04-25T13:03:15
================================================================================
[2026-04-25T13:03:56.371+0000] {manager.py:879} INFO - 
================================================================================
DAG File Processing Stats

File Path                                PID    Runtime      # DAGs    # Errors  Last Runtime    Last Run
---------------------------------------  -----  ---------  --------  ----------  --------------  -------------------
/opt/airflow/dags/batch_pipeline_dag.py                           1           0  0.16s           2026-04-25T13:03:45
================================================================================
[2026-04-25T13:04:26.727+0000] {manager.py:879} INFO - 
================================================================================
DAG File Processing Stats

File Path                                PID    Runtime      # DAGs    # Errors  Last Runtime    Last Run
---------------------------------------  -----  ---------  --------  ----------  --------------  -------------------
/opt/airflow/dags/batch_pipeline_dag.py                           1           0  0.17s           2026-04-25T13:04:15
================================================================================
[2026-04-25T13:04:56.941+0000] {manager.py:879} INFO - 
================================================================================
DAG File Processing Stats

File Path                                PID    Runtime      # DAGs    # Errors  Last Runtime    Last Run
---------------------------------------  -----  ---------  --------  ----------  --------------  -------------------
/opt/airflow/dags/batch_pipeline_dag.py                           1           0  0.15s           2026-04-25T13:04:46
================================================================================
[2026-04-25T13:05:27.281+0000] {manager.py:879} INFO - 
================================================================================
DAG File Processing Stats

File Path                                PID    Runtime      # DAGs    # Errors  Last Runtime    Last Run
---------------------------------------  -----  ---------  --------  ----------  --------------  -------------------
/opt/airflow/dags/batch_pipeline_dag.py                           1           0  0.14s           2026-04-25T13:05:16
================================================================================
[2026-04-25T13:05:57.535+0000] {manager.py:879} INFO - 
================================================================================
DAG File Processing Stats

File Path                                PID    Runtime      # DAGs    # Errors  Last Runtime    Last Run
---------------------------------------  -----  ---------  --------  ----------  --------------  -------------------
/opt/airflow/dags/batch_pipeline_dag.py                           1           0  0.16s           2026-04-25T13:05:46
================================================================================
[2026-04-25T13:06:27.857+0000] {manager.py:879} INFO - 
================================================================================
DAG File Processing Stats

File Path                                PID    Runtime      # DAGs    # Errors  Last Runtime    Last Run
---------------------------------------  -----  ---------  --------  ----------  --------------  -------------------
/opt/airflow/dags/batch_pipeline_dag.py                           1           0  0.18s           2026-04-25T13:06:16
================================================================================
[2026-04-25T13:06:58.127+0000] {manager.py:879} INFO - 
================================================================================
DAG File Processing Stats

File Path                                PID    Runtime      # DAGs    # Errors  Last Runtime    Last Run
---------------------------------------  -----  ---------  --------  ----------  --------------  -------------------
/opt/airflow/dags/batch_pipeline_dag.py                           1           0  0.31s           2026-04-25T13:06:47
================================================================================
[2026-04-25T13:06:59.135+0000] {manager.py:738} INFO - Searching for files in /opt/airflow/dags
[2026-04-25T13:06:59.138+0000] {manager.py:741} INFO - There are 1 files in /opt/airflow/dags
[2026-04-25T13:07:28.572+0000] {manager.py:879} INFO - 
================================================================================
DAG File Processing Stats

File Path                                PID    Runtime      # DAGs    # Errors  Last Runtime    Last Run
---------------------------------------  -----  ---------  --------  ----------  --------------  -------------------
/opt/airflow/dags/batch_pipeline_dag.py                           1           0  0.19s           2026-04-25T13:07:17
================================================================================
[2026-04-25T13:07:58.943+0000] {manager.py:879} INFO - 
================================================================================
DAG File Processing Stats

File Path                                PID    Runtime      # DAGs    # Errors  Last Runtime    Last Run
---------------------------------------  -----  ---------  --------  ----------  --------------  -------------------
/opt/airflow/dags/batch_pipeline_dag.py                           1           0  0.16s           2026-04-25T13:07:47
================================================================================
[2026-04-25T13:08:29.424+0000] {manager.py:879} INFO - 
================================================================================
DAG File Processing Stats

File Path                                PID    Runtime      # DAGs    # Errors  Last Runtime    Last Run
---------------------------------------  -----  ---------  --------  ----------  --------------  -------------------
/opt/airflow/dags/batch_pipeline_dag.py                           1           0  0.35s           2026-04-25T13:08:18
================================================================================
[2026-04-25T13:09:00.037+0000] {manager.py:879} INFO - 
================================================================================
DAG File Processing Stats

File Path                                PID    Runtime      # DAGs    # Errors  Last Runtime    Last Run
---------------------------------------  -----  ---------  --------  ----------  --------------  -------------------
/opt/airflow/dags/batch_pipeline_dag.py                           1           0  0.19s           2026-04-25T13:08:49
================================================================================
[2026-04-25T13:09:30.391+0000] {manager.py:879} INFO - 
================================================================================
DAG File Processing Stats

File Path                                PID    Runtime      # DAGs    # Errors  Last Runtime    Last Run
---------------------------------------  -----  ---------  --------  ----------  --------------  -------------------
/opt/airflow/dags/batch_pipeline_dag.py                           1           0  0.33s           2026-04-25T13:09:19
================================================================================
[2026-04-25T13:10:00.773+0000] {manager.py:879} INFO - 
================================================================================
DAG File Processing Stats

File Path                                PID    Runtime      # DAGs    # Errors  Last Runtime    Last Run
---------------------------------------  -----  ---------  --------  ----------  --------------  -------------------
/opt/airflow/dags/batch_pipeline_dag.py                           1           0  0.31s           2026-04-25T13:09:49
================================================================================
[2026-04-25T13:10:31.125+0000] {manager.py:879} INFO - 
================================================================================
DAG File Processing Stats

File Path                                PID    Runtime      # DAGs    # Errors  Last Runtime    Last Run
---------------------------------------  -----  ---------  --------  ----------  --------------  -------------------
/opt/airflow/dags/batch_pipeline_dag.py                           1           0  0.19s           2026-04-25T13:10:20
================================================================================
[2026-04-25T13:11:01.377+0000] {manager.py:879} INFO - 
================================================================================
DAG File Processing Stats

File Path                                PID    Runtime      # DAGs    # Errors  Last Runtime    Last Run
---------------------------------------  -----  ---------  --------  ----------  --------------  -------------------
/opt/airflow/dags/batch_pipeline_dag.py                           1           0  0.16s           2026-04-25T13:10:50
================================================================================
[2026-04-25T13:11:31.723+0000] {manager.py:879} INFO - 
================================================================================
DAG File Processing Stats

File Path                                PID    Runtime      # DAGs    # Errors  Last Runtime    Last Run
---------------------------------------  -----  ---------  --------  ----------  --------------  -------------------
/opt/airflow/dags/batch_pipeline_dag.py                           1           0  0.18s           2026-04-25T13:11:20
================================================================================
[2026-04-25T13:11:59.209+0000] {manager.py:738} INFO - Searching for files in /opt/airflow/dags
[2026-04-25T13:11:59.212+0000] {manager.py:741} INFO - There are 1 files in /opt/airflow/dags
[2026-04-25T13:12:01.985+0000] {manager.py:879} INFO - 
================================================================================
DAG File Processing Stats

File Path                                PID    Runtime      # DAGs    # Errors  Last Runtime    Last Run
---------------------------------------  -----  ---------  --------  ----------  --------------  -------------------
/opt/airflow/dags/batch_pipeline_dag.py                           1           0  0.26s           2026-04-25T13:11:34
================================================================================
[2026-04-25T13:12:32.583+0000] {manager.py:879} INFO - 
================================================================================
DAG File Processing Stats

File Path                                PID    Runtime      # DAGs    # Errors  Last Runtime    Last Run
---------------------------------------  -----  ---------  --------  ----------  --------------  -------------------
/opt/airflow/dags/batch_pipeline_dag.py                           1           0  0.20s           2026-04-25T13:12:04
================================================================================
[2026-04-25T13:13:02.935+0000] {manager.py:879} INFO - 
================================================================================
DAG File Processing Stats

File Path                                PID    Runtime      # DAGs    # Errors  Last Runtime    Last Run
---------------------------------------  -----  ---------  --------  ----------  --------------  -------------------
/opt/airflow/dags/batch_pipeline_dag.py                           1           0  0.15s           2026-04-25T13:12:34
================================================================================
[2026-04-25T13:13:33.173+0000] {manager.py:879} INFO - 
================================================================================
DAG File Processing Stats

File Path                                PID    Runtime      # DAGs    # Errors  Last Runtime    Last Run
---------------------------------------  -----  ---------  --------  ----------  --------------  -------------------
/opt/airflow/dags/batch_pipeline_dag.py                           1           0  0.19s           2026-04-25T13:13:05
================================================================================
[2026-04-25T13:14:03.586+0000] {manager.py:879} INFO - 
================================================================================
DAG File Processing Stats

File Path                                PID    Runtime      # DAGs    # Errors  Last Runtime    Last Run
---------------------------------------  -----  ---------  --------  ----------  --------------  -------------------
/opt/airflow/dags/batch_pipeline_dag.py                           1           0  0.29s           2026-04-25T13:13:35
================================================================================
[2026-04-25T13:14:34.009+0000] {manager.py:879} INFO - 
================================================================================
DAG File Processing Stats

File Path                                PID    Runtime      # DAGs    # Errors  Last Runtime    Last Run
---------------------------------------  -----  ---------  --------  ----------  --------------  -------------------
/opt/airflow/dags/batch_pipeline_dag.py                           1           0  0.19s           2026-04-25T13:14:05
================================================================================
[2026-04-25T13:15:04.217+0000] {manager.py:879} INFO - 
================================================================================
DAG File Processing Stats

File Path                                PID    Runtime      # DAGs    # Errors  Last Runtime    Last Run
---------------------------------------  -----  ---------  --------  ----------  --------------  -------------------
/opt/airflow/dags/batch_pipeline_dag.py                           1           0  0.14s           2026-04-25T13:14:36
================================================================================
[2026-04-25T13:15:34.544+0000] {manager.py:879} INFO - 
================================================================================
DAG File Processing Stats

File Path                                PID    Runtime      # DAGs    # Errors  Last Runtime    Last Run
---------------------------------------  -----  ---------  --------  ----------  --------------  -------------------
/opt/airflow/dags/batch_pipeline_dag.py                           1           0  0.15s           2026-04-25T13:15:06
================================================================================
[2026-04-25T13:16:04.823+0000] {manager.py:879} INFO - 
================================================================================
DAG File Processing Stats

File Path                                PID    Runtime      # DAGs    # Errors  Last Runtime    Last Run
---------------------------------------  -----  ---------  --------  ----------  --------------  -------------------
/opt/airflow/dags/batch_pipeline_dag.py                           1           0  0.17s           2026-04-25T13:15:36
================================================================================
[2026-04-25T13:16:35.152+0000] {manager.py:879} INFO - 
================================================================================
DAG File Processing Stats

File Path                                PID    Runtime      # DAGs    # Errors  Last Runtime    Last Run
---------------------------------------  -----  ---------  --------  ----------  --------------  -------------------
/opt/airflow/dags/batch_pipeline_dag.py                           1           0  0.32s           2026-04-25T13:16:07
================================================================================
[2026-04-25T13:16:59.537+0000] {manager.py:738} INFO - Searching for files in /opt/airflow/dags
[2026-04-25T13:16:59.543+0000] {manager.py:741} INFO - There are 1 files in /opt/airflow/dags
[2026-04-25T13:17:05.604+0000] {manager.py:879} INFO - 
================================================================================
DAG File Processing Stats

File Path                                PID    Runtime      # DAGs    # Errors  Last Runtime    Last Run
---------------------------------------  -----  ---------  --------  ----------  --------------  -------------------
/opt/airflow/dags/batch_pipeline_dag.py                           1           0  0.18s           2026-04-25T13:16:37
================================================================================
[2026-04-25T13:17:35.832+0000] {manager.py:879} INFO - 
================================================================================
DAG File Processing Stats

File Path                                PID    Runtime      # DAGs    # Errors  Last Runtime    Last Run
---------------------------------------  -----  ---------  --------  ----------  --------------  -------------------
/opt/airflow/dags/batch_pipeline_dag.py                           1           0  0.14s           2026-04-25T13:17:07
================================================================================
[2026-04-25T13:18:06.275+0000] {manager.py:879} INFO - 
================================================================================
DAG File Processing Stats

File Path                                PID    Runtime      # DAGs    # Errors  Last Runtime    Last Run
---------------------------------------  -----  ---------  --------  ----------  --------------  -------------------
/opt/airflow/dags/batch_pipeline_dag.py                           1           0  0.27s           2026-04-25T13:17:38
================================================================================
[2026-04-25T13:18:36.595+0000] {manager.py:879} INFO - 
================================================================================
DAG File Processing Stats

File Path                                PID    Runtime      # DAGs    # Errors  Last Runtime    Last Run
---------------------------------------  -----  ---------  --------  ----------  --------------  -------------------
/opt/airflow/dags/batch_pipeline_dag.py                           1           0  0.25s           2026-04-25T13:18:08
================================================================================
[2026-04-25T13:19:06.979+0000] {manager.py:879} INFO - 
================================================================================
DAG File Processing Stats

File Path                                PID    Runtime      # DAGs    # Errors  Last Runtime    Last Run
---------------------------------------  -----  ---------  --------  ----------  --------------  -------------------
/opt/airflow/dags/batch_pipeline_dag.py                           1           0  0.34s           2026-04-25T13:18:38
================================================================================
[2026-04-25T13:19:37.355+0000] {manager.py:879} INFO - 
================================================================================
DAG File Processing Stats

File Path                                PID    Runtime      # DAGs    # Errors  Last Runtime    Last Run
---------------------------------------  -----  ---------  --------  ----------  --------------  -------------------
/opt/airflow/dags/batch_pipeline_dag.py                           1           0  0.16s           2026-04-25T13:19:09
================================================================================
[2026-04-25T13:20:07.620+0000] {manager.py:879} INFO - 
================================================================================
DAG File Processing Stats

File Path                                PID    Runtime      # DAGs    # Errors  Last Runtime    Last Run
---------------------------------------  -----  ---------  --------  ----------  --------------  -------------------
/opt/airflow/dags/batch_pipeline_dag.py                           1           0  0.17s           2026-04-25T13:19:39
================================================================================
